State,City,Date,Year,Month,Domestic_Tourists,International_Tourists,Tourism_Revenue_Cr,Popular_Attraction,Average_Spending_per_Tourist,Number_of_Hotels,Average_Hotel_Price,Events_or_Festivals,Weather_Condition,Mode_of_Transport,Average_Transport_Cost,Local_Transport_Used,Average_Stay_Days,Hotel_Occupancy_Rate(%),Tourist_Satisfaction_Score,Adventure_Activities,Medical_Facilities
Uttar Pradesh,Agra,01-01-2019,2019,January,14497,3053,18906.69,Wildlife Sanctuary,1.08,252,1657.21,Religious Event,Humid,Flight,2151.51,No,7.5,68.65,4.6,Yes,Poor
Uttar Pradesh,Agra,01-02-2019,2019,February,35463,2280,50930.9,Temple,1.35,470,2428.56,Crafts Mela,Humid,Bike,7004.74,Yes,2.6,87.33,3.7,No,Poor
Uttar Pradesh,Agra,01-03-2019,2019,March,29085,4430,52818.26,Fort,1.58,121,6871.24,Dance Festival,Snowy,Bike,6929.19,Yes,8.6,50.34,3.7,Yes,Average
Uttar Pradesh,Agra,01-04-2019,2019,April,47718,1751,46808.92,Hill Station,0.95,392,9323.11,Dance Festival,Snowy,Bus,5510.26,No,13.8,67.93,3.2,Yes,Good
Uttar Pradesh,Agra,01-05-2019,2019,May,49423,2535,61548.02,Museum,1.18,383,9691.1,Food Festival,Rainy,Car,6925.4,No,11.1,53.62,4.2,Yes,Average
Uttar Pradesh,Agra,01-06-2019,2019,June,46692,4609,77864.06,Backwaters,1.52,101,1845.73,Religious Event,Humid,Boat,4761.41,Yes,7.7,60.68,4.5,No,Average
Uttar Pradesh,Agra,01-07-2019,2019,July,48638,2825,60184,Desert Safari,1.17,343,6123.59,Sports Event,Cloudy,Bus,1611.35,Yes,11.9,59.91,4.9,Yes,Good
Uttar Pradesh,Agra,01-08-2019,2019,August,49399,1880,71415,Museum,1.39,50,4861.44,Food Festival,Humid,Bus,969.83,Yes,10.8,92.24,3.7,No,Average
Uttar Pradesh,Agra,01-09-2019,2019,September,11957,4916,20019.94,Museum,1.19,267,2639.39,Art Fair,Snowy,Train,994.1,No,6.3,63.75,3.8,No,Poor
Uttar Pradesh,Agra,01-10-2019,2019,October,14228,4979,30194.28,Desert Safari,1.57,196,8522.97,Sports Event,Humid,Car,4426.54,Yes,14.6,77.51,3.8,Yes,Average
Uttar Pradesh,Agra,01-11-2019,2019,November,14958,1104,18886.9,Fort,1.18,181,2336.24,Festival,Rainy,Bus,2599.08,No,10.7,93.72,3.6,Yes,Average
Uttar Pradesh,Agra,01-12-2019,2019,December,20575,2355,19473.08,Desert Safari,0.85,133,9135.16,Religious Event,Humid,Bike,2424.65,Yes,7.2,54.88,3.7,Yes,Good
Uttar Pradesh,Agra,01-01-2020,2020,January,35474,1219,53154.96,Cultural Festival,1.45,94,6195.69,Crafts Mela,Humid,Car,4999.1,No,13.8,64.41,4.7,Yes,Average
Uttar Pradesh,Agra,01-02-2020,2020,February,7388,1405,13908.62,Backwaters,1.58,170,8580.16,Dance Festival,Cloudy,Flight,4721.07,Yes,2.4,55.04,4.7,No,Average
Uttar Pradesh,Agra,01-03-2020,2020,March,8150,3190,17537.42,Museum,1.55,333,2615.89,Dance Festival,Humid,Flight,2081.03,No,6.2,91.72,4.5,No,Poor
Uttar Pradesh,Agra,01-04-2020,2020,April,32865,2917,30843.3,Temple,0.86,252,8155.38,Music Festival,Rainy,Flight,6782.06,No,2.8,54.92,3.2,Yes,Good
Uttar Pradesh,Agra,01-05-2020,2020,May,26532,1237,34080.45,Beach,1.23,286,2311.27,Dance Festival,Cloudy,Boat,1402.01,Yes,11.8,73.11,3.5,Yes,Average
Uttar Pradesh,Agra,01-06-2020,2020,June,49866,3083,68946.18,Cultural Festival,1.3,373,6107.43,Religious Event,Rainy,Bike,681.34,No,3.2,81.18,4.1,Yes,Poor
Uttar Pradesh,Agra,01-07-2020,2020,July,40285,4196,62012.15,Museum,1.39,373,7698.39,Crafts Mela,Cold,Train,7198.36,No,4.3,80.97,3,Yes,Good
Uttar Pradesh,Agra,01-08-2020,2020,August,25498,1488,40970.53,Desert Safari,1.52,372,2584.91,Art Fair,Sunny,Bike,3635.03,Yes,13.7,84.38,3.4,No,Average
Uttar Pradesh,Agra,01-09-2020,2020,September,26768,2605,41133.63,Temple,1.4,152,4673.63,Art Fair,Humid,Train,2787.64,Yes,7.8,62.46,4,Yes,Poor
Uttar Pradesh,Agra,01-10-2020,2020,October,44728,4653,63377.89,River Rafting,1.28,341,8624.01,Religious Event,Snowy,Flight,749.45,No,2.4,91.99,4.3,No,Average
Uttar Pradesh,Agra,01-11-2020,2020,November,35552,4158,68309.06,Temple,1.72,238,2875.08,Religious Event,Snowy,Boat,2060.59,Yes,12.4,61.08,4.8,Yes,Average
Uttar Pradesh,Agra,01-12-2020,2020,December,43147,4339,44206.66,Temple,0.93,428,9509.24,Music Festival,Sunny,Bus,5380.32,Yes,11.4,60.09,4,No,Average
Uttar Pradesh,Agra,01-01-2021,2021,January,6366,1465,11469.9,Wildlife Sanctuary,1.46,300,4023.39,Crafts Mela,Cold,Bike,3528.52,Yes,11,81.69,4.1,Yes,Good
Uttar Pradesh,Agra,01-02-2021,2021,February,6375,1114,7815.45,Cultural Festival,1.04,169,5926.32,Food Festival,Rainy,Boat,7392.48,No,10.1,83.69,4.5,Yes,Poor
Uttar Pradesh,Agra,01-03-2021,2021,March,35101,798,46699.03,Wildlife Sanctuary,1.3,55,6095.38,Crafts Mela,Cloudy,Flight,1812.84,No,7.1,87.59,4,No,Poor
Uttar Pradesh,Agra,01-04-2021,2021,April,39557,2653,42557.33,Fort,1.01,231,2008.68,Sports Event,Sunny,Flight,3877.97,No,2,89.82,4.6,Yes,Good
Uttar Pradesh,Agra,01-05-2021,2021,May,16419,4176,39932.84,Museum,1.94,111,7239.35,Festival,Cold,Train,1166.23,No,7.9,82.58,4.2,No,Poor
Uttar Pradesh,Agra,01-06-2021,2021,June,49366,2330,67460.3,Backwaters,1.3,473,8402.9,Music Festival,Sunny,Flight,733.61,Yes,6.1,70.71,3.9,No,Good
Uttar Pradesh,Agra,01-07-2021,2021,July,28895,1956,37608.7,Fort,1.22,209,1957.84,Sports Event,Sunny,Bus,1760.2,Yes,2.4,88.69,3.4,No,Poor
Uttar Pradesh,Agra,01-08-2021,2021,August,34717,3533,41793.32,Beach,1.09,203,2528.8,Sports Event,Cold,Train,3347.9,Yes,2.2,86.52,3.1,No,Good
Uttar Pradesh,Agra,01-09-2021,2021,September,16503,4066,34975.18,Museum,1.7,446,5741.24,Music Festival,Cloudy,Boat,4653.11,Yes,3.5,85.32,3.8,Yes,Good
Uttar Pradesh,Agra,01-10-2021,2021,October,11104,2112,17477.97,Cultural Festival,1.32,296,4222.17,Dance Festival,Sunny,Boat,4546.95,Yes,6.6,66.64,3.1,Yes,Poor
Uttar Pradesh,Agra,01-11-2021,2021,November,9579,1900,18170.62,Beach,1.58,215,7483.93,Music Festival,Cold,Flight,2534.37,Yes,11.6,54.76,4.3,Yes,Poor
Uttar Pradesh,Agra,01-12-2021,2021,December,49916,1392,41893.5,Hill Station,0.82,92,7175.7,Festival,Sunny,Bike,7992.38,No,14.1,52.41,4.8,Yes,Poor
Uttar Pradesh,Agra,01-01-2022,2022,January,12863,4226,27238.19,Hill Station,1.59,152,8063.62,Music Festival,Cold,Flight,1861.73,No,2.9,53,3.3,No,Poor
Uttar Pradesh,Agra,01-02-2022,2022,February,33059,4364,46506.49,Hill Station,1.24,226,3662.3,Crafts Mela,Sunny,Flight,7603.12,No,8.4,92.61,4.2,Yes,Good
Uttar Pradesh,Agra,01-03-2022,2022,March,22068,3109,32614.14,Fort,1.3,456,3303.38,Art Fair,Cold,Bus,1479.66,Yes,3,59.87,4.5,Yes,Average
Uttar Pradesh,Agra,01-04-2022,2022,April,12860,717,11954.12,Backwaters,0.88,131,6066.52,Dance Festival,Rainy,Train,1283.38,No,13.2,75.41,4.9,No,Poor
Uttar Pradesh,Agra,01-05-2022,2022,May,11120,3275,26516.94,Backwaters,1.84,205,7258.27,Music Festival,Cloudy,Bike,4606.06,No,12.8,89.77,4.2,Yes,Poor
Uttar Pradesh,Agra,01-06-2022,2022,June,11708,3742,20263.9,Backwaters,1.31,464,3005.63,Festival,Cloudy,Car,6873.32,Yes,6.6,91.57,3.5,Yes,Poor
Uttar Pradesh,Agra,01-07-2022,2022,July,24539,4823,49048.47,Fort,1.67,207,6497.72,Food Festival,Sunny,Car,4689.51,Yes,10.4,71.62,5,No,Poor
Uttar Pradesh,Agra,01-08-2022,2022,August,39538,3777,40180,Cultural Festival,0.93,172,6731.92,Sports Event,Rainy,Car,7212.87,Yes,12.1,77.73,4.1,Yes,Good
Uttar Pradesh,Agra,01-09-2022,2022,September,41551,2043,50875.53,Museum,1.17,53,8696.08,Food Festival,Snowy,Train,6633.3,Yes,5.3,94.17,4.4,No,Average
Uttar Pradesh,Agra,01-10-2022,2022,October,12871,1501,11251.28,Backwaters,0.78,360,3462.42,Art Fair,Sunny,Car,1989.71,Yes,11.1,69.71,4.5,No,Good
Uttar Pradesh,Agra,01-11-2022,2022,November,23374,1924,36721.31,River Rafting,1.45,314,4151.56,Festival,Rainy,Bike,4903.8,Yes,13.8,67.13,4.4,Yes,Good
Uttar Pradesh,Agra,01-12-2022,2022,December,19044,868,21756.3,Beach,1.09,430,3879.55,Crafts Mela,Humid,Train,1254.9,Yes,12.1,71.3,3.5,No,Average
Uttar Pradesh,Agra,01-01-2023,2023,January,11876,3742,24824.88,Fort,1.59,362,3520.36,Religious Event,Snowy,Bus,3466.75,No,6.2,77.24,4.8,Yes,Poor
Uttar Pradesh,Agra,01-02-2023,2023,February,27369,4862,32295.34,Hill Station,1,260,7887.08,Food Festival,Snowy,Flight,6236.99,Yes,11.1,51.83,4.1,No,Average
Uttar Pradesh,Agra,01-03-2023,2023,March,32739,1707,38382.29,Temple,1.11,448,2425.97,Religious Event,Cloudy,Bike,1304.7,Yes,4.7,51.84,3.1,No,Good
Uttar Pradesh,Agra,01-04-2023,2023,April,32466,4090,51697.25,Beach,1.41,129,8655.69,Crafts Mela,Snowy,Bike,1923.45,Yes,14.2,84.66,3.8,Yes,Average
Uttar Pradesh,Agra,01-05-2023,2023,May,46334,1499,44717.13,Desert Safari,0.93,470,7668.82,Food Festival,Cold,Car,6069.27,Yes,13.7,77.84,3.2,Yes,Poor
Uttar Pradesh,Agra,01-06-2023,2023,June,26388,907,41752.56,Temple,1.53,117,6839.97,Music Festival,Sunny,Flight,7693.51,No,10.8,77.38,4.2,No,Poor
Uttar Pradesh,Agra,01-07-2023,2023,July,30838,3249,40551.48,Backwaters,1.19,445,1804.64,Festival,Cloudy,Boat,3058.73,No,3.8,71.19,3.2,Yes,Average
Uttar Pradesh,Agra,01-08-2023,2023,August,18777,1260,18638.24,Desert Safari,0.93,79,2573.62,Sports Event,Rainy,Train,668.24,Yes,13.9,62.46,4.4,Yes,Average
Uttar Pradesh,Agra,01-09-2023,2023,September,19230,2509,23895.48,Fort,1.1,134,6482.47,Sports Event,Cold,Bike,4420.96,Yes,12,90.83,3.8,No,Average
Uttar Pradesh,Agra,01-10-2023,2023,October,6443,3928,14548.68,Fort,1.4,102,2724.15,Food Festival,Rainy,Bike,4560.45,No,6.2,52.91,4.9,No,Good
Uttar Pradesh,Agra,01-11-2023,2023,November,43202,4551,45250.89,Museum,0.95,447,5584.88,Food Festival,Rainy,Bike,2939.6,No,10.8,84.41,3.7,No,Good
Uttar Pradesh,Agra,01-12-2023,2023,December,39847,4022,59309.37,Temple,1.35,366,3063.76,Crafts Mela,Sunny,Car,2975.46,No,11.6,73.94,5,No,Poor
Uttar Pradesh,Varanasi,01-01-2019,2019,January,26754,2760,51537.93,Museum,1.75,386,9989.68,Art Fair,Cloudy,Boat,519.65,Yes,7.4,72.82,3.3,Yes,Average
Uttar Pradesh,Varanasi,01-02-2019,2019,February,7729,4441,20060.48,Cultural Festival,1.65,60,6863.33,Festival,Cold,Bus,1699.43,Yes,13.9,85.1,4.4,No,Good
Uttar Pradesh,Varanasi,01-03-2019,2019,March,10468,4949,22773.16,River Rafting,1.48,418,4731,Music Festival,Snowy,Bike,5849.07,Yes,10.9,71.95,4.1,Yes,Good
Uttar Pradesh,Varanasi,01-04-2019,2019,April,42721,4034,56267.86,Desert Safari,1.2,375,6895.2,Festival,Cloudy,Bike,3772.52,Yes,12,87.8,4.3,Yes,Poor
Uttar Pradesh,Varanasi,01-05-2019,2019,May,18183,872,25525.08,Museum,1.34,434,6783.91,Food Festival,Sunny,Car,5975.22,No,11.3,91.94,3,Yes,Average
Uttar Pradesh,Varanasi,01-06-2019,2019,June,34837,1668,59946.54,Wildlife Sanctuary,1.64,449,4058.25,Religious Event,Rainy,Car,6022.17,No,7.8,60.11,4.9,Yes,Good
Uttar Pradesh,Varanasi,01-07-2019,2019,July,17650,1790,28117.92,Temple,1.45,322,9563.25,Art Fair,Snowy,Flight,6286.47,Yes,12.7,50.79,4.7,Yes,Average
Uttar Pradesh,Varanasi,01-08-2019,2019,August,26153,849,16746.92,Temple,0.62,233,3942.72,Dance Festival,Cold,Bike,6348.32,Yes,13.3,53.81,3.8,Yes,Poor
Uttar Pradesh,Varanasi,01-09-2019,2019,September,20010,1141,21251.37,Desert Safari,1,345,1645.83,Crafts Mela,Cloudy,Car,6938.45,Yes,2.3,59.89,3.8,No,Good
Uttar Pradesh,Varanasi,01-10-2019,2019,October,25295,2439,41961.42,Fort,1.51,209,6151.77,Crafts Mela,Rainy,Flight,1174.07,No,4.7,71.55,3.5,Yes,Poor
Uttar Pradesh,Varanasi,01-11-2019,2019,November,32682,1487,28785.09,Temple,0.84,171,5112.03,Art Fair,Cold,Boat,1018.73,No,12.6,60.37,3.9,No,Average
Uttar Pradesh,Varanasi,01-12-2019,2019,December,19695,1204,13104.73,Wildlife Sanctuary,0.63,362,2688.92,Art Fair,Rainy,Bike,823,No,11.8,87.33,3.5,No,Poor
Uttar Pradesh,Varanasi,01-01-2020,2020,January,33498,3249,56088.06,Backwaters,1.53,476,6485.64,Food Festival,Humid,Bus,5222.93,No,8.9,78.7,4.7,No,Good
Uttar Pradesh,Varanasi,01-02-2020,2020,February,7354,4129,21493.12,River Rafting,1.87,451,2936.65,Music Festival,Cloudy,Bus,4370.78,No,12,77.41,3.4,Yes,Average
Uttar Pradesh,Varanasi,01-03-2020,2020,March,5870,1167,9120.33,Desert Safari,1.3,295,2344.65,Dance Festival,Sunny,Bus,777.47,Yes,10.1,72.43,3.3,No,Average
Uttar Pradesh,Varanasi,01-04-2020,2020,April,30867,3732,34130.24,Backwaters,0.99,308,5997.47,Art Fair,Rainy,Car,1485.11,No,8.4,75.53,3.9,No,Average
Uttar Pradesh,Varanasi,01-05-2020,2020,May,24239,2267,28175.81,Museum,1.06,491,4876.92,Religious Event,Rainy,Flight,5912.7,No,6.9,92.46,4.2,No,Good
Uttar Pradesh,Varanasi,01-06-2020,2020,June,26265,3990,30675.27,Desert Safari,1.01,404,1983.86,Festival,Cloudy,Boat,923.61,No,3.3,84.75,4.7,No,Average
Uttar Pradesh,Varanasi,01-07-2020,2020,July,28040,2401,39653.6,Temple,1.3,157,7624.52,Food Festival,Cold,Flight,6289.14,Yes,12.2,67.83,4.3,No,Poor
Uttar Pradesh,Varanasi,01-08-2020,2020,August,42987,1356,29596.66,Beach,0.67,388,4761.58,Art Fair,Cloudy,Bus,4483.3,Yes,2.3,60.87,4.3,No,Average
Uttar Pradesh,Varanasi,01-09-2020,2020,September,13796,4786,23316.23,River Rafting,1.25,229,7614.92,Music Festival,Sunny,Car,685.48,No,14.8,83.66,3.2,Yes,Average
Uttar Pradesh,Varanasi,01-10-2020,2020,October,15739,2569,26023.62,Hill Station,1.42,403,4428.23,Festival,Snowy,Car,7697.65,No,2.9,81.36,4.9,Yes,Average
Uttar Pradesh,Varanasi,01-11-2020,2020,November,22194,1256,20740.99,Backwaters,0.88,85,3417.56,Sports Event,Cloudy,Bus,3866.77,No,4.5,82.49,3.1,No,Poor
Uttar Pradesh,Varanasi,01-12-2020,2020,December,5992,1710,15648.14,Cultural Festival,2.03,105,9374.7,Festival,Rainy,Train,2978.59,No,11.4,81.64,4,No,Good
Uttar Pradesh,Varanasi,01-01-2021,2021,January,18145,1662,20084.19,Beach,1.01,119,7215.22,Food Festival,Rainy,Bike,1073.82,Yes,9,94.82,4.4,No,Good
Uttar Pradesh,Varanasi,01-02-2021,2021,February,37633,2719,52800.5,Backwaters,1.31,204,5643.07,Food Festival,Sunny,Bike,6817.15,No,7.1,68.42,3.9,Yes,Average
Uttar Pradesh,Varanasi,01-03-2021,2021,March,10897,572,13900.58,Desert Safari,1.21,338,3634.57,Sports Event,Humid,Train,3040.92,Yes,14.7,59.26,3.7,Yes,Average
Uttar Pradesh,Varanasi,01-04-2021,2021,April,21231,2105,22600.3,Fort,0.97,487,3719.25,Music Festival,Snowy,Bus,4816.07,No,11.7,68.05,4.2,Yes,Average
Uttar Pradesh,Varanasi,01-05-2021,2021,May,25271,3550,41904.46,River Rafting,1.45,461,4266.08,Festival,Cold,Car,2460.44,No,9,60,3.3,No,Good
Uttar Pradesh,Varanasi,01-06-2021,2021,June,41767,4207,52996.97,Temple,1.15,154,9618.31,Sports Event,Cloudy,Bus,1679.77,Yes,3.2,91.82,4.1,No,Poor
Uttar Pradesh,Varanasi,01-07-2021,2021,July,17731,2257,22369.24,Wildlife Sanctuary,1.12,206,9958.41,Crafts Mela,Rainy,Boat,7998.32,Yes,2.3,74.48,3.3,Yes,Good
Uttar Pradesh,Varanasi,01-08-2021,2021,August,26286,2363,45310.75,Cultural Festival,1.58,330,6803.54,Music Festival,Sunny,Flight,7589.61,Yes,3.2,79.06,4.6,Yes,Good
Uttar Pradesh,Varanasi,01-09-2021,2021,September,48302,2550,69231.38,Wildlife Sanctuary,1.36,491,9614.08,Dance Festival,Cold,Car,4229.43,No,2.1,88.49,4.5,Yes,Good
Uttar Pradesh,Varanasi,01-10-2021,2021,October,13446,2817,26706.33,Temple,1.64,378,5786.51,Sports Event,Cloudy,Flight,3969.49,Yes,5.9,62.66,4.5,Yes,Average
Uttar Pradesh,Varanasi,01-11-2021,2021,November,48479,1715,42121.89,River Rafting,0.84,277,3993.78,Religious Event,Snowy,Car,5724.65,No,9.9,87.53,3.5,Yes,Average
Uttar Pradesh,Varanasi,01-12-2021,2021,December,10597,3215,24070.42,Backwaters,1.74,274,4501.47,Dance Festival,Sunny,Train,1888.01,No,5,57.03,3.1,Yes,Average
Uttar Pradesh,Varanasi,01-01-2022,2022,January,37207,991,50597.82,Museum,1.32,294,5897.32,Crafts Mela,Cloudy,Flight,2425.98,Yes,2.7,64.72,3.2,No,Poor
Uttar Pradesh,Varanasi,01-02-2022,2022,February,13409,3786,26633.08,Fort,1.55,319,6654.71,Dance Festival,Cloudy,Boat,2832.72,No,10.3,87.35,3.9,Yes,Average
Uttar Pradesh,Varanasi,01-03-2022,2022,March,8013,2466,15312.91,Hill Station,1.46,364,6895.24,Music Festival,Cold,Bus,5459.25,No,6.5,66.52,4.2,No,Poor
Uttar Pradesh,Varanasi,01-04-2022,2022,April,37038,3800,61805.2,Backwaters,1.51,231,8147.32,Music Festival,Sunny,Bike,1196.79,No,12.1,81.33,3.3,Yes,Poor
Uttar Pradesh,Varanasi,01-05-2022,2022,May,49714,1016,52008.02,Fort,1.03,466,4047.18,Art Fair,Cold,Boat,6350.37,No,9.7,55.26,4.4,No,Average
Uttar Pradesh,Varanasi,01-06-2022,2022,June,43911,4157,47339.92,River Rafting,0.98,369,2798.87,Dance Festival,Sunny,Bike,1587.76,No,5.9,69,4.7,Yes,Good
Uttar Pradesh,Varanasi,01-07-2022,2022,July,15693,4891,46544.81,Cultural Festival,2.26,131,2759.63,Art Fair,Sunny,Train,693.11,Yes,11.3,88.53,3.1,No,Average
Uttar Pradesh,Varanasi,01-08-2022,2022,August,12084,3825,25836.03,River Rafting,1.62,223,2092.23,Religious Event,Cold,Train,1057.37,No,2.7,58,4.6,Yes,Average
Uttar Pradesh,Varanasi,01-09-2022,2022,September,15217,2803,30135.35,Museum,1.67,296,6312.51,Sports Event,Cloudy,Boat,4691.13,Yes,7.9,90.05,3.5,No,Poor
Uttar Pradesh,Varanasi,01-10-2022,2022,October,30512,2671,36445.14,Hill Station,1.1,447,3457.75,Religious Event,Rainy,Car,3961.15,Yes,6.3,90.75,4.3,No,Average
Uttar Pradesh,Varanasi,01-11-2022,2022,November,27111,2227,24655.83,Wildlife Sanctuary,0.84,441,2414.61,Dance Festival,Cold,Flight,6218.6,Yes,14.8,56.01,3.6,No,Good
Uttar Pradesh,Varanasi,01-12-2022,2022,December,13753,3489,21960.56,Cultural Festival,1.27,89,9569.06,Festival,Snowy,Train,1328.57,Yes,10.9,80.53,4.6,Yes,Poor
Uttar Pradesh,Varanasi,01-01-2023,2023,January,14888,610,23497.01,River Rafting,1.52,252,6593.97,Religious Event,Rainy,Boat,3151.9,No,10,79.92,3.6,No,Good
Uttar Pradesh,Varanasi,01-02-2023,2023,February,34132,1961,32842.82,Fort,0.91,377,2362.06,Music Festival,Cloudy,Bus,6929.18,Yes,12.6,51.03,4,No,Poor
Uttar Pradesh,Varanasi,01-03-2023,2023,March,32525,3236,56951.27,Temple,1.59,179,3366.37,Music Festival,Snowy,Flight,1665.08,No,14.8,60.71,4.5,Yes,Average
Uttar Pradesh,Varanasi,01-04-2023,2023,April,21819,3387,30835.16,Cultural Festival,1.22,492,5190.92,Art Fair,Cold,Train,1874.24,No,6.2,69.53,4.1,Yes,Average
Uttar Pradesh,Varanasi,01-05-2023,2023,May,37073,1543,33470.63,Museum,0.87,176,3042.09,Festival,Cold,Bike,1567.15,No,10.4,92.63,3.2,No,Poor
Uttar Pradesh,Varanasi,01-06-2023,2023,June,6458,2108,13219.66,Cultural Festival,1.54,221,6153.86,Music Festival,Cloudy,Bike,4671.99,Yes,4.8,71.45,3.4,Yes,Poor
Uttar Pradesh,Varanasi,01-07-2023,2023,July,15292,4655,27451.45,Fort,1.38,277,6621.21,Food Festival,Snowy,Car,6327.63,No,3.1,56.93,4.1,No,Average
Uttar Pradesh,Varanasi,01-08-2023,2023,August,46207,4511,55238,Desert Safari,1.09,462,5217.86,Art Fair,Rainy,Flight,6362.5,No,3.7,67.41,3.8,Yes,Poor
Uttar Pradesh,Varanasi,01-09-2023,2023,September,45524,2993,38063.7,Museum,0.78,351,9025.45,Sports Event,Humid,Car,5784.9,Yes,8.2,53.28,4.7,Yes,Average
Uttar Pradesh,Varanasi,01-10-2023,2023,October,18162,1393,14408.04,Backwaters,0.74,339,2307.86,Music Festival,Sunny,Bike,912.7,No,7.5,92.05,4.6,Yes,Good
Uttar Pradesh,Varanasi,01-11-2023,2023,November,27758,3828,54195.29,Desert Safari,1.72,426,7752.04,Dance Festival,Snowy,Train,555.08,Yes,2.4,82.05,4.7,Yes,Poor
Uttar Pradesh,Varanasi,01-12-2023,2023,December,40299,4792,32834.26,Desert Safari,0.73,227,2798.47,Music Festival,Humid,Bike,2757.61,Yes,12.4,90.65,3.2,No,Good
Uttar Pradesh,Lucknow,01-01-2019,2019,January,40737,534,43571.59,Beach,1.06,312,7617.56,Festival,Sunny,Boat,4142.87,Yes,9.4,92.54,4,No,Good
Uttar Pradesh,Lucknow,01-02-2019,2019,February,32976,4997,39504.66,Cultural Festival,1.04,82,5036.87,Dance Festival,Cloudy,Flight,7190.11,No,4,62.63,3.2,Yes,Average
Uttar Pradesh,Lucknow,01-03-2019,2019,March,26750,3418,46166.92,Museum,1.53,421,8683.48,Festival,Cold,Flight,7802.26,Yes,14.5,63.53,3.7,Yes,Poor
Uttar Pradesh,Lucknow,01-04-2019,2019,April,33541,1056,19931.25,Fort,0.58,73,4611.3,Religious Event,Cloudy,Bus,2152.76,Yes,8.3,87.4,3.6,Yes,Average
Uttar Pradesh,Lucknow,01-05-2019,2019,May,36457,4255,57957.49,River Rafting,1.42,135,6834.79,Dance Festival,Rainy,Bus,7257.95,No,7.7,63.96,3.3,Yes,Good
Uttar Pradesh,Lucknow,01-06-2019,2019,June,47568,3113,84743.92,Backwaters,1.67,248,2749.63,Art Fair,Snowy,Boat,504.83,No,6.8,92.19,3.3,Yes,Good
Uttar Pradesh,Lucknow,01-07-2019,2019,July,8739,3795,20093.21,Hill Station,1.6,469,5628.3,Festival,Cloudy,Flight,2558.6,No,10.9,83.26,4.9,Yes,Good
Uttar Pradesh,Lucknow,01-08-2019,2019,August,11356,4179,29880.1,Wildlife Sanctuary,1.92,150,8594.62,Crafts Mela,Cloudy,Flight,4343.59,Yes,13.7,76.98,3.4,Yes,Average
Uttar Pradesh,Lucknow,01-09-2019,2019,September,17969,2698,34435.02,Cultural Festival,1.67,290,5003.77,Religious Event,Humid,Car,7061.35,Yes,8,54.92,4.3,Yes,Poor
Uttar Pradesh,Lucknow,01-10-2019,2019,October,10535,4125,34217.94,Wildlife Sanctuary,2.33,391,3677.32,Sports Event,Humid,Train,1382.59,No,5.1,83.71,3.9,No,Average
Uttar Pradesh,Lucknow,01-11-2019,2019,November,45348,1347,33372.99,Beach,0.71,103,7349.09,Religious Event,Rainy,Bike,6730.06,No,6.1,80.72,4,Yes,Average
Uttar Pradesh,Lucknow,01-12-2019,2019,December,25662,1608,24091.57,Backwaters,0.88,362,8555.02,Dance Festival,Rainy,Train,6659.3,No,6.8,54.41,3.1,Yes,Average
Uttar Pradesh,Lucknow,01-01-2020,2020,January,48859,3239,60050.48,Fort,1.15,273,3221.91,Festival,Sunny,Flight,2704.32,Yes,8.4,75.01,3.2,Yes,Poor
Uttar Pradesh,Lucknow,01-02-2020,2020,February,39844,4080,62513.17,Cultural Festival,1.42,333,8624.91,Crafts Mela,Sunny,Bus,5972.57,No,14.3,70.27,4,Yes,Good
Uttar Pradesh,Lucknow,01-03-2020,2020,March,28590,4648,36345.03,Backwaters,1.09,416,7660.15,Food Festival,Rainy,Boat,5527.21,No,13.5,92.95,3.8,Yes,Average
Uttar Pradesh,Lucknow,01-04-2020,2020,April,40567,807,42067.85,Museum,1.02,294,5617.91,Sports Event,Sunny,Flight,4433.43,Yes,4.3,68.55,4.2,Yes,Poor
Uttar Pradesh,Lucknow,01-05-2020,2020,May,14198,4649,32085.44,Wildlife Sanctuary,1.7,198,7425.84,Art Fair,Humid,Train,852.23,Yes,13.9,73.04,3.4,Yes,Average
Uttar Pradesh,Lucknow,01-06-2020,2020,June,12106,4481,24909.76,River Rafting,1.5,163,3905.54,Dance Festival,Snowy,Train,2401.29,No,5.3,82.97,3.8,Yes,Poor
Uttar Pradesh,Lucknow,01-07-2020,2020,July,34939,1163,52838.08,Desert Safari,1.46,357,6183.94,Dance Festival,Cold,Train,6725.9,Yes,12.6,84.14,4.8,Yes,Poor
Uttar Pradesh,Lucknow,01-08-2020,2020,August,42671,1981,50749.88,Hill Station,1.14,454,3546.36,Crafts Mela,Humid,Boat,4579.71,Yes,14.8,74.39,4,Yes,Poor
Uttar Pradesh,Lucknow,01-09-2020,2020,September,46339,1326,65504.55,River Rafting,1.37,191,9595.63,Religious Event,Cold,Bus,4616.3,Yes,13.4,63,3.4,No,Good
Uttar Pradesh,Lucknow,01-10-2020,2020,October,43379,1072,58990.69,Fort,1.33,358,6204.52,Dance Festival,Humid,Boat,3183.48,Yes,14.4,77.79,4.3,Yes,Average
Uttar Pradesh,Lucknow,01-11-2020,2020,November,7501,4838,20510.77,Beach,1.66,121,5932.39,Food Festival,Sunny,Car,3332.58,No,5.7,71.52,5,Yes,Poor
Uttar Pradesh,Lucknow,01-12-2020,2020,December,33172,4342,48506.93,Temple,1.29,102,3016.36,Food Festival,Sunny,Bike,540.23,Yes,11.4,78.26,3.4,No,Poor
Uttar Pradesh,Lucknow,01-01-2021,2021,January,38508,2492,38270.54,Temple,0.93,52,9320.83,Music Festival,Cloudy,Train,1196.81,Yes,3.9,79.12,3.1,Yes,Good
Uttar Pradesh,Lucknow,01-02-2021,2021,February,49930,2916,82456.05,Desert Safari,1.56,410,6845.51,Music Festival,Humid,Bus,7226.86,Yes,6.9,85.45,4.3,Yes,Poor
Uttar Pradesh,Lucknow,01-03-2021,2021,March,48756,3624,69118.49,Cultural Festival,1.32,313,3868.9,Festival,Cloudy,Car,7165.04,Yes,7.5,53.79,4.6,Yes,Good
Uttar Pradesh,Lucknow,01-04-2021,2021,April,43072,4618,37802.82,Museum,0.79,82,7790.86,Dance Festival,Humid,Boat,3824.84,Yes,3.7,61.1,4.5,Yes,Average
Uttar Pradesh,Lucknow,01-05-2021,2021,May,31280,2859,32801.07,Beach,0.96,90,1909.36,Crafts Mela,Sunny,Bike,3734.44,Yes,5.4,57.73,3.8,No,Average
Uttar Pradesh,Lucknow,01-06-2021,2021,June,22223,2761,21737.58,Beach,0.87,148,6251.54,Food Festival,Cloudy,Bus,4851.02,No,12.8,70.32,4.2,No,Good
Uttar Pradesh,Lucknow,01-07-2021,2021,July,48353,769,53558.8,Desert Safari,1.09,403,9081.58,Crafts Mela,Sunny,Train,6320.17,Yes,7.4,55.58,3,No,Poor
Uttar Pradesh,Lucknow,01-08-2021,2021,August,47824,3139,83514.62,Wildlife Sanctuary,1.64,473,8298.41,Festival,Cold,Boat,5748.15,No,14.4,73.89,4.6,No,Poor
Uttar Pradesh,Lucknow,01-09-2021,2021,September,25993,4975,45283.44,Wildlife Sanctuary,1.46,378,2828.23,Music Festival,Cold,Train,4921.56,No,7.2,85.41,4.7,No,Poor
Uttar Pradesh,Lucknow,01-10-2021,2021,October,37614,1975,27826.32,Fort,0.7,52,5068.3,Sports Event,Cloudy,Flight,1818.65,Yes,8.3,51.6,4.4,Yes,Average
Uttar Pradesh,Lucknow,01-11-2021,2021,November,26358,4268,55786.33,Museum,1.82,309,3237.33,Food Festival,Cloudy,Flight,2799.94,No,3.1,54.08,3.3,No,Average
Uttar Pradesh,Lucknow,01-12-2021,2021,December,29485,512,42715.84,Hill Station,1.42,478,1717.28,Sports Event,Snowy,Bus,4314.82,No,13,61,3.4,No,Good
Uttar Pradesh,Lucknow,01-01-2022,2022,January,24478,4376,48640.7,Beach,1.69,226,6797.74,Sports Event,Humid,Flight,3969.17,Yes,2.9,69.08,4.3,Yes,Good
Uttar Pradesh,Lucknow,01-02-2022,2022,February,9686,1822,18288.54,Backwaters,1.59,295,8965.79,Dance Festival,Cloudy,Bus,2171.46,No,4.8,60.54,3.1,Yes,Average
Uttar Pradesh,Lucknow,01-03-2022,2022,March,39134,3343,51061.13,River Rafting,1.2,53,8971.35,Dance Festival,Humid,Boat,5183.67,No,9.3,79.17,4.7,No,Good
Uttar Pradesh,Lucknow,01-04-2022,2022,April,7301,2095,13336.89,Museum,1.42,137,5343.35,Food Festival,Rainy,Train,1925.37,No,11.2,84.31,3.3,Yes,Good
Uttar Pradesh,Lucknow,01-05-2022,2022,May,15776,3540,34560.58,Fort,1.79,70,6210.36,Dance Festival,Rainy,Car,1362.16,Yes,8.6,78.01,3.2,No,Poor
Uttar Pradesh,Lucknow,01-06-2022,2022,June,28784,1131,28061.86,Temple,0.94,444,8643.62,Festival,Cold,Boat,7359.1,No,11.2,65.36,3.3,Yes,Poor
Uttar Pradesh,Lucknow,01-07-2022,2022,July,49295,4767,83613.33,Backwaters,1.55,481,7992.16,Food Festival,Sunny,Train,1796.79,Yes,10.1,74.7,4.1,Yes,Poor
Uttar Pradesh,Lucknow,01-08-2022,2022,August,44808,3756,41284.56,Desert Safari,0.85,310,3569.84,Festival,Sunny,Train,3591.45,Yes,6.7,73.37,4.5,Yes,Good
Uttar Pradesh,Lucknow,01-09-2022,2022,September,18781,1572,30597.05,Wildlife Sanctuary,1.5,333,8128.7,Religious Event,Snowy,Flight,3303.35,Yes,13,64.22,4.3,No,Average
Uttar Pradesh,Lucknow,01-10-2022,2022,October,26271,2050,21187.93,Temple,0.75,354,3522.1,Crafts Mela,Sunny,Bus,5885.79,Yes,8.3,59.14,4.8,Yes,Average
Uttar Pradesh,Lucknow,01-11-2022,2022,November,36635,715,46125.33,Desert Safari,1.23,95,7653.36,Sports Event,Cloudy,Boat,5912.68,No,7,73.48,4.2,No,Average
Uttar Pradesh,Lucknow,01-12-2022,2022,December,35359,1872,40846.47,Wildlife Sanctuary,1.1,380,7716.43,Religious Event,Humid,Boat,6302.47,Yes,6.5,55.17,4.9,Yes,Average
Uttar Pradesh,Lucknow,01-01-2023,2023,January,25653,2967,39722.45,Museum,1.39,289,5699.76,Art Fair,Humid,Flight,938.61,No,8.6,54.95,3.9,Yes,Average
Uttar Pradesh,Lucknow,01-02-2023,2023,February,11892,2084,23904.48,Fort,1.71,460,2001.79,Art Fair,Cloudy,Flight,1219.65,No,3.3,59.35,3.7,Yes,Good
Uttar Pradesh,Lucknow,01-03-2023,2023,March,23993,3281,31675.53,Desert Safari,1.16,104,7366.96,Festival,Cold,Car,1891.96,No,11.2,83.32,3.9,No,Good
Uttar Pradesh,Lucknow,01-04-2023,2023,April,43389,4590,58634.29,Desert Safari,1.22,500,2597.11,Sports Event,Snowy,Bike,1630.71,Yes,2.4,63.1,3.2,No,Good
Uttar Pradesh,Lucknow,01-05-2023,2023,May,7894,2481,16599.88,Hill Station,1.6,353,4909.06,Sports Event,Cloudy,Car,1195.11,Yes,10,87.63,4.5,Yes,Average
Uttar Pradesh,Lucknow,01-06-2023,2023,June,6395,609,5632.06,Museum,0.8,147,7016.92,Food Festival,Rainy,Bike,3093.99,Yes,2.3,88.68,4.2,Yes,Poor
Uttar Pradesh,Lucknow,01-07-2023,2023,July,7868,4349,19770.19,Hill Station,1.62,55,4053.72,Crafts Mela,Sunny,Flight,4709.78,No,2.9,61.16,4.8,Yes,Good
Uttar Pradesh,Lucknow,01-08-2023,2023,August,20842,3397,27086.27,Temple,1.12,87,2069.71,Dance Festival,Cold,Car,5160.42,Yes,14.3,50.74,3.7,Yes,Good
Uttar Pradesh,Lucknow,01-09-2023,2023,September,21222,1078,35670.47,Desert Safari,1.6,72,6923.28,Food Festival,Cold,Flight,5625.89,Yes,5.8,58.55,5,Yes,Good
Uttar Pradesh,Lucknow,01-10-2023,2023,October,29648,1348,21936.87,Museum,0.71,195,7945.93,Food Festival,Humid,Train,7449.67,Yes,4.4,76.78,3.1,Yes,Poor
Uttar Pradesh,Lucknow,01-11-2023,2023,November,34699,4236,40471.33,Hill Station,1.04,260,4832.03,Festival,Humid,Bike,7712.5,Yes,2.9,66.81,3.8,Yes,Good
Uttar Pradesh,Lucknow,01-12-2023,2023,December,43966,929,29947.06,Wildlife Sanctuary,0.67,193,4859.82,Sports Event,Rainy,Flight,4582.57,Yes,5.9,74.57,4.7,No,Average
Maharashtra,Mumbai,01-01-2019,2019,January,46854,2968,57730.33,Beach,1.16,329,8102.98,Music Festival,Cloudy,Flight,5361.86,No,12.4,82.42,3.3,No,Good
Maharashtra,Mumbai,01-02-2019,2019,February,17418,1073,20193.15,Cultural Festival,1.09,207,8237.28,Dance Festival,Sunny,Bus,2129.79,No,8,66.79,3.7,Yes,Average
Maharashtra,Mumbai,01-03-2019,2019,March,46157,4543,41041.28,Temple,0.81,103,4757.81,Crafts Mela,Sunny,Flight,532.64,Yes,12.9,79.92,3.6,Yes,Average
Maharashtra,Mumbai,01-04-2019,2019,April,14624,2317,31959.32,Hill Station,1.89,479,2858.69,Food Festival,Cold,Flight,7022.65,Yes,10.8,54.65,3.1,Yes,Poor
Maharashtra,Mumbai,01-05-2019,2019,May,41223,4469,64709.29,Museum,1.42,132,2587.82,Music Festival,Humid,Train,994.56,Yes,2,82.26,4.6,Yes,Good
Maharashtra,Mumbai,01-06-2019,2019,June,11424,2953,28418.92,Fort,1.98,84,5885.23,Sports Event,Cold,Flight,2524.33,Yes,10.5,63.56,3.9,Yes,Average
Maharashtra,Mumbai,01-07-2019,2019,July,45184,3366,71783.65,Museum,1.48,479,3956.41,Religious Event,Cold,Car,7775.94,No,4.4,69.87,3.7,Yes,Average
Maharashtra,Mumbai,01-08-2019,2019,August,12592,3550,21885.07,Museum,1.36,319,7128.47,Art Fair,Cloudy,Bike,4315.3,Yes,2.5,56.21,3.3,No,Average
Maharashtra,Mumbai,01-09-2019,2019,September,39500,3814,53434.3,Backwaters,1.23,64,4661.46,Festival,Sunny,Train,5353.31,Yes,6.3,69.52,4,Yes,Good
Maharashtra,Mumbai,01-10-2019,2019,October,38542,3927,44101.81,Temple,1.04,416,8122.97,Music Festival,Sunny,Bike,2964.13,Yes,8.4,55.48,3.8,Yes,Good
Maharashtra,Mumbai,01-11-2019,2019,November,13707,3356,31736.62,Fort,1.86,324,6454.61,Sports Event,Humid,Car,6476.77,No,8.9,88.58,3.4,Yes,Good
Maharashtra,Mumbai,01-12-2019,2019,December,44106,1685,52618.68,Temple,1.15,368,3845.65,Dance Festival,Cold,Flight,6162.89,No,9.2,91.73,4.2,Yes,Average
Maharashtra,Mumbai,01-01-2020,2020,January,48932,4725,70314.75,Hill Station,1.31,498,4077.55,Crafts Mela,Rainy,Flight,3593.64,No,13,86.33,3.1,Yes,Good
Maharashtra,Mumbai,01-02-2020,2020,February,35250,4619,53299.67,Fort,1.34,283,9784.85,Food Festival,Rainy,Flight,7696.15,Yes,2.8,79.44,3.7,No,Good
Maharashtra,Mumbai,01-03-2020,2020,March,27108,4217,53808.42,Wildlife Sanctuary,1.72,364,8906.3,Music Festival,Sunny,Flight,1472.39,Yes,8.7,94.86,3.1,No,Poor
Maharashtra,Mumbai,01-04-2020,2020,April,24536,2013,44039.9,Desert Safari,1.66,146,4618.11,Dance Festival,Snowy,Train,6084.38,Yes,8.4,77.04,3.2,No,Average
Maharashtra,Mumbai,01-05-2020,2020,May,18522,575,28783.91,Fort,1.51,166,9966.63,Crafts Mela,Rainy,Flight,750.03,Yes,11.8,81.88,3.3,No,Average
Maharashtra,Mumbai,01-06-2020,2020,June,34944,3964,39294.44,River Rafting,1.01,82,6116.28,Festival,Cloudy,Bike,5286.23,Yes,14.4,63.82,4.3,Yes,Average
Maharashtra,Mumbai,01-07-2020,2020,July,43633,1466,40496.58,Wildlife Sanctuary,0.9,414,8097.06,Art Fair,Sunny,Bus,1370.46,No,6.6,86.7,4.8,No,Average
Maharashtra,Mumbai,01-08-2020,2020,August,36736,3530,35852.97,Hill Station,0.89,191,7508.72,Music Festival,Cloudy,Boat,2100.28,Yes,9,57.52,3.2,Yes,Poor
Maharashtra,Mumbai,01-09-2020,2020,September,22622,1369,29233.49,Beach,1.22,490,1558.11,Dance Festival,Rainy,Bike,2910.7,Yes,2.6,92.37,4.8,No,Average
Maharashtra,Mumbai,01-10-2020,2020,October,20717,4968,46334.79,Cultural Festival,1.8,446,1542.37,Music Festival,Snowy,Boat,1373.79,Yes,5.3,62.35,4.1,Yes,Poor
Maharashtra,Mumbai,01-11-2020,2020,November,7261,2425,16532.7,Backwaters,1.71,261,4750.76,Religious Event,Cloudy,Car,7389.51,No,12.6,69.69,4.4,Yes,Average
Maharashtra,Mumbai,01-12-2020,2020,December,45906,1740,45876.52,Museum,0.96,148,4262.16,Religious Event,Sunny,Boat,7924.23,Yes,9.2,52.16,4,Yes,Poor
Maharashtra,Mumbai,01-01-2021,2021,January,40418,3040,64292.05,Cultural Festival,1.48,455,4798.16,Festival,Sunny,Train,1750.29,No,13.3,68.08,4.8,No,Poor
Maharashtra,Mumbai,01-02-2021,2021,February,15062,3849,28805.57,Fort,1.52,223,9571.21,Sports Event,Sunny,Flight,4646.03,No,8.2,64.41,3,Yes,Poor
Maharashtra,Mumbai,01-03-2021,2021,March,36805,2607,57272.94,Temple,1.45,234,8286.53,Music Festival,Cloudy,Boat,4462.33,No,3.7,93.2,4.9,No,Poor
Maharashtra,Mumbai,01-04-2021,2021,April,23037,1597,19158.16,River Rafting,0.78,339,6521.36,Food Festival,Sunny,Car,2374.18,Yes,10.7,54.73,3.9,No,Average
Maharashtra,Mumbai,01-05-2021,2021,May,15686,2657,23425.77,Desert Safari,1.28,154,7380.68,Religious Event,Cold,Car,2799.53,No,9,74.59,4.2,No,Good
Maharashtra,Mumbai,01-06-2021,2021,June,9408,638,8556.6,River Rafting,0.85,303,5312.07,Religious Event,Humid,Train,654.74,Yes,7.4,66.41,4,Yes,Good
Maharashtra,Mumbai,01-07-2021,2021,July,20626,4974,29599.11,Fort,1.16,139,7548.22,Food Festival,Humid,Bus,2712.32,Yes,5.8,68.62,4,No,Average
Maharashtra,Mumbai,01-08-2021,2021,August,37582,2427,48562.2,Cultural Festival,1.21,242,8211.05,Festival,Sunny,Car,1650.9,No,14,81.31,4.7,Yes,Average
Maharashtra,Mumbai,01-09-2021,2021,September,25398,2876,20490.82,Museum,0.72,160,2537.94,Festival,Sunny,Train,1992.31,No,8.6,75.71,4.3,No,Good
Maharashtra,Mumbai,01-10-2021,2021,October,39836,3002,48822.75,Fort,1.14,464,5129.11,Sports Event,Rainy,Car,3751.91,No,14.8,57.69,4,No,Average
Maharashtra,Mumbai,01-11-2021,2021,November,18216,4576,21627.5,Desert Safari,0.95,72,3237.16,Music Festival,Cold,Bus,5913.45,No,8,62.97,3.3,No,Good
Maharashtra,Mumbai,01-12-2021,2021,December,30165,4834,47237.12,Beach,1.35,438,2180.99,Art Fair,Cold,Bus,6814.26,No,9.2,60.87,3.7,Yes,Average
Maharashtra,Mumbai,01-01-2022,2022,January,17168,510,19021.01,Backwaters,1.08,200,3936.09,Festival,Cold,Flight,7721.99,Yes,14.9,76.51,3.2,No,Poor
Maharashtra,Mumbai,01-02-2022,2022,February,11081,1969,15939.57,River Rafting,1.22,330,8397.09,Festival,Cloudy,Boat,3422.24,Yes,14.6,52.98,4.5,No,Poor
Maharashtra,Mumbai,01-03-2022,2022,March,25267,4807,47137.48,Beach,1.57,58,7000.44,Art Fair,Humid,Train,5808.94,No,3.7,63.25,4,No,Good
Maharashtra,Mumbai,01-04-2022,2022,April,23969,1080,35782.99,Backwaters,1.43,376,5154.62,Food Festival,Snowy,Bike,3001.94,Yes,14.1,76.4,4.7,Yes,Poor
Maharashtra,Mumbai,01-05-2022,2022,May,38731,4316,48810.81,River Rafting,1.13,194,7723.79,Music Festival,Snowy,Car,7577.67,Yes,14,72.01,4.3,No,Average
Maharashtra,Mumbai,01-06-2022,2022,June,49661,2348,59255.44,Museum,1.14,486,4463.45,Crafts Mela,Humid,Bike,2298.66,No,4.7,65.56,4.1,Yes,Poor
Maharashtra,Mumbai,01-07-2022,2022,July,38160,3788,70031.94,Beach,1.67,256,4426.31,Food Festival,Cold,Bike,1469.12,No,8.2,62.51,3.4,No,Good
Maharashtra,Mumbai,01-08-2022,2022,August,36689,4954,48443.99,Backwaters,1.16,154,4037.62,Sports Event,Snowy,Car,6483.46,Yes,12.3,88.96,4.3,Yes,Average
Maharashtra,Mumbai,01-09-2022,2022,September,23170,3362,42637.49,Hill Station,1.61,106,1635.86,Religious Event,Rainy,Boat,937.59,Yes,13,55.39,3.3,No,Average
Maharashtra,Mumbai,01-10-2022,2022,October,11600,4843,30073.6,Wildlife Sanctuary,1.83,442,3890.13,Dance Festival,Snowy,Train,3977,Yes,3.3,64.51,4.6,Yes,Average
Maharashtra,Mumbai,01-11-2022,2022,November,46066,1843,43382.42,Wildlife Sanctuary,0.91,428,9028.91,Dance Festival,Rainy,Car,608.9,Yes,14,90.45,3.2,No,Average
Maharashtra,Mumbai,01-12-2022,2022,December,42785,4352,66041.47,Fort,1.4,124,5660.58,Dance Festival,Cold,Train,654.49,No,5.4,89.24,3.4,No,Poor
Maharashtra,Mumbai,01-01-2023,2023,January,35819,2982,50762.53,Wildlife Sanctuary,1.31,377,4136.9,Sports Event,Snowy,Bike,3316.14,Yes,11,92.5,4,No,Average
Maharashtra,Mumbai,01-02-2023,2023,February,7344,2295,16080.42,Desert Safari,1.67,182,2730.68,Food Festival,Snowy,Boat,5983.2,Yes,10.9,71.29,3.6,No,Poor
Maharashtra,Mumbai,01-03-2023,2023,March,35044,2812,50082.37,Museum,1.32,96,8719.71,Food Festival,Cloudy,Boat,6337.73,Yes,5.2,79.28,3.1,No,Average
Maharashtra,Mumbai,01-04-2023,2023,April,5010,1827,13958.43,Hill Station,2.04,401,1750.99,Crafts Mela,Cold,Car,7344.39,Yes,6.8,58.93,4.4,Yes,Good
Maharashtra,Mumbai,01-05-2023,2023,May,25023,4959,51071.91,Hill Station,1.7,247,9895.14,Sports Event,Humid,Train,5723.02,No,9.8,84.41,3,No,Poor
Maharashtra,Mumbai,01-06-2023,2023,June,24254,4368,47367.68,Temple,1.65,201,3655.01,Religious Event,Cold,Boat,4605.47,Yes,4.8,77.45,3.2,No,Average
Maharashtra,Mumbai,01-07-2023,2023,July,48287,2435,65554.48,Desert Safari,1.29,419,9612.08,Religious Event,Sunny,Train,2703.79,No,9,94.4,3.4,No,Poor
Maharashtra,Mumbai,01-08-2023,2023,August,17197,2438,24234.48,Museum,1.23,116,7399.89,Crafts Mela,Sunny,Bus,3413.57,No,11.3,79.9,4.4,No,Average
Maharashtra,Mumbai,01-09-2023,2023,September,23667,3839,46262.76,Fort,1.68,128,6664.84,Religious Event,Cold,Flight,2168.49,Yes,11.4,80.09,3.1,Yes,Good
Maharashtra,Mumbai,01-10-2023,2023,October,49335,3614,44972.74,Temple,0.85,310,8837.8,Sports Event,Cold,Boat,4959.63,No,3.9,77.41,3.9,Yes,Poor
Maharashtra,Mumbai,01-11-2023,2023,November,14321,4062,27620.8,Temple,1.5,479,3602.67,Food Festival,Cold,Flight,1832.92,No,14.8,69.67,4.5,No,Good
Maharashtra,Mumbai,01-12-2023,2023,December,23378,3502,40753.84,River Rafting,1.52,332,7089.55,Art Fair,Humid,Flight,7659.45,Yes,3.5,91.56,4.7,Yes,Good
Maharashtra,Pune,01-01-2019,2019,January,7025,2888,19787.27,River Rafting,2,120,4325.03,Art Fair,Snowy,Boat,3553.21,Yes,12.8,88.73,4.9,No,Poor
Maharashtra,Pune,01-02-2019,2019,February,13520,2742,27361.86,River Rafting,1.68,72,2164.55,Dance Festival,Rainy,Bus,6431.01,Yes,10.4,72.84,4.5,No,Good
Maharashtra,Pune,01-03-2019,2019,March,27259,853,19687.04,Cultural Festival,0.7,268,3856.28,Religious Event,Cold,Boat,6295.82,Yes,3.7,88.61,4.3,Yes,Poor
Maharashtra,Pune,01-04-2019,2019,April,46970,1313,66666.59,Fort,1.38,317,9298.6,Art Fair,Cold,Train,5551.51,Yes,6.6,93.26,4.8,No,Average
Maharashtra,Pune,01-05-2019,2019,May,36804,3227,59326.11,Museum,1.48,91,3756.62,Music Festival,Sunny,Flight,3973.33,Yes,12.6,92.38,4.6,Yes,Good
Maharashtra,Pune,01-06-2019,2019,June,19947,3831,29974.35,River Rafting,1.26,88,5840.72,Food Festival,Humid,Car,1775.31,Yes,9.4,55.99,4.5,Yes,Poor
Maharashtra,Pune,01-07-2019,2019,July,46538,4590,69705.13,River Rafting,1.36,275,5089.34,Festival,Cold,Bus,4434.38,Yes,6.8,71.92,3.4,Yes,Average
Maharashtra,Pune,01-08-2019,2019,August,38174,3216,41310.12,Fort,1,464,9216.28,Food Festival,Cloudy,Bus,2566.55,Yes,7.3,69.86,4.9,No,Good
Maharashtra,Pune,01-09-2019,2019,September,22862,2257,22649.81,Backwaters,0.9,100,6265.67,Food Festival,Humid,Car,6294.76,No,14.8,65.17,3.1,No,Poor
Maharashtra,Pune,01-10-2019,2019,October,38394,1744,63145.01,Desert Safari,1.57,206,4005.49,Dance Festival,Sunny,Bus,4452.65,No,14.7,84.45,4.8,Yes,Poor
Maharashtra,Pune,01-11-2019,2019,November,25945,4357,40472.66,Cultural Festival,1.34,282,9178.79,Sports Event,Humid,Train,1671.5,No,10.7,90.69,3,No,Average
Maharashtra,Pune,01-12-2019,2019,December,30929,3654,43990.5,Museum,1.27,472,7251.14,Crafts Mela,Cold,Car,7102.93,Yes,6.4,67.81,3.1,Yes,Average
Maharashtra,Pune,01-01-2020,2020,January,25888,2354,43928.02,Cultural Festival,1.56,191,3798.83,Sports Event,Cold,Train,3140.39,No,9,56.25,4.6,No,Poor
Maharashtra,Pune,01-02-2020,2020,February,27324,3098,31049.22,Wildlife Sanctuary,1.02,296,5098.07,Food Festival,Rainy,Bike,3392.07,No,6.7,83.81,4.5,Yes,Good
Maharashtra,Pune,01-03-2020,2020,March,39387,895,42315.8,Backwaters,1.05,464,3165.91,Festival,Humid,Flight,1256.54,Yes,7,87.11,4.5,Yes,Good
Maharashtra,Pune,01-04-2020,2020,April,18292,3688,28266.38,Cultural Festival,1.29,347,8226,Crafts Mela,Cloudy,Bus,1155.62,Yes,6.3,92.34,4.9,No,Average
Maharashtra,Pune,01-05-2020,2020,May,39418,1798,38921.4,River Rafting,0.94,425,6753.33,Religious Event,Humid,Boat,7139.82,No,3.5,55.16,4,No,Average
Maharashtra,Pune,01-06-2020,2020,June,40611,3224,69284.77,Wildlife Sanctuary,1.58,374,6018.81,Crafts Mela,Humid,Flight,2412.81,No,11.2,90.37,3.6,Yes,Poor
Maharashtra,Pune,01-07-2020,2020,July,37283,2444,34415.97,Museum,0.87,286,2414.42,Crafts Mela,Snowy,Boat,7536.73,Yes,7.6,74.87,3.9,No,Good
Maharashtra,Pune,01-08-2020,2020,August,31663,2602,45265.5,River Rafting,1.32,245,8073.03,Food Festival,Humid,Boat,4376.65,No,3.7,85.03,3.2,No,Average
Maharashtra,Pune,01-09-2020,2020,September,33059,1094,30712.69,Cultural Festival,0.9,143,6282.85,Religious Event,Rainy,Boat,2872.76,No,12,93.81,3.5,Yes,Average
Maharashtra,Pune,01-10-2020,2020,October,37654,4700,56021.12,Desert Safari,1.32,257,4978.45,Religious Event,Cold,Car,6702.19,No,2.7,79.17,4.6,No,Poor
Maharashtra,Pune,01-11-2020,2020,November,26281,1722,45272.02,Backwaters,1.62,482,9138.29,Religious Event,Sunny,Bike,2208.52,No,10.3,85.29,4.6,Yes,Average
Maharashtra,Pune,01-12-2020,2020,December,27426,1477,42007.34,River Rafting,1.45,225,9001.81,Dance Festival,Cloudy,Bus,527.58,No,6.9,68.77,3.5,Yes,Average
Maharashtra,Pune,01-01-2021,2021,January,8836,870,15375.22,Museum,1.58,367,8616.88,Art Fair,Cold,Train,3597.27,Yes,14.7,93.21,4.2,No,Average
Maharashtra,Pune,01-02-2021,2021,February,5386,3259,18015.06,Wildlife Sanctuary,2.08,118,1724.39,Dance Festival,Cold,Boat,3239.23,No,5.2,88.14,4.1,Yes,Good
Maharashtra,Pune,01-03-2021,2021,March,41978,694,46006.34,Fort,1.08,330,9054.75,Dance Festival,Rainy,Train,7763.74,Yes,14.2,61.25,4.9,No,Poor
Maharashtra,Pune,01-04-2021,2021,April,9149,3909,29286.16,Fort,2.24,378,2803.13,Festival,Snowy,Car,4598.85,Yes,2.2,73.51,3.3,Yes,Poor
Maharashtra,Pune,01-05-2021,2021,May,25284,4049,48089.39,Cultural Festival,1.64,336,4886.64,Music Festival,Cold,Car,4463.21,No,10.5,80.37,3.6,Yes,Average
Maharashtra,Pune,01-06-2021,2021,June,29716,748,33508.1,River Rafting,1.1,199,3023.42,Religious Event,Cloudy,Bike,5252.28,No,3.1,76.12,3.1,No,Poor
Maharashtra,Pune,01-07-2021,2021,July,8074,3411,19570.49,Backwaters,1.7,147,6066.32,Art Fair,Cloudy,Car,7888.08,No,13.5,62.21,4.1,No,Good
Maharashtra,Pune,01-08-2021,2021,August,16563,4604,29203.8,Temple,1.38,150,1540.47,Art Fair,Snowy,Bike,6311.85,Yes,6.5,50.88,3.3,Yes,Poor
Maharashtra,Pune,01-09-2021,2021,September,43124,2078,45279.98,Museum,1,78,2533.45,Festival,Cold,Boat,628.04,No,5.1,55.86,4.4,Yes,Good
Maharashtra,Pune,01-10-2021,2021,October,15312,1482,25524.26,Backwaters,1.52,392,9621.43,Sports Event,Snowy,Flight,7018.51,No,14.8,82.93,3.4,Yes,Good
Maharashtra,Pune,01-11-2021,2021,November,48391,2339,55093.4,River Rafting,1.09,251,6961.85,Crafts Mela,Sunny,Bus,7125.28,No,6.3,78.9,3.1,No,Average
Maharashtra,Pune,01-12-2021,2021,December,34546,4684,65959.09,River Rafting,1.68,456,5708.08,Sports Event,Cloudy,Bus,917.6,No,14.7,55.83,4.8,No,Good
Maharashtra,Pune,01-01-2022,2022,January,21074,2307,18546.68,Temple,0.79,138,7400.32,Sports Event,Humid,Flight,1607.33,No,6.8,81.37,4.4,No,Good
Maharashtra,Pune,01-02-2022,2022,February,8328,3468,17791.1,Fort,1.51,130,7228.58,Crafts Mela,Snowy,Car,1863.64,No,5.3,79.79,4.9,Yes,Poor
Maharashtra,Pune,01-03-2022,2022,March,31403,4119,52355.79,Hill Station,1.47,187,3077.83,Food Festival,Humid,Car,7960.48,Yes,11.9,58.39,4.8,Yes,Average
Maharashtra,Pune,01-04-2022,2022,April,44464,4010,69167.17,Fort,1.43,403,3336.12,Dance Festival,Humid,Car,2976.19,Yes,3.7,81.76,3.1,Yes,Poor
Maharashtra,Pune,01-05-2022,2022,May,13273,4105,17738.99,Fort,1.02,142,7891.07,Religious Event,Sunny,Bike,7164.24,Yes,8.5,85.86,4.3,No,Average
Maharashtra,Pune,01-06-2022,2022,June,44842,2465,56880.5,Hill Station,1.2,292,6943.2,Food Festival,Humid,Boat,4586.43,Yes,7.7,81.06,4.2,Yes,Poor
Maharashtra,Pune,01-07-2022,2022,July,30371,3664,60711.48,Temple,1.78,375,3771.3,Dance Festival,Sunny,Bike,6778.24,No,10.2,67.51,3.6,Yes,Poor
Maharashtra,Pune,01-08-2022,2022,August,6076,3360,14939.04,Backwaters,1.58,281,9989.87,Festival,Snowy,Boat,7641.22,Yes,12.3,89.18,4.4,No,Poor
Maharashtra,Pune,01-09-2022,2022,September,5807,4404,19849.47,Backwaters,1.94,108,8914.46,Religious Event,Cloudy,Train,1056.16,Yes,13.1,50.48,3.2,Yes,Average
Maharashtra,Pune,01-10-2022,2022,October,14984,2391,21530.05,Museum,1.24,178,4221.92,Music Festival,Humid,Flight,2564.7,No,4.5,68.2,4.9,Yes,Average
Maharashtra,Pune,01-11-2022,2022,November,49615,4056,81916.36,Beach,1.53,316,8056.81,Festival,Sunny,Bike,5925.48,No,5.5,82.76,3.6,No,Poor
Maharashtra,Pune,01-12-2022,2022,December,21890,3428,40109.33,River Rafting,1.58,393,7657.64,Dance Festival,Sunny,Car,3781.84,Yes,8.7,80.79,4.9,Yes,Good
Maharashtra,Pune,01-01-2023,2023,January,16542,1339,13081.46,Wildlife Sanctuary,0.73,133,3575.07,Religious Event,Cold,Bike,2273.54,Yes,12.7,52.49,5,Yes,Poor
Maharashtra,Pune,01-02-2023,2023,February,39571,3630,38762.5,River Rafting,0.9,287,5621.42,Religious Event,Cold,Boat,2110.17,No,9.8,80.98,3.3,Yes,Poor
Maharashtra,Pune,01-03-2023,2023,March,36309,3976,35268.23,Museum,0.88,412,7530.73,Sports Event,Humid,Train,838.43,No,13.6,57.1,4.2,Yes,Good
Maharashtra,Pune,01-04-2023,2023,April,25072,4846,54251.99,Backwaters,1.81,498,9975.48,Crafts Mela,Rainy,Car,3094.34,Yes,8.6,69.29,4.2,No,Average
Maharashtra,Pune,01-05-2023,2023,May,11750,1694,24066.69,Hill Station,1.79,175,3026.01,Food Festival,Cold,Boat,5480.37,No,14.1,75.16,3.3,Yes,Poor
Maharashtra,Pune,01-06-2023,2023,June,34693,4462,53503.24,Cultural Festival,1.37,51,3657.04,Sports Event,Rainy,Car,3243.38,No,4.2,64.28,3.2,No,Average
Maharashtra,Pune,01-07-2023,2023,July,40911,1171,43025.98,Desert Safari,1.02,475,2551.81,Religious Event,Rainy,Bus,577.75,Yes,5.3,93.65,4.4,No,Average
Maharashtra,Pune,01-08-2023,2023,August,46440,2781,50159.66,Beach,1.02,442,6698.77,Art Fair,Sunny,Boat,7097.83,Yes,9.4,93.3,4.6,No,Poor
Maharashtra,Pune,01-09-2023,2023,September,41078,965,25282.7,Hill Station,0.6,75,7511.26,Crafts Mela,Humid,Bus,5800.25,Yes,10.4,76.62,3.2,No,Good
Maharashtra,Pune,01-10-2023,2023,October,11289,1810,21706.69,Cultural Festival,1.66,476,7642.44,Dance Festival,Rainy,Bike,3212.93,Yes,8.3,66.41,4.9,No,Poor
Maharashtra,Pune,01-11-2023,2023,November,25198,814,18355.54,Backwaters,0.71,194,3364.38,Crafts Mela,Snowy,Bike,939.1,No,13.1,90.71,4.1,Yes,Poor
Maharashtra,Pune,01-12-2023,2023,December,25024,4056,30971.34,Backwaters,1.07,53,6897.37,Festival,Snowy,Boat,1977.15,Yes,14.9,69.63,3.3,No,Poor
Maharashtra,Nagpur,01-01-2019,2019,January,34581,4426,31035.11,Backwaters,0.8,262,5881.06,Religious Event,Snowy,Bus,4662.61,Yes,9.5,89.91,5,No,Average
Maharashtra,Nagpur,01-02-2019,2019,February,29996,2855,38374.24,Backwaters,1.17,353,2504.39,Religious Event,Humid,Train,6737.27,No,7.7,91.82,3.5,No,Good
Maharashtra,Nagpur,01-03-2019,2019,March,30745,1893,42025.62,Hill Station,1.29,73,2923.38,Religious Event,Cloudy,Bike,5912.66,No,10.9,56.13,4.5,No,Poor
Maharashtra,Nagpur,01-04-2019,2019,April,45069,1852,33559.13,Desert Safari,0.72,369,3371.65,Festival,Cloudy,Bus,5623.76,Yes,5.3,71.37,4.9,Yes,Poor
Maharashtra,Nagpur,01-05-2019,2019,May,19797,1880,23781.91,Museum,1.1,400,5852.63,Religious Event,Snowy,Train,5880.18,Yes,5.1,87.49,4.1,No,Average
Maharashtra,Nagpur,01-06-2019,2019,June,28848,750,34068.29,Cultural Festival,1.15,344,1705.01,Food Festival,Rainy,Car,4907.98,No,6.1,69.03,4.6,No,Average
Maharashtra,Nagpur,01-07-2019,2019,July,48453,2001,51055.18,Fort,1.01,472,3179.53,Dance Festival,Humid,Bike,616.97,Yes,14,73.59,4.1,Yes,Good
Maharashtra,Nagpur,01-08-2019,2019,August,22561,807,15828.06,River Rafting,0.68,60,9186.45,Sports Event,Cold,Bus,7773.9,Yes,11.4,92.55,4.9,Yes,Good
Maharashtra,Nagpur,01-09-2019,2019,September,40725,648,23010.03,Hill Station,0.56,151,4047.38,Dance Festival,Cold,Train,6249.9,No,4.4,72.66,4.9,Yes,Average
Maharashtra,Nagpur,01-10-2019,2019,October,49116,1616,32855.59,Backwaters,0.65,59,7048.6,Festival,Cold,Boat,7670.66,No,5.5,61.6,3.1,Yes,Good
Maharashtra,Nagpur,01-11-2019,2019,November,32486,2663,23792.83,Beach,0.68,396,1842.98,Crafts Mela,Snowy,Flight,3887.23,No,2,90,3.4,Yes,Good
Maharashtra,Nagpur,01-12-2019,2019,December,36114,4596,37713.18,River Rafting,0.93,262,4333.35,Music Festival,Rainy,Car,703.55,Yes,14.9,82.76,3,No,Poor
Maharashtra,Nagpur,01-01-2020,2020,January,24465,2441,23152.05,Desert Safari,0.86,62,3596.07,Art Fair,Humid,Bus,7610.32,No,14,52.94,3.8,No,Good
Maharashtra,Nagpur,01-02-2020,2020,February,47745,3195,56148.85,Museum,1.1,433,8940.12,Sports Event,Cloudy,Bike,1376.63,Yes,3,86.88,3.8,No,Poor
Maharashtra,Nagpur,01-03-2020,2020,March,12055,4948,32369.99,Beach,1.9,377,4293.11,Food Festival,Cloudy,Bike,5697.46,No,13.3,69.15,4.5,Yes,Good
Maharashtra,Nagpur,01-04-2020,2020,April,29814,687,38951.71,Hill Station,1.28,94,3889.47,Festival,Sunny,Flight,3959.63,No,7.8,72.95,4.4,No,Poor
Maharashtra,Nagpur,01-05-2020,2020,May,16647,995,28129.82,Fort,1.59,124,1649.46,Art Fair,Humid,Flight,1562.59,No,10.9,84.33,3.7,Yes,Poor
Maharashtra,Nagpur,01-06-2020,2020,June,18733,1971,23922.63,Beach,1.16,419,3796.14,Art Fair,Cloudy,Car,6470.31,Yes,2.5,53.24,4.4,Yes,Average
Maharashtra,Nagpur,01-07-2020,2020,July,41089,3767,46197.13,Wildlife Sanctuary,1.03,65,2211.16,Sports Event,Humid,Bus,4441.31,Yes,13.9,73.76,4.3,Yes,Poor
Maharashtra,Nagpur,01-08-2020,2020,August,38836,1121,61343.66,Hill Station,1.54,410,3998.65,Food Festival,Rainy,Boat,1589.56,No,12.9,82.86,4.2,Yes,Average
Maharashtra,Nagpur,01-09-2020,2020,September,5133,3571,19386.12,Wildlife Sanctuary,2.23,367,7842.64,Art Fair,Cold,Car,7449.63,Yes,10,63.8,3.8,Yes,Average
Maharashtra,Nagpur,01-10-2020,2020,October,5050,1154,9339.79,Temple,1.51,489,8058.91,Art Fair,Humid,Train,3204.37,No,10.8,88.26,4.4,No,Good
Maharashtra,Nagpur,01-11-2020,2020,November,41146,714,29615.87,Hill Station,0.71,365,5482.18,Festival,Sunny,Bike,3509.04,Yes,12.6,72.97,4,Yes,Poor
Maharashtra,Nagpur,01-12-2020,2020,December,27111,4801,55314.44,Temple,1.73,359,8522.41,Dance Festival,Cold,Bus,4757.47,Yes,6.9,51.65,3.6,Yes,Average
Maharashtra,Nagpur,01-01-2021,2021,January,26004,3560,44262.11,Backwaters,1.5,379,4438.8,Crafts Mela,Snowy,Train,1252.91,No,4,56.68,4,Yes,Good
Maharashtra,Nagpur,01-02-2021,2021,February,38698,4375,60637.85,River Rafting,1.41,304,4036.51,Sports Event,Rainy,Car,3776.95,Yes,3,84.4,3.9,No,Good
Maharashtra,Nagpur,01-03-2021,2021,March,35196,3045,60567.11,Wildlife Sanctuary,1.58,126,7228.03,Food Festival,Rainy,Boat,878.52,No,2.6,84.75,3.3,No,Poor
Maharashtra,Nagpur,01-04-2021,2021,April,35835,4653,74283.12,River Rafting,1.83,425,6391.1,Sports Event,Humid,Bus,2905.4,Yes,2.8,58.43,3.5,Yes,Poor
Maharashtra,Nagpur,01-05-2021,2021,May,17278,2767,17192.17,Desert Safari,0.86,347,4030.94,Sports Event,Snowy,Train,2834.42,Yes,11,76.08,3.6,Yes,Poor
Maharashtra,Nagpur,01-06-2021,2021,June,45260,3518,34698.42,Fort,0.71,173,4345.04,Art Fair,Cold,Bus,6318.24,Yes,14.5,55.75,5,Yes,Poor
Maharashtra,Nagpur,01-07-2021,2021,July,14046,2163,23912.88,Hill Station,1.48,88,3589.57,Sports Event,Rainy,Bike,2020.1,No,9.9,83.44,4.9,No,Average
Maharashtra,Nagpur,01-08-2021,2021,August,34708,3876,51234.96,Cultural Festival,1.33,259,8509.12,Art Fair,Humid,Flight,1617.6,Yes,13.2,57.96,3.7,Yes,Average
Maharashtra,Nagpur,01-09-2021,2021,September,48779,2632,78483.96,Hill Station,1.53,281,4081.23,Dance Festival,Cold,Bike,7621.08,Yes,8.6,51.07,3.8,No,Average
Maharashtra,Nagpur,01-10-2021,2021,October,29392,2872,47988.55,River Rafting,1.49,487,3893.96,Religious Event,Cold,Boat,5518.71,Yes,5.7,53.51,4.1,No,Average
Maharashtra,Nagpur,01-11-2021,2021,November,21148,4901,33199.9,Wildlife Sanctuary,1.27,211,3246.32,Art Fair,Rainy,Boat,3528.39,No,5.7,80.05,3.5,Yes,Poor
Maharashtra,Nagpur,01-12-2021,2021,December,14025,830,20233.9,Beach,1.36,460,2180.28,Crafts Mela,Cold,Flight,5590.14,No,3.5,74.12,4.4,No,Good
Maharashtra,Nagpur,01-01-2022,2022,January,8591,791,11177.52,Museum,1.19,299,5636.51,Crafts Mela,Snowy,Car,2743.24,Yes,3.3,84.1,4,Yes,Average
Maharashtra,Nagpur,01-02-2022,2022,February,35355,4292,55485.04,Beach,1.4,93,4824.45,Sports Event,Rainy,Car,7211.96,Yes,3.8,60.86,4.6,Yes,Poor
Maharashtra,Nagpur,01-03-2022,2022,March,12620,3827,32236.92,Museum,1.96,118,8152.16,Sports Event,Cloudy,Flight,7763.26,Yes,14.6,78.1,4.3,No,Good
Maharashtra,Nagpur,01-04-2022,2022,April,35238,521,50029.65,Museum,1.4,254,3281.28,Music Festival,Cold,Bike,5455.02,Yes,9.3,86.57,4.7,No,Good
Maharashtra,Nagpur,01-05-2022,2022,May,29960,1973,42937.85,Beach,1.34,285,4664.72,Music Festival,Humid,Bike,5144.55,Yes,10.3,89.79,3.4,No,Poor
Maharashtra,Nagpur,01-06-2022,2022,June,26010,3295,30643.01,Temple,1.05,162,5759.06,Music Festival,Cold,Bike,2195.09,Yes,7.6,89.98,5,Yes,Average
Maharashtra,Nagpur,01-07-2022,2022,July,31098,1806,23358.73,Temple,0.71,470,1871.12,Sports Event,Sunny,Car,7564.47,No,12.9,56.58,5,Yes,Average
Maharashtra,Nagpur,01-08-2022,2022,August,32422,2277,50515.52,Wildlife Sanctuary,1.46,140,5977.72,Art Fair,Snowy,Bike,5095.9,Yes,4.4,52.28,3.4,Yes,Good
Maharashtra,Nagpur,01-09-2022,2022,September,10626,510,12475.14,Cultural Festival,1.12,343,1607.3,Sports Event,Humid,Bus,640.5,No,9.1,61.61,4.9,Yes,Good
Maharashtra,Nagpur,01-10-2022,2022,October,49919,1363,43718.3,Desert Safari,0.85,479,7244.83,Food Festival,Cloudy,Flight,4163.42,Yes,14.4,82.21,3.7,No,Poor
Maharashtra,Nagpur,01-11-2022,2022,November,24158,4680,52349.55,Backwaters,1.82,444,2148.15,Dance Festival,Cold,Bike,657.78,No,5.3,63.03,4.1,Yes,Average
Maharashtra,Nagpur,01-12-2022,2022,December,28705,4725,51359.47,Hill Station,1.54,462,3865.52,Food Festival,Rainy,Train,6793.05,No,5.3,51.68,4.6,Yes,Poor
Maharashtra,Nagpur,01-01-2023,2023,January,17707,1123,28688.89,Wildlife Sanctuary,1.52,140,8439.43,Religious Event,Snowy,Boat,953.82,Yes,10.6,68.06,4.7,No,Average
Maharashtra,Nagpur,01-02-2023,2023,February,32622,4059,59264.67,Fort,1.62,54,8854.14,Religious Event,Snowy,Train,6807.91,Yes,5.4,89.65,4.8,No,Good
Maharashtra,Nagpur,01-03-2023,2023,March,47684,2714,68562.99,Museum,1.36,465,7127.31,Food Festival,Cloudy,Train,1847.88,Yes,8.3,76.69,4.4,Yes,Good
Maharashtra,Nagpur,01-04-2023,2023,April,16001,1853,16537.05,River Rafting,0.93,376,9572.15,Religious Event,Snowy,Car,2986.44,No,9.5,77.01,4.9,Yes,Poor
Maharashtra,Nagpur,01-05-2023,2023,May,30900,784,42976.1,Desert Safari,1.36,295,5521.12,Sports Event,Cold,Train,6302.58,Yes,9.3,65.41,4.4,Yes,Average
Maharashtra,Nagpur,01-06-2023,2023,June,33745,2708,43011.9,Hill Station,1.18,61,4115.93,Festival,Cloudy,Boat,1191.95,Yes,3.7,75.33,4.9,Yes,Average
Maharashtra,Nagpur,01-07-2023,2023,July,11475,889,14924.98,Cultural Festival,1.21,142,8812.16,Dance Festival,Sunny,Bus,5868.96,Yes,5.6,78.91,3.4,Yes,Average
Maharashtra,Nagpur,01-08-2023,2023,August,48336,1225,54356.48,Desert Safari,1.1,94,6051.17,Crafts Mela,Cold,Car,7667.9,Yes,8.3,80.84,3.4,No,Average
Maharashtra,Nagpur,01-09-2023,2023,September,41640,732,39083.84,Desert Safari,0.92,155,8168.25,Food Festival,Cold,Flight,1869.38,No,4.6,62.92,3,Yes,Average
Maharashtra,Nagpur,01-10-2023,2023,October,16378,1400,15169.07,Wildlife Sanctuary,0.85,438,1887.92,Religious Event,Snowy,Bike,4946.84,Yes,3,71.81,4.7,No,Good
Maharashtra,Nagpur,01-11-2023,2023,November,12026,4587,33538.56,Temple,2.02,255,3437.26,Food Festival,Snowy,Bus,7441.72,No,9.4,79.82,3.7,Yes,Average
Maharashtra,Nagpur,01-12-2023,2023,December,8935,4657,28718.73,Museum,2.11,356,2259.15,Food Festival,Humid,Flight,3816.5,No,7.5,76.87,4.5,Yes,Good
Rajasthan,Jaipur,01-01-2019,2019,January,42439,2580,54067.25,Beach,1.2,162,2478.5,Crafts Mela,Sunny,Train,2602.05,No,10.1,70.64,3.5,No,Poor
Rajasthan,Jaipur,01-02-2019,2019,February,28596,2921,30838.4,River Rafting,0.98,54,2317.23,Sports Event,Cloudy,Train,3306.12,No,13,68.95,3.4,No,Average
Rajasthan,Jaipur,01-03-2019,2019,March,32878,3573,40402.55,Desert Safari,1.11,381,5681.94,Food Festival,Cold,Train,3733.35,Yes,10,62.08,3.5,Yes,Average
Rajasthan,Jaipur,01-04-2019,2019,April,20259,2298,21001.61,Beach,0.93,116,2891.09,Art Fair,Sunny,Flight,5131.94,No,4.3,52.57,3.3,No,Average
Rajasthan,Jaipur,01-05-2019,2019,May,48158,3328,70661.7,Desert Safari,1.37,383,8426.16,Music Festival,Cloudy,Boat,4987.46,No,8.7,67.21,4.6,No,Average
Rajasthan,Jaipur,01-06-2019,2019,June,40552,599,29829.22,Cultural Festival,0.72,365,2220.25,Dance Festival,Rainy,Bus,5642.97,Yes,4.1,64.08,3.1,Yes,Average
Rajasthan,Jaipur,01-07-2019,2019,July,19116,3440,21058.73,Cultural Festival,0.93,203,2939.43,Crafts Mela,Snowy,Boat,5253.11,No,11.9,77.14,3.6,Yes,Good
Rajasthan,Jaipur,01-08-2019,2019,August,13515,3769,19646.41,River Rafting,1.14,259,3729.73,Religious Event,Snowy,Bus,1245.65,Yes,12.2,85.84,3.6,Yes,Poor
Rajasthan,Jaipur,01-09-2019,2019,September,8269,2946,18639.99,Museum,1.66,128,6905.26,Art Fair,Snowy,Car,4368.8,Yes,5.4,80.2,4.3,Yes,Average
Rajasthan,Jaipur,01-10-2019,2019,October,40566,1831,49938.32,River Rafting,1.18,478,5255.44,Dance Festival,Sunny,Car,3046.89,Yes,2.9,90.09,3.8,Yes,Poor
Rajasthan,Jaipur,01-11-2019,2019,November,29597,3040,34604.7,Wildlife Sanctuary,1.06,360,5761.48,Dance Festival,Rainy,Train,3432.36,No,6.3,51.2,3.1,Yes,Average
Rajasthan,Jaipur,01-12-2019,2019,December,32162,3721,41834.27,Desert Safari,1.17,253,6688.66,Music Festival,Cold,Bus,3452.93,Yes,3.8,58.79,3.3,Yes,Good
Rajasthan,Jaipur,01-01-2020,2020,January,22675,4912,47663.95,Backwaters,1.73,486,4611.87,Religious Event,Sunny,Bike,3966.43,No,8.5,73.34,4.8,Yes,Good
Rajasthan,Jaipur,01-02-2020,2020,February,33567,3396,47098.68,Cultural Festival,1.27,380,4622.7,Art Fair,Humid,Train,4526.02,Yes,10.4,75.36,4.6,No,Good
Rajasthan,Jaipur,01-03-2020,2020,March,10696,2087,13745.02,Beach,1.08,62,5664.95,Food Festival,Rainy,Flight,3744.63,Yes,8.7,75.2,5,Yes,Poor
Rajasthan,Jaipur,01-04-2020,2020,April,40084,768,48651.33,Temple,1.19,499,6310.68,Dance Festival,Sunny,Boat,586.34,No,10.9,92.84,4.1,Yes,Poor
Rajasthan,Jaipur,01-05-2020,2020,May,16364,2938,27248.79,Desert Safari,1.41,490,5744.83,Dance Festival,Cold,Train,2464.93,Yes,10.2,93.58,4.2,Yes,Poor
Rajasthan,Jaipur,01-06-2020,2020,June,28724,1632,46436.39,Fort,1.53,430,4220.22,Sports Event,Humid,Bike,5566.28,Yes,10.6,65.76,4.5,No,Poor
Rajasthan,Jaipur,01-07-2020,2020,July,37293,3013,42654.89,Museum,1.06,161,4283.94,Food Festival,Cloudy,Train,3488.53,Yes,5.3,74.95,4.9,No,Average
Rajasthan,Jaipur,01-08-2020,2020,August,45206,1982,49106.68,Fort,1.04,108,8443.67,Food Festival,Cloudy,Flight,998.47,No,9.9,84.29,3.9,No,Good
Rajasthan,Jaipur,01-09-2020,2020,September,37942,4688,62216.43,Hill Station,1.46,65,6714.61,Festival,Cloudy,Bike,3647.31,No,5.9,93.81,5,Yes,Poor
Rajasthan,Jaipur,01-10-2020,2020,October,18975,3622,20360.92,Museum,0.9,338,8293.5,Food Festival,Snowy,Bus,6888.71,Yes,7.8,86.82,4.7,Yes,Good
Rajasthan,Jaipur,01-11-2020,2020,November,20150,1928,29995.66,Beach,1.36,83,8053.71,Music Festival,Rainy,Bike,3385.11,Yes,12,58.69,4.1,Yes,Good
Rajasthan,Jaipur,01-12-2020,2020,December,39611,2477,53240.48,Fort,1.26,379,3452.83,Sports Event,Humid,Boat,5267.41,Yes,9.7,54.24,3.7,Yes,Poor
Rajasthan,Jaipur,01-01-2021,2021,January,7720,4888,21015.77,Wildlife Sanctuary,1.67,413,3188.74,Sports Event,Cold,Boat,633.45,No,2.8,94.91,4.5,Yes,Good
Rajasthan,Jaipur,01-02-2021,2021,February,30066,2699,39160.48,Temple,1.2,306,9556.37,Crafts Mela,Humid,Train,856.65,No,2.1,61.22,4.5,Yes,Poor
Rajasthan,Jaipur,01-03-2021,2021,March,6116,1916,15464.25,Hill Station,1.93,58,8454.06,Festival,Snowy,Bus,5313.72,Yes,7.8,80.56,4.1,Yes,Good
Rajasthan,Jaipur,01-04-2021,2021,April,12668,4768,29684.9,Desert Safari,1.7,84,6330.13,Crafts Mela,Sunny,Car,2169.84,Yes,3.5,79.5,4.1,No,Poor
Rajasthan,Jaipur,01-05-2021,2021,May,33935,4746,57164.06,Fort,1.48,286,3683.17,Dance Festival,Rainy,Flight,3191.83,No,5.4,78.86,4.6,No,Good
Rajasthan,Jaipur,01-06-2021,2021,June,17349,2924,24176.34,Temple,1.19,427,7668.71,Sports Event,Snowy,Bike,812.96,Yes,11.5,54.65,4.1,Yes,Poor
Rajasthan,Jaipur,01-07-2021,2021,July,10249,2711,23583.04,Temple,1.82,117,2178.19,Food Festival,Sunny,Boat,2821.01,Yes,14.2,62.02,3.9,No,Good
Rajasthan,Jaipur,01-08-2021,2021,August,24520,3470,51925.67,Cultural Festival,1.86,359,7639.33,Festival,Cold,Car,991.05,Yes,3.4,66.19,3.6,Yes,Average
Rajasthan,Jaipur,01-09-2021,2021,September,15629,2992,16414.13,Desert Safari,0.88,269,4542.77,Sports Event,Rainy,Bike,7245.29,Yes,12.6,66.09,3.6,No,Average
Rajasthan,Jaipur,01-10-2021,2021,October,48664,4432,55052.12,Museum,1.04,115,8247.58,Dance Festival,Cold,Bus,1569.12,Yes,10.9,79.24,4.3,Yes,Good
Rajasthan,Jaipur,01-11-2021,2021,November,19100,3429,29741.88,Wildlife Sanctuary,1.32,97,6202.13,Crafts Mela,Cold,Car,4244.22,Yes,7.9,73.18,4.4,No,Average
Rajasthan,Jaipur,01-12-2021,2021,December,21633,2389,22518.74,River Rafting,0.94,83,9239.23,Art Fair,Cold,Bus,2200.47,Yes,13.6,90.29,3.6,No,Average
Rajasthan,Jaipur,01-01-2022,2022,January,14407,4459,32349.72,Cultural Festival,1.71,454,9686.27,Sports Event,Cloudy,Flight,1737.85,No,5.4,87.78,4.3,Yes,Good
Rajasthan,Jaipur,01-02-2022,2022,February,43469,3273,67784.33,Museum,1.45,395,3441.71,Dance Festival,Rainy,Train,3008.27,Yes,11.3,85.93,3.9,No,Good
Rajasthan,Jaipur,01-03-2022,2022,March,12546,1522,14899.68,Wildlife Sanctuary,1.06,469,4221.61,Festival,Cloudy,Boat,4913.95,No,14.7,91.09,4.9,No,Poor
Rajasthan,Jaipur,01-04-2022,2022,April,25927,2272,30022.04,Museum,1.06,241,5887.38,Art Fair,Snowy,Flight,6245.71,Yes,6.1,65.2,4.9,Yes,Average
Rajasthan,Jaipur,01-05-2022,2022,May,33992,2421,55122.1,Hill Station,1.51,488,9039.4,Festival,Humid,Train,1821.89,No,5,73.34,4.4,Yes,Good
Rajasthan,Jaipur,01-06-2022,2022,June,35816,3852,59459.83,River Rafting,1.5,308,4372.23,Dance Festival,Sunny,Boat,4827.82,No,12.3,58.75,4.7,Yes,Poor
Rajasthan,Jaipur,01-07-2022,2022,July,18056,2181,29909.35,Backwaters,1.48,144,4725.33,Food Festival,Sunny,Bus,3200.88,No,13.2,84.23,3.5,No,Good
Rajasthan,Jaipur,01-08-2022,2022,August,25915,4323,32943.54,Cultural Festival,1.09,80,5284.78,Festival,Cold,Car,4039.61,Yes,4.2,90.57,4.7,No,Poor
Rajasthan,Jaipur,01-09-2022,2022,September,40571,4718,53511.33,Temple,1.18,188,6260.22,Music Festival,Sunny,Train,6771.55,Yes,2.3,93.37,4.4,Yes,Good
Rajasthan,Jaipur,01-10-2022,2022,October,14359,1671,16219.2,Fort,1.01,113,5951.23,Religious Event,Snowy,Bus,3998,No,14.6,77.42,4.6,Yes,Average
Rajasthan,Jaipur,01-11-2022,2022,November,9992,1153,15817.76,Museum,1.42,440,7743.61,Music Festival,Snowy,Boat,7021.04,No,14,85.65,3.1,Yes,Average
Rajasthan,Jaipur,01-12-2022,2022,December,27062,3225,47067.57,Fort,1.55,316,8646.71,Festival,Humid,Train,5904.19,No,7.2,75.24,4.4,No,Average
Rajasthan,Jaipur,01-01-2023,2023,January,11335,1634,18306.41,Desert Safari,1.41,215,5788.72,Dance Festival,Rainy,Train,3196.82,No,11.9,63.34,4.6,No,Average
Rajasthan,Jaipur,01-02-2023,2023,February,30280,2433,28276.43,Fort,0.86,89,4421.66,Crafts Mela,Cloudy,Train,6072.8,No,8.2,81.81,3.8,Yes,Poor
Rajasthan,Jaipur,01-03-2023,2023,March,32364,3504,31230.12,Desert Safari,0.87,110,4776.48,Food Festival,Humid,Bus,4110.49,No,3.2,66.3,4.9,Yes,Average
Rajasthan,Jaipur,01-04-2023,2023,April,7707,1176,12943.99,Temple,1.46,350,7053.9,Music Festival,Sunny,Flight,2137.81,No,3.6,65.19,4.7,Yes,Poor
Rajasthan,Jaipur,01-05-2023,2023,May,6843,1479,12988.38,Cultural Festival,1.56,255,4202.92,Food Festival,Snowy,Flight,4236.64,No,13.3,77.69,5,Yes,Poor
Rajasthan,Jaipur,01-06-2023,2023,June,27645,4518,51501.57,Wildlife Sanctuary,1.6,409,3482.38,Dance Festival,Cloudy,Boat,5569.41,Yes,9.5,83.09,4.1,Yes,Average
Rajasthan,Jaipur,01-07-2023,2023,July,32853,1045,37562.97,Desert Safari,1.11,70,4798.09,Crafts Mela,Rainy,Bike,6109.99,No,8,63.76,4.4,Yes,Good
Rajasthan,Jaipur,01-08-2023,2023,August,40674,3893,71524.31,Backwaters,1.6,274,9427.91,Festival,Rainy,Train,3410.17,No,10.4,70.36,3.5,No,Poor
Rajasthan,Jaipur,01-09-2023,2023,September,36426,1350,27084.49,Beach,0.72,127,1543.13,Art Fair,Sunny,Bus,1403.31,Yes,12.9,73.41,4.7,Yes,Good
Rajasthan,Jaipur,01-10-2023,2023,October,9337,1535,12956.86,Wildlife Sanctuary,1.19,245,9501.78,Art Fair,Humid,Boat,3984.62,Yes,6.7,84.92,4.1,No,Average
Rajasthan,Jaipur,01-11-2023,2023,November,47263,4402,90306.55,Hill Station,1.75,298,7274.48,Dance Festival,Cold,Flight,4767.78,No,7.1,85.1,4.5,No,Average
Rajasthan,Jaipur,01-12-2023,2023,December,16079,2378,30876.91,Cultural Festival,1.67,207,5078.63,Crafts Mela,Sunny,Train,1222.54,Yes,6.7,76.13,3.1,No,Poor
Rajasthan,Udaipur,01-01-2019,2019,January,15341,3755,24967.07,Cultural Festival,1.31,106,3708.3,Sports Event,Rainy,Car,5692.38,Yes,13.1,89.93,4.3,Yes,Poor
Rajasthan,Udaipur,01-02-2019,2019,February,34705,1898,33475.41,Beach,0.91,344,5804.45,Dance Festival,Snowy,Flight,4806.65,No,3.7,90.95,4.6,No,Average
Rajasthan,Udaipur,01-03-2019,2019,March,16172,3246,31126.55,Wildlife Sanctuary,1.6,76,8162.16,Crafts Mela,Sunny,Bike,4397,No,6.9,86.61,3.7,No,Poor
Rajasthan,Udaipur,01-04-2019,2019,April,7212,2582,19525.3,Hill Station,1.99,101,8567.32,Festival,Cold,Flight,2343.5,Yes,11,63.32,4,No,Good
Rajasthan,Udaipur,01-05-2019,2019,May,45253,1673,67807.63,River Rafting,1.44,50,8361.08,Music Festival,Sunny,Boat,7428.77,No,13.1,64.9,3.9,Yes,Good
Rajasthan,Udaipur,01-06-2019,2019,June,32579,3249,30767.36,Wildlife Sanctuary,0.86,244,4170.96,Art Fair,Cloudy,Train,4641.16,No,6.4,51.23,4,Yes,Average
Rajasthan,Udaipur,01-07-2019,2019,July,43526,4298,43527.1,Wildlife Sanctuary,0.91,260,5722.31,Festival,Sunny,Bus,7965.23,No,6.7,72.14,3.6,Yes,Good
Rajasthan,Udaipur,01-08-2019,2019,August,5216,1769,9063.93,Hill Station,1.3,283,8964.6,Music Festival,Snowy,Bike,5063.04,No,10,88.53,3.5,Yes,Average
Rajasthan,Udaipur,01-09-2019,2019,September,15051,2222,31006.31,Temple,1.8,443,7844.53,Festival,Rainy,Train,7466.09,Yes,10.2,80.38,3.4,Yes,Poor
Rajasthan,Udaipur,01-10-2019,2019,October,27431,1732,34289.82,Desert Safari,1.18,209,4493.85,Crafts Mela,Rainy,Bus,1443.92,Yes,5,94.97,4,No,Poor
Rajasthan,Udaipur,01-11-2019,2019,November,35533,4380,38266.89,Backwaters,0.96,344,9573.67,Music Festival,Sunny,Train,5669.79,No,8.4,79.9,3.7,Yes,Average
Rajasthan,Udaipur,01-12-2019,2019,December,5903,1246,12614.49,Fort,1.76,68,4397.13,Sports Event,Cold,Bus,6542.83,No,13.2,72.22,4.5,No,Poor
Rajasthan,Udaipur,01-01-2020,2020,January,9013,2417,12459.29,Hill Station,1.09,473,5277.2,Food Festival,Cloudy,Flight,7655.64,Yes,11,83.59,3.5,Yes,Average
Rajasthan,Udaipur,01-02-2020,2020,February,21211,2359,24663.17,Beach,1.05,401,1983.88,Religious Event,Humid,Car,7639.82,No,6.4,68.51,3.4,Yes,Average
Rajasthan,Udaipur,01-03-2020,2020,March,7594,2581,20097.57,Wildlife Sanctuary,1.98,55,6116.46,Music Festival,Rainy,Flight,1377.33,No,4.9,51.06,5,No,Poor
Rajasthan,Udaipur,01-04-2020,2020,April,32903,4509,34883.95,Fort,0.93,488,3625.93,Art Fair,Humid,Bike,574.73,Yes,14.1,68.77,4.4,Yes,Average
Rajasthan,Udaipur,01-05-2020,2020,May,26384,2511,25420.08,Museum,0.88,398,4229.79,Dance Festival,Cloudy,Bus,808.59,No,8.3,88.88,3.7,No,Poor
Rajasthan,Udaipur,01-06-2020,2020,June,26789,2706,41639.29,Fort,1.41,115,3384.71,Food Festival,Rainy,Flight,5206.68,No,6,72.06,4.8,No,Poor
Rajasthan,Udaipur,01-07-2020,2020,July,25604,2550,44622.11,Beach,1.58,322,9375.57,Art Fair,Rainy,Flight,880.41,Yes,11,62.59,5,Yes,Poor
Rajasthan,Udaipur,01-08-2020,2020,August,33460,4167,64251.24,Wildlife Sanctuary,1.71,124,3195.07,Art Fair,Cold,Train,7429,No,3,69.59,4.4,No,Average
Rajasthan,Udaipur,01-09-2020,2020,September,10729,2098,15938.44,Beach,1.24,167,6954.12,Religious Event,Sunny,Train,3469.68,Yes,2.8,79.08,4.4,No,Good
Rajasthan,Udaipur,01-10-2020,2020,October,24239,3719,40773.96,Museum,1.46,422,3494,Art Fair,Sunny,Bus,4809.55,Yes,13.5,66.51,4.8,Yes,Good
Rajasthan,Udaipur,01-11-2020,2020,November,10284,4032,19499.1,River Rafting,1.36,248,5383.7,Festival,Cold,Car,3723.06,Yes,8.5,77.69,3.9,Yes,Good
Rajasthan,Udaipur,01-12-2020,2020,December,23364,753,26402.62,Temple,1.09,336,8040.11,Food Festival,Snowy,Flight,787.26,Yes,3.5,64.67,4.4,No,Poor
Rajasthan,Udaipur,01-01-2021,2021,January,36508,3559,35988.2,Backwaters,0.9,290,3822.42,Sports Event,Snowy,Train,4253.12,No,3.7,91.94,4.2,Yes,Good
Rajasthan,Udaipur,01-02-2021,2021,February,30449,830,47327.5,Backwaters,1.51,268,3091.74,Music Festival,Cold,Flight,6632.6,No,2.1,51.47,3.9,No,Average
Rajasthan,Udaipur,01-03-2021,2021,March,11204,3123,28258.04,River Rafting,1.97,431,5645.74,Dance Festival,Humid,Car,1411.87,No,7.1,75.66,3.4,Yes,Poor
Rajasthan,Udaipur,01-04-2021,2021,April,44225,3030,73405.98,Desert Safari,1.55,205,7329.12,Sports Event,Rainy,Flight,7686.65,Yes,14.7,61.86,3.8,Yes,Poor
Rajasthan,Udaipur,01-05-2021,2021,May,12855,2851,21569.81,Wildlife Sanctuary,1.37,271,7678.18,Festival,Snowy,Train,6420.03,Yes,8.2,89.3,4.1,No,Average
Rajasthan,Udaipur,01-06-2021,2021,June,45883,2252,51296.74,River Rafting,1.07,448,7059.34,Art Fair,Sunny,Train,5555.11,Yes,5.4,83.25,3.8,No,Poor
Rajasthan,Udaipur,01-07-2021,2021,July,29400,2504,26169.58,Desert Safari,0.82,471,5304.17,Food Festival,Rainy,Flight,6291.67,No,2.9,93.17,3.2,No,Poor
Rajasthan,Udaipur,01-08-2021,2021,August,19645,2090,31637.25,Hill Station,1.46,280,9875.32,Festival,Humid,Flight,5286.81,No,4.1,69.59,3.1,Yes,Poor
Rajasthan,Udaipur,01-09-2021,2021,September,31415,1449,23705.77,Fort,0.72,498,1609.04,Music Festival,Rainy,Flight,4503.64,Yes,12.7,83.3,4.5,Yes,Average
Rajasthan,Udaipur,01-10-2021,2021,October,19769,2719,27600.44,Desert Safari,1.23,94,5546.53,Festival,Humid,Flight,6655.88,No,6.4,61.43,4.4,Yes,Average
Rajasthan,Udaipur,01-11-2021,2021,November,43245,1377,43677.77,Museum,0.98,395,7481.6,Sports Event,Cold,Bus,1492.92,No,7.2,50.87,4.2,Yes,Poor
Rajasthan,Udaipur,01-12-2021,2021,December,16262,3617,28986.1,Beach,1.46,328,1725.05,Crafts Mela,Snowy,Flight,4342.92,Yes,3.3,93.37,4.4,Yes,Good
Rajasthan,Udaipur,01-01-2022,2022,January,44791,3307,51693.67,River Rafting,1.07,359,9576.54,Food Festival,Cold,Flight,7345.41,No,13.5,90.73,4.8,No,Poor
Rajasthan,Udaipur,01-02-2022,2022,February,31438,3029,39568.17,Desert Safari,1.15,409,4617.06,Art Fair,Humid,Bus,6993.68,Yes,8.6,88.03,3.9,No,Poor
Rajasthan,Udaipur,01-03-2022,2022,March,37040,3002,64971.32,Desert Safari,1.62,201,1826.4,Dance Festival,Cold,Bus,7519.98,No,10.2,86.12,4.6,No,Poor
Rajasthan,Udaipur,01-04-2022,2022,April,39345,2966,54938.79,Fort,1.3,103,2435.65,Art Fair,Cloudy,Bus,6008.01,Yes,13.1,51.93,3.6,Yes,Average
Rajasthan,Udaipur,01-05-2022,2022,May,27985,803,25033.19,Wildlife Sanctuary,0.87,331,9898.45,Food Festival,Rainy,Flight,6992.19,Yes,15,70.88,4.4,No,Poor
Rajasthan,Udaipur,01-06-2022,2022,June,19307,3801,41248.3,Temple,1.79,122,4488.35,Art Fair,Snowy,Bus,677.2,No,10.4,79.88,3.4,No,Average
Rajasthan,Udaipur,01-07-2022,2022,July,17080,4483,42026.68,Beach,1.95,414,9650.31,Food Festival,Humid,Bike,4814.11,No,9.7,70.93,4.8,Yes,Poor
Rajasthan,Udaipur,01-08-2022,2022,August,38205,1676,46526.84,Beach,1.17,454,8831.36,Dance Festival,Rainy,Train,5321.82,Yes,8.5,90.47,3.6,No,Poor
Rajasthan,Udaipur,01-09-2022,2022,September,30254,1865,35129.89,Hill Station,1.09,144,7313.32,Religious Event,Snowy,Boat,7922.01,No,5.5,69.37,3.1,Yes,Poor
Rajasthan,Udaipur,01-10-2022,2022,October,35105,2798,58398.67,Temple,1.54,335,3514.65,Crafts Mela,Sunny,Train,1333.94,Yes,8.6,55.91,3.7,No,Average
Rajasthan,Udaipur,01-11-2022,2022,November,10719,930,14322.58,River Rafting,1.23,161,3196.47,Sports Event,Cloudy,Boat,6436.1,No,3.8,58.08,4.5,Yes,Poor
Rajasthan,Udaipur,01-12-2022,2022,December,25806,3470,42280.05,Temple,1.44,296,7698.1,Sports Event,Cold,Car,5245.42,Yes,7.6,50.6,4.5,No,Average
Rajasthan,Udaipur,01-01-2023,2023,January,32928,2413,25832,Wildlife Sanctuary,0.73,367,5399.46,Dance Festival,Snowy,Boat,3838.35,Yes,13.7,85.35,4.8,Yes,Good
Rajasthan,Udaipur,01-02-2023,2023,February,41489,4117,40514.75,Cultural Festival,0.89,201,8234.08,Crafts Mela,Rainy,Bus,6169.81,No,6,62.97,4.8,Yes,Poor
Rajasthan,Udaipur,01-03-2023,2023,March,10643,4259,29722.08,Beach,1.99,213,8480.96,Sports Event,Snowy,Flight,5565.15,Yes,5.8,56.78,4.5,Yes,Average
Rajasthan,Udaipur,01-04-2023,2023,April,8059,2097,20143.79,River Rafting,1.98,351,6504.48,Festival,Cold,Train,1402.46,No,10.2,91.26,3.4,Yes,Poor
Rajasthan,Udaipur,01-05-2023,2023,May,49815,4216,45996.56,Beach,0.85,439,2416.33,Festival,Cold,Flight,4166.05,No,6.1,64.32,4.3,Yes,Poor
Rajasthan,Udaipur,01-06-2023,2023,June,37689,2708,42787.53,Backwaters,1.06,123,2271.49,Music Festival,Cloudy,Boat,4128.61,No,3.3,53.75,3.6,No,Average
Rajasthan,Udaipur,01-07-2023,2023,July,47109,3425,45333.26,Wildlife Sanctuary,0.9,201,8161.11,Religious Event,Rainy,Flight,2369.2,Yes,9.6,58.69,3.4,Yes,Poor
Rajasthan,Udaipur,01-08-2023,2023,August,39866,2675,32925.66,Beach,0.77,371,8230.87,Religious Event,Cold,Boat,4720.94,Yes,3.2,56.3,4.6,Yes,Average
Rajasthan,Udaipur,01-09-2023,2023,September,15352,978,16219.42,Cultural Festival,0.99,338,5664.55,Art Fair,Humid,Train,4525.54,No,11.8,87.01,4.4,Yes,Poor
Rajasthan,Udaipur,01-10-2023,2023,October,39383,1139,27730.12,Backwaters,0.68,56,1537.66,Dance Festival,Humid,Train,6947.82,Yes,4.6,51.25,3.5,Yes,Good
Rajasthan,Udaipur,01-11-2023,2023,November,38308,2408,32905.35,Temple,0.81,57,2356.41,Music Festival,Rainy,Bike,5149.9,Yes,5.4,58.25,3.9,No,Good
Rajasthan,Udaipur,01-12-2023,2023,December,34696,3302,44952.47,River Rafting,1.18,378,7420.6,Sports Event,Cloudy,Flight,6898.57,Yes,14.4,80.68,3.6,No,Poor
Rajasthan,Jodhpur,01-01-2019,2019,January,8680,1998,14515.44,River Rafting,1.36,288,8180.81,Art Fair,Snowy,Flight,857.72,No,2.9,87.24,4.4,No,Good
Rajasthan,Jodhpur,01-02-2019,2019,February,26630,3444,53747.99,Fort,1.79,490,6523.81,Music Festival,Cold,Flight,2113,No,5.3,75.25,4.6,Yes,Average
Rajasthan,Jodhpur,01-03-2019,2019,March,19226,1089,29412.16,Wildlife Sanctuary,1.45,316,4643.43,Dance Festival,Snowy,Flight,1693.09,Yes,4.6,62.89,3.4,Yes,Poor
Rajasthan,Jodhpur,01-04-2019,2019,April,15021,2281,20226.53,Wildlife Sanctuary,1.17,108,2543.87,Crafts Mela,Cold,Car,1907.81,Yes,14.1,57.28,3.2,Yes,Good
Rajasthan,Jodhpur,01-05-2019,2019,May,40656,4911,61651.09,Museum,1.35,284,9171.17,Sports Event,Rainy,Car,3725.36,Yes,8.3,91.82,4.8,No,Poor
Rajasthan,Jodhpur,01-06-2019,2019,June,36155,4819,33890.25,Museum,0.83,93,2142.44,Sports Event,Snowy,Bus,716.59,No,12.4,83.65,3.4,Yes,Poor
Rajasthan,Jodhpur,01-07-2019,2019,July,31403,4106,58106.38,Beach,1.64,208,9095.13,Sports Event,Cold,Bus,765.04,Yes,13.5,92.78,4.3,No,Good
Rajasthan,Jodhpur,01-08-2019,2019,August,18405,4695,34579.62,Fort,1.5,366,5339.87,Sports Event,Snowy,Train,3430.42,Yes,2.9,92.88,3.9,No,Average
Rajasthan,Jodhpur,01-09-2019,2019,September,10722,4227,19335.51,Cultural Festival,1.29,169,2862.76,Crafts Mela,Humid,Bike,7569.64,No,9.5,80.82,3.2,No,Average
Rajasthan,Jodhpur,01-10-2019,2019,October,47179,4713,57300.53,Hill Station,1.1,61,7975.64,Sports Event,Sunny,Car,7755.72,No,13.3,89.06,3.9,No,Average
Rajasthan,Jodhpur,01-11-2019,2019,November,23752,1760,29698.96,Hill Station,1.16,80,3565.86,Sports Event,Snowy,Boat,6014.56,Yes,14,80.6,3.1,No,Poor
Rajasthan,Jodhpur,01-12-2019,2019,December,48305,2940,76762.91,Wildlife Sanctuary,1.5,453,4024.6,Crafts Mela,Cloudy,Boat,5083.06,Yes,7.1,62.96,3.6,No,Good
Rajasthan,Jodhpur,01-01-2020,2020,January,13727,4480,30611.92,Wildlife Sanctuary,1.68,190,8679.88,Crafts Mela,Cold,Bike,3132.54,Yes,4.9,80.22,4.3,Yes,Poor
Rajasthan,Jodhpur,01-02-2020,2020,February,27855,637,35587.36,Beach,1.25,316,9142.88,Festival,Humid,Bus,1449.15,No,6.8,65.8,4.8,Yes,Poor
Rajasthan,Jodhpur,01-03-2020,2020,March,39066,2918,35349.77,Backwaters,0.84,55,5426.53,Crafts Mela,Cloudy,Bus,1080.79,Yes,6,54.72,3.6,No,Poor
Rajasthan,Jodhpur,01-04-2020,2020,April,25647,4300,52947.35,Museum,1.77,452,6707.82,Art Fair,Rainy,Train,1639.21,No,11.6,66.26,3.1,Yes,Good
Rajasthan,Jodhpur,01-05-2020,2020,May,33172,3536,43417.33,Desert Safari,1.18,483,6074.95,Food Festival,Rainy,Car,2881.61,No,13.3,80.31,3.7,No,Good
Rajasthan,Jodhpur,01-06-2020,2020,June,37106,1839,53424.35,Wildlife Sanctuary,1.37,113,5251.11,Dance Festival,Sunny,Bus,5230.91,Yes,5.8,82.04,4.1,No,Good
Rajasthan,Jodhpur,01-07-2020,2020,July,33828,1434,32218.96,Temple,0.91,435,1728.58,Food Festival,Cloudy,Car,2108.97,No,7.4,72.62,4,Yes,Good
Rajasthan,Jodhpur,01-08-2020,2020,August,35997,4875,63287.47,Museum,1.55,234,9956.05,Sports Event,Rainy,Boat,4820.43,Yes,14.1,55.99,3.8,Yes,Good
Rajasthan,Jodhpur,01-09-2020,2020,September,11348,3380,20661.84,Fort,1.4,166,5986.64,Crafts Mela,Cloudy,Bus,644.63,No,9.2,80.84,3.8,Yes,Average
Rajasthan,Jodhpur,01-10-2020,2020,October,18841,1552,18929.51,River Rafting,0.93,250,7608.62,Dance Festival,Cloudy,Bus,5631.87,Yes,8.9,56.92,4.4,No,Good
Rajasthan,Jodhpur,01-11-2020,2020,November,24852,1472,18554.06,Wildlife Sanctuary,0.7,124,2641.32,Art Fair,Snowy,Car,3331,Yes,8.9,67.96,3.1,Yes,Average
Rajasthan,Jodhpur,01-12-2020,2020,December,10802,3750,28858.14,Temple,1.98,344,1734.66,Dance Festival,Sunny,Car,2208.42,No,12.1,52.12,4,Yes,Poor
Rajasthan,Jodhpur,01-01-2021,2021,January,22659,2490,33711.11,Temple,1.34,361,5545.21,Dance Festival,Sunny,Car,1864.06,No,6.7,70.42,3.2,Yes,Poor
Rajasthan,Jodhpur,01-02-2021,2021,February,17142,4873,31149.72,Backwaters,1.41,475,7555.31,Sports Event,Rainy,Train,7763.71,Yes,13.6,81.05,3.9,Yes,Good
Rajasthan,Jodhpur,01-03-2021,2021,March,17749,4808,36513.79,Fort,1.62,189,3041.94,Religious Event,Snowy,Bike,7425.38,Yes,10.8,70.72,4.2,Yes,Poor
Rajasthan,Jodhpur,01-04-2021,2021,April,45870,700,38121.27,Hill Station,0.82,419,8675.22,Crafts Mela,Humid,Boat,6307.22,Yes,13.2,52.3,4.6,No,Poor
Rajasthan,Jodhpur,01-05-2021,2021,May,14819,4588,27215.83,Backwaters,1.4,231,8227.46,Crafts Mela,Cloudy,Boat,3882.68,No,7,83.27,3.5,Yes,Poor
Rajasthan,Jodhpur,01-06-2021,2021,June,40071,2341,45066.54,Fort,1.06,302,8385.48,Art Fair,Cloudy,Car,2592.55,No,8.2,94.02,3.8,No,Poor
Rajasthan,Jodhpur,01-07-2021,2021,July,30885,1835,32736.66,Hill Station,1,283,6547.49,Art Fair,Cold,Car,3217.41,Yes,12.9,63.21,3.5,Yes,Average
Rajasthan,Jodhpur,01-08-2021,2021,August,48379,814,67384.28,Hill Station,1.37,59,2335.86,Religious Event,Sunny,Bike,6609.1,No,11.5,72.45,3.5,No,Poor
Rajasthan,Jodhpur,01-09-2021,2021,September,12828,2907,26958,Desert Safari,1.71,63,9805.42,Art Fair,Cloudy,Train,6487.49,No,3.9,54.94,3.1,No,Average
Rajasthan,Jodhpur,01-10-2021,2021,October,20180,839,19543.92,Hill Station,0.93,292,7267.16,Crafts Mela,Cold,Boat,4577.45,Yes,8.6,90.76,3.4,Yes,Good
Rajasthan,Jodhpur,01-11-2021,2021,November,45399,3299,43416.82,Wildlife Sanctuary,0.89,378,8209.13,Religious Event,Humid,Bike,2775.81,Yes,4.3,70.37,3.3,No,Poor
Rajasthan,Jodhpur,01-12-2021,2021,December,39036,4127,66736.11,River Rafting,1.55,90,3018.73,Festival,Sunny,Boat,4767.14,Yes,6.2,71.74,4.9,No,Poor
Rajasthan,Jodhpur,01-01-2022,2022,January,11862,514,14400.55,Temple,1.16,351,1707.9,Food Festival,Cloudy,Flight,2877.02,Yes,4.9,65.23,3.4,No,Good
Rajasthan,Jodhpur,01-02-2022,2022,February,14854,1665,16628.75,Backwaters,1.01,415,5430.12,Festival,Humid,Car,5097.12,No,12.6,62.26,4.3,Yes,Poor
Rajasthan,Jodhpur,01-03-2022,2022,March,32276,2981,56238.42,Cultural Festival,1.6,89,8069.75,Dance Festival,Rainy,Train,4051.25,Yes,5.7,93.67,3.5,No,Average
Rajasthan,Jodhpur,01-04-2022,2022,April,29623,1713,46483.64,River Rafting,1.48,67,6705.1,Food Festival,Sunny,Train,7973.49,Yes,7.2,84.61,3.1,Yes,Poor
Rajasthan,Jodhpur,01-05-2022,2022,May,13351,679,18254.2,Desert Safari,1.3,430,2705.04,Sports Event,Rainy,Bike,4820.49,No,3.6,58.23,3.3,No,Good
Rajasthan,Jodhpur,01-06-2022,2022,June,24084,2624,33323.37,Museum,1.25,194,2482.91,Festival,Cloudy,Bike,3989.35,No,4.5,72.26,3.4,Yes,Average
Rajasthan,Jodhpur,01-07-2022,2022,July,27718,666,31195.85,Desert Safari,1.1,292,2308.48,Sports Event,Humid,Flight,776,Yes,10,67.35,4.6,No,Poor
Rajasthan,Jodhpur,01-08-2022,2022,August,11602,3071,27009.25,Museum,1.84,219,6165.2,Sports Event,Sunny,Car,2143.3,No,3.2,67.83,3.1,No,Average
Rajasthan,Jodhpur,01-09-2022,2022,September,42592,1868,57901.88,Backwaters,1.3,312,9069.02,Festival,Cloudy,Bus,2811.64,Yes,12.7,63.15,4.3,No,Good
Rajasthan,Jodhpur,01-10-2022,2022,October,15889,4897,36686.88,River Rafting,1.76,431,4674.75,Crafts Mela,Cold,Boat,3493.75,No,6.1,66.02,3.1,Yes,Average
Rajasthan,Jodhpur,01-11-2022,2022,November,13454,1115,19217.65,Fort,1.32,215,8228.61,Music Festival,Humid,Car,3258.29,Yes,13.7,57.8,3.2,Yes,Average
Rajasthan,Jodhpur,01-12-2022,2022,December,10084,3991,20231.62,Backwaters,1.44,318,6014.9,Festival,Humid,Flight,1048.69,No,9.8,85.07,3.5,No,Poor
Rajasthan,Jodhpur,01-01-2023,2023,January,11400,680,18277.46,Museum,1.51,253,1707.59,Festival,Snowy,Car,3493.51,Yes,7.5,66.6,3.8,Yes,Good
Rajasthan,Jodhpur,01-02-2023,2023,February,45676,3531,62999.36,Museum,1.28,114,9249.59,Religious Event,Cloudy,Flight,5286.81,Yes,9.2,60.22,3.5,Yes,Average
Rajasthan,Jodhpur,01-03-2023,2023,March,47777,3220,67479.91,River Rafting,1.32,61,6161.48,Music Festival,Humid,Bus,5192.08,Yes,7.8,54.85,4.3,Yes,Poor
Rajasthan,Jodhpur,01-04-2023,2023,April,24314,1340,20469.84,Wildlife Sanctuary,0.8,186,3435.04,Crafts Mela,Rainy,Boat,7016.74,Yes,5,88.29,4.3,Yes,Average
Rajasthan,Jodhpur,01-05-2023,2023,May,32034,3681,36360.72,Beach,1.02,349,3664.48,Sports Event,Snowy,Bus,4974.83,Yes,13.9,80.73,4.8,Yes,Average
Rajasthan,Jodhpur,01-06-2023,2023,June,39962,3882,69639.81,Backwaters,1.59,444,4816.76,Crafts Mela,Sunny,Car,6988.32,Yes,2.2,82.69,4.2,No,Poor
Rajasthan,Jodhpur,01-07-2023,2023,July,42809,1166,62872.06,Temple,1.43,391,4786.43,Festival,Snowy,Train,2876.35,Yes,7.6,51.83,5,No,Good
Rajasthan,Jodhpur,01-08-2023,2023,August,47010,1207,65385.06,Wildlife Sanctuary,1.36,489,5044.65,Religious Event,Snowy,Boat,1999.81,No,9.5,87.79,4.9,Yes,Average
Rajasthan,Jodhpur,01-09-2023,2023,September,36668,4767,38179.96,Fort,0.92,156,6891.48,Festival,Cold,Bus,2199.9,No,13.7,91.17,4.7,No,Average
Rajasthan,Jodhpur,01-10-2023,2023,October,37676,3829,45713.54,River Rafting,1.1,150,7504.17,Religious Event,Snowy,Car,804.72,No,11.4,72.16,4,No,Good
Rajasthan,Jodhpur,01-11-2023,2023,November,14358,3515,27803.36,Desert Safari,1.56,385,2441.46,Religious Event,Cloudy,Train,1986.53,Yes,14.2,52.72,4.9,No,Good
Rajasthan,Jodhpur,01-12-2023,2023,December,22295,4354,47687.03,Hill Station,1.79,360,8580.73,Crafts Mela,Humid,Bus,4328.03,Yes,6.4,57.85,4.1,Yes,Good
Kerala,Kochi,01-01-2019,2019,January,40119,1986,28985.3,Hill Station,0.69,386,4882.5,Sports Event,Cold,Flight,2344.56,No,4.1,77.05,3.4,Yes,Poor
Kerala,Kochi,01-02-2019,2019,February,33424,2622,56744.46,Wildlife Sanctuary,1.57,179,9382.91,Festival,Humid,Bus,1519.2,No,10,53.56,3.6,Yes,Poor
Kerala,Kochi,01-03-2019,2019,March,8925,662,9471.41,Temple,0.99,143,6345.58,Religious Event,Snowy,Bus,3478.74,No,14.7,68.36,4.4,Yes,Average
Kerala,Kochi,01-04-2019,2019,April,24239,4719,33275.53,Desert Safari,1.15,399,4966.63,Art Fair,Cloudy,Flight,833.08,Yes,9.1,68.72,3.3,Yes,Poor
Kerala,Kochi,01-05-2019,2019,May,7471,1533,11003.04,Temple,1.22,137,3019.81,Dance Festival,Cold,Boat,6011.16,No,11.1,94.7,3.7,No,Good
Kerala,Kochi,01-06-2019,2019,June,42687,2321,38216.23,Cultural Festival,0.85,229,9014.47,Festival,Rainy,Train,6650.55,No,12.4,71.49,3.2,Yes,Average
Kerala,Kochi,01-07-2019,2019,July,25119,4354,25196.25,River Rafting,0.85,148,7434.94,Festival,Cloudy,Car,3596.86,No,2.8,68.59,3.2,Yes,Poor
Kerala,Kochi,01-08-2019,2019,August,39703,1133,58011.49,Museum,1.42,480,7054,Religious Event,Cold,Bike,3364.71,Yes,13.5,63.81,3.5,Yes,Average
Kerala,Kochi,01-09-2019,2019,September,37541,1586,50506.74,River Rafting,1.29,297,7089.01,Festival,Sunny,Flight,2370.59,No,10.5,69.16,4,No,Poor
Kerala,Kochi,01-10-2019,2019,October,10191,3738,21180.11,Desert Safari,1.52,427,8838.45,Festival,Snowy,Car,2884.45,No,4.9,93.82,3.4,No,Average
Kerala,Kochi,01-11-2019,2019,November,46917,2215,77584.52,Backwaters,1.58,144,8276.85,Music Festival,Cloudy,Boat,6320.26,Yes,9.1,66.7,4.4,Yes,Poor
Kerala,Kochi,01-12-2019,2019,December,45297,726,52911.4,Desert Safari,1.15,403,6579.38,Dance Festival,Rainy,Bike,6193.63,No,10,80.72,4,No,Good
Kerala,Kochi,01-01-2020,2020,January,9807,3567,22136.81,Desert Safari,1.66,71,4926.52,Dance Festival,Humid,Car,2481.25,Yes,4.5,83.03,3.5,No,Average
Kerala,Kochi,01-02-2020,2020,February,17540,4331,26484.59,Hill Station,1.21,192,7908.46,Festival,Cloudy,Boat,4629.18,No,4.8,62.38,3.9,No,Average
Kerala,Kochi,01-03-2020,2020,March,10457,4158,27125.62,Backwaters,1.86,97,6273.27,Crafts Mela,Humid,Car,2170.92,Yes,12.7,87.18,3.6,Yes,Poor
Kerala,Kochi,01-04-2020,2020,April,33828,873,39937.07,Fort,1.15,487,8272.34,Food Festival,Cold,Train,1085.44,Yes,12.5,56.65,4.1,No,Average
Kerala,Kochi,01-05-2020,2020,May,40846,4733,41729.18,Hill Station,0.92,360,2513.09,Art Fair,Humid,Boat,561.53,No,6.7,56.55,3.1,No,Average
Kerala,Kochi,01-06-2020,2020,June,29517,3846,44487.72,Fort,1.33,258,4179.91,Crafts Mela,Cold,Train,2736.88,No,6.6,63.76,4.3,No,Poor
Kerala,Kochi,01-07-2020,2020,July,32051,563,36500.56,Cultural Festival,1.12,145,4687.33,Art Fair,Humid,Bike,5038.95,No,9.1,87.9,4.1,Yes,Average
Kerala,Kochi,01-08-2020,2020,August,34367,831,24092.28,Hill Station,0.68,269,7923.05,Music Festival,Cloudy,Bus,3067.5,Yes,4.8,56.8,3.9,No,Average
Kerala,Kochi,01-09-2020,2020,September,24173,813,27431.38,Fort,1.1,281,8047.88,Crafts Mela,Rainy,Car,6191.09,No,8.1,84.35,3.6,Yes,Average
Kerala,Kochi,01-10-2020,2020,October,9363,1957,14628.83,Backwaters,1.29,115,3695.92,Religious Event,Cold,Bike,4094.97,No,13.2,56.22,3.4,No,Poor
Kerala,Kochi,01-11-2020,2020,November,32613,604,40401.82,Beach,1.22,391,3496.24,Music Festival,Snowy,Bike,1239.44,No,5.8,59.74,4,No,Average
Kerala,Kochi,01-12-2020,2020,December,49342,3491,60627.65,Backwaters,1.15,294,5538.03,Crafts Mela,Sunny,Boat,2258.74,No,10.6,93.98,4.9,Yes,Poor
Kerala,Kochi,01-01-2021,2021,January,12170,3174,25475.37,Hill Station,1.66,270,4216.76,Sports Event,Cold,Flight,1474.69,No,6.4,56.06,4.7,No,Average
Kerala,Kochi,01-02-2021,2021,February,40834,1773,60242.26,Fort,1.41,191,2342.93,Dance Festival,Humid,Boat,6676.99,Yes,7.6,91.13,3.7,Yes,Average
Kerala,Kochi,01-03-2021,2021,March,28867,926,22075.37,River Rafting,0.74,118,5693.23,Festival,Cold,Flight,6967.94,No,8.6,57.39,3.1,No,Average
Kerala,Kochi,01-04-2021,2021,April,39295,1423,36758.27,Cultural Festival,0.9,328,4807.94,Dance Festival,Humid,Bike,2924.74,Yes,10.4,85.72,3.8,No,Average
Kerala,Kochi,01-05-2021,2021,May,11290,1895,22754.63,Beach,1.73,120,6199.73,Art Fair,Cloudy,Car,1608.07,No,13.2,57.26,3,No,Average
Kerala,Kochi,01-06-2021,2021,June,27196,4430,25121.1,Desert Safari,0.79,387,1623.45,Music Festival,Humid,Car,1031.51,No,11.2,82.76,4.9,Yes,Average
Kerala,Kochi,01-07-2021,2021,July,14376,2458,28469.29,Desert Safari,1.69,420,9963.62,Dance Festival,Cold,Bike,1843.36,No,6.6,58.94,4.7,Yes,Poor
Kerala,Kochi,01-08-2021,2021,August,21647,1064,31686.81,Hill Station,1.4,74,5707.66,Music Festival,Cloudy,Boat,2634.69,No,14.3,56.56,4.3,No,Poor
Kerala,Kochi,01-09-2021,2021,September,20346,1048,30904.09,River Rafting,1.44,402,4877.17,Food Festival,Cold,Train,2164.65,No,4.4,68.46,3.3,Yes,Average
Kerala,Kochi,01-10-2021,2021,October,32043,1229,43683.14,Fort,1.31,315,6943.07,Music Festival,Cold,Bike,7174.45,Yes,10.5,59.14,3.8,Yes,Good
Kerala,Kochi,01-11-2021,2021,November,33924,4983,49946.8,Cultural Festival,1.28,191,4230.14,Food Festival,Cold,Car,4775.79,Yes,13.8,65.39,4.1,No,Good
Kerala,Kochi,01-12-2021,2021,December,47414,2081,63414.77,Hill Station,1.28,161,1733.69,Religious Event,Humid,Flight,4613.7,Yes,5.5,91.08,3.5,No,Average
Kerala,Kochi,01-01-2022,2022,January,13502,3679,35407.97,Museum,2.06,350,6115.83,Music Festival,Cloudy,Bus,5465.91,Yes,6.8,92.6,4.4,Yes,Poor
Kerala,Kochi,01-02-2022,2022,February,16874,4672,19497.51,Museum,0.9,385,5389.76,Crafts Mela,Rainy,Car,545.34,Yes,10.3,53.99,3.2,No,Average
Kerala,Kochi,01-03-2022,2022,March,39012,1011,47311.53,Beach,1.18,391,7742.63,Food Festival,Rainy,Train,1970.64,Yes,12.7,68.07,4.6,No,Average
Kerala,Kochi,01-04-2022,2022,April,40070,2165,65713.53,Desert Safari,1.56,67,5120.94,Food Festival,Cold,Bike,709.53,Yes,11.2,77.11,3,No,Good
Kerala,Kochi,01-05-2022,2022,May,8430,1548,11527.85,Temple,1.16,224,9813.63,Food Festival,Cold,Boat,1911.52,Yes,14.3,62.52,4.9,Yes,Good
Kerala,Kochi,01-06-2022,2022,June,32411,1131,19218.48,Desert Safari,0.57,330,7060.72,Crafts Mela,Snowy,Boat,3726.53,No,3.7,71.98,4.8,No,Poor
Kerala,Kochi,01-07-2022,2022,July,17988,3737,24976.93,Beach,1.15,349,8382.09,Festival,Rainy,Bike,1017.28,Yes,2.6,51.69,4,Yes,Poor
Kerala,Kochi,01-08-2022,2022,August,10099,3294,27093.12,Temple,2.02,193,7527.26,Dance Festival,Cloudy,Boat,2692.13,Yes,4,70.93,3.1,No,Poor
Kerala,Kochi,01-09-2022,2022,September,27496,686,39448.1,Museum,1.4,369,6192.54,Art Fair,Cold,Car,7346.88,Yes,5.6,70.26,4.6,No,Good
Kerala,Kochi,01-10-2022,2022,October,49533,2978,63105.28,Desert Safari,1.2,471,5081.34,Dance Festival,Cloudy,Boat,5022.75,No,2.4,92.51,3.6,No,Average
Kerala,Kochi,01-11-2022,2022,November,35750,3583,46106.85,Wildlife Sanctuary,1.17,50,9646.29,Crafts Mela,Cloudy,Bike,2672.61,Yes,13.7,94.66,4.1,No,Average
Kerala,Kochi,01-12-2022,2022,December,48330,3529,56441.84,Desert Safari,1.09,139,1686.66,Crafts Mela,Cold,Bike,4313.53,Yes,2.2,87.17,4.5,No,Average
Kerala,Kochi,01-01-2023,2023,January,45376,1312,53765.82,River Rafting,1.15,299,8674.99,Dance Festival,Humid,Car,7546.07,No,7.3,63.53,4.6,No,Poor
Kerala,Kochi,01-02-2023,2023,February,48170,2337,76887.17,River Rafting,1.52,231,7328.64,Food Festival,Cloudy,Car,7615.5,Yes,12,80.09,3.6,No,Good
Kerala,Kochi,01-03-2023,2023,March,17869,3506,20189.17,River Rafting,0.94,333,8866.36,Crafts Mela,Cloudy,Train,3487.74,Yes,4.8,73.3,4.3,No,Poor
Kerala,Kochi,01-04-2023,2023,April,21770,933,19617.69,Hill Station,0.86,343,9095.08,Religious Event,Rainy,Train,6720.85,No,9.7,58.17,4.3,No,Poor
Kerala,Kochi,01-05-2023,2023,May,23735,3699,40699.41,Temple,1.48,209,3681.2,Food Festival,Snowy,Flight,4013.71,No,8.4,84.2,4.3,No,Good
Kerala,Kochi,01-06-2023,2023,June,46194,4798,80885.11,River Rafting,1.59,293,5249.14,Sports Event,Rainy,Bus,7831.71,No,12.8,90.27,4.5,No,Good
Kerala,Kochi,01-07-2023,2023,July,40067,860,51120.54,Museum,1.25,402,8447.06,Food Festival,Humid,Boat,3864.74,Yes,4.3,59.82,3.6,No,Poor
Kerala,Kochi,01-08-2023,2023,August,44745,4878,68997.74,Hill Station,1.39,93,7688.37,Art Fair,Cold,Bus,7718.38,Yes,7.2,81.17,3.4,No,Good
Kerala,Kochi,01-09-2023,2023,September,21761,1634,35088.2,Temple,1.5,192,8171.67,Food Festival,Rainy,Bike,4358.69,No,9.7,80.05,3.4,Yes,Average
Kerala,Kochi,01-10-2023,2023,October,40674,1271,42221.86,Desert Safari,1.01,441,4882.29,Religious Event,Snowy,Boat,3487.84,Yes,9.2,73.31,3.6,Yes,Poor
Kerala,Kochi,01-11-2023,2023,November,43574,1054,36091.93,Temple,0.81,276,4931.66,Festival,Cold,Flight,744.69,No,4.6,50.48,3.5,No,Good
Kerala,Kochi,01-12-2023,2023,December,27130,2002,34552.16,Hill Station,1.19,91,5831.23,Music Festival,Snowy,Boat,822.46,Yes,3.9,63.05,3.4,No,Average
Kerala,Thiruvananthapuram,01-01-2019,2019,January,39128,3016,40159.4,Hill Station,0.95,391,6258.43,Crafts Mela,Rainy,Flight,6562.99,Yes,12.5,88.58,4.6,Yes,Good
Kerala,Thiruvananthapuram,01-02-2019,2019,February,12898,563,20754.95,Temple,1.54,82,7835.11,Religious Event,Rainy,Bus,3896.95,Yes,14.8,92.96,4,No,Poor
Kerala,Thiruvananthapuram,01-03-2019,2019,March,41943,630,33644.82,Cultural Festival,0.79,58,9176.03,Crafts Mela,Cloudy,Boat,2070.97,No,9.2,50.77,4,No,Good
Kerala,Thiruvananthapuram,01-04-2019,2019,April,26556,2820,36582.22,Desert Safari,1.25,155,6162.12,Food Festival,Rainy,Flight,6449.61,No,12.4,71.95,3.2,No,Good
Kerala,Thiruvananthapuram,01-05-2019,2019,May,47137,872,53483.6,Museum,1.11,195,9337.32,Crafts Mela,Humid,Flight,6743.33,Yes,10,57.71,3,Yes,Average
Kerala,Thiruvananthapuram,01-06-2019,2019,June,30009,3790,43496.33,Wildlife Sanctuary,1.29,371,3311.25,Festival,Humid,Flight,6373.63,No,7.9,61.87,3.5,No,Good
Kerala,Thiruvananthapuram,01-07-2019,2019,July,26669,892,16209.54,Temple,0.59,294,7484.42,Sports Event,Cloudy,Boat,4953.08,No,14.2,75.44,3,Yes,Average
Kerala,Thiruvananthapuram,01-08-2019,2019,August,26282,532,34445.88,Cultural Festival,1.28,188,3252.58,Sports Event,Rainy,Train,6349.14,No,8.1,87.25,4.9,Yes,Poor
Kerala,Thiruvananthapuram,01-09-2019,2019,September,41832,2955,51477.91,River Rafting,1.15,74,2662.46,Art Fair,Cloudy,Bike,2425.08,Yes,3.3,78.38,4.7,No,Poor
Kerala,Thiruvananthapuram,01-10-2019,2019,October,25993,2392,40260.54,Backwaters,1.42,454,6466.01,Religious Event,Rainy,Flight,1459.76,Yes,9.2,80.31,3.7,No,Good
Kerala,Thiruvananthapuram,01-11-2019,2019,November,47551,1023,61532.94,Hill Station,1.27,247,6405.35,Art Fair,Rainy,Bike,4024.38,Yes,5.6,58.7,5,No,Poor
Kerala,Thiruvananthapuram,01-12-2019,2019,December,36268,3339,40710.27,Fort,1.03,456,9244.98,Music Festival,Cold,Flight,7739.9,Yes,10.7,62.93,3,No,Poor
Kerala,Thiruvananthapuram,01-01-2020,2020,January,29788,4078,27623.57,Fort,0.82,225,7237.44,Music Festival,Humid,Bike,7221.93,No,2.7,86.65,3.4,No,Average
Kerala,Thiruvananthapuram,01-02-2020,2020,February,26326,4423,38930.19,Temple,1.27,78,6705.02,Dance Festival,Snowy,Boat,4571.44,Yes,11.2,85.05,4.3,No,Average
Kerala,Thiruvananthapuram,01-03-2020,2020,March,13769,760,16181.65,Wildlife Sanctuary,1.11,342,6822.31,Festival,Cloudy,Car,1090.95,Yes,11.5,52.44,4.6,Yes,Average
Kerala,Thiruvananthapuram,01-04-2020,2020,April,17826,4497,40123.19,Hill Station,1.8,61,9492.95,Crafts Mela,Rainy,Bike,5579.1,No,14.3,52.69,4,No,Average
Kerala,Thiruvananthapuram,01-05-2020,2020,May,12009,2514,18483.09,Temple,1.27,334,9072.34,Dance Festival,Snowy,Flight,4851.38,No,4.2,76.59,3.8,Yes,Poor
Kerala,Thiruvananthapuram,01-06-2020,2020,June,29302,2216,25684.13,Backwaters,0.81,390,7003.47,Sports Event,Sunny,Bike,5083.2,Yes,7.4,79.61,4.4,No,Good
Kerala,Thiruvananthapuram,01-07-2020,2020,July,32496,1306,43227.11,Wildlife Sanctuary,1.28,324,6099.1,Crafts Mela,Cloudy,Flight,2529.91,No,5,87.89,4.9,Yes,Poor
Kerala,Thiruvananthapuram,01-08-2020,2020,August,30500,4172,40164.78,Desert Safari,1.16,443,3297.8,Sports Event,Snowy,Car,7782.72,No,14.7,55.99,3.7,No,Good
Kerala,Thiruvananthapuram,01-09-2020,2020,September,23527,1364,37060.98,Hill Station,1.49,52,2953.16,Dance Festival,Rainy,Car,1349.31,Yes,8.6,61.15,4.5,No,Poor
Kerala,Thiruvananthapuram,01-10-2020,2020,October,10904,4315,30361.07,Cultural Festival,1.99,201,3496.7,Religious Event,Humid,Bike,4397.58,Yes,4.5,84.4,3.3,Yes,Poor
Kerala,Thiruvananthapuram,01-11-2020,2020,November,13289,2122,16565.22,Desert Safari,1.07,381,5917.82,Festival,Sunny,Bike,3944.93,No,14.8,65.8,4.2,Yes,Good
Kerala,Thiruvananthapuram,01-12-2020,2020,December,25536,4501,41672.82,Wildlife Sanctuary,1.39,347,9990.87,Sports Event,Humid,Bus,686.61,Yes,9.9,78.89,4.8,Yes,Average
Kerala,Thiruvananthapuram,01-01-2021,2021,January,30354,3083,50894.61,Backwaters,1.52,482,6568.3,Festival,Rainy,Bus,688.54,Yes,11.8,61.68,4.7,No,Poor
Kerala,Thiruvananthapuram,01-02-2021,2021,February,49360,4725,58627.1,Cultural Festival,1.08,147,5200.76,Festival,Humid,Train,5626.96,No,5.3,69.51,3.5,No,Poor
Kerala,Thiruvananthapuram,01-03-2021,2021,March,9568,818,15730.23,Temple,1.51,198,2582.71,Festival,Humid,Bus,1050.79,Yes,3.2,58.14,3.4,Yes,Poor
Kerala,Thiruvananthapuram,01-04-2021,2021,April,24645,3680,47555.36,Wildlife Sanctuary,1.68,85,6303.51,Festival,Snowy,Car,6855.74,Yes,3.8,74.1,3.9,No,Poor
Kerala,Thiruvananthapuram,01-05-2021,2021,May,44414,1061,29424.07,Wildlife Sanctuary,0.65,485,5368.22,Crafts Mela,Cloudy,Flight,1383.54,Yes,4.5,90.05,4.8,Yes,Good
Kerala,Thiruvananthapuram,01-06-2021,2021,June,14010,3074,28346.85,River Rafting,1.66,307,5559.11,Crafts Mela,Cloudy,Car,2358.55,No,11.3,80.17,4.2,Yes,Good
Kerala,Thiruvananthapuram,01-07-2021,2021,July,44862,4973,82160.77,River Rafting,1.65,208,1905.25,Crafts Mela,Sunny,Train,910.19,Yes,12.4,93.2,4.4,No,Poor
Kerala,Thiruvananthapuram,01-08-2021,2021,August,19392,3057,33755.72,Temple,1.5,467,9694.42,Crafts Mela,Rainy,Bike,6705.77,No,4,54.09,3.7,No,Poor
Kerala,Thiruvananthapuram,01-09-2021,2021,September,46798,2203,60418.34,Beach,1.23,111,4271.21,Art Fair,Sunny,Bike,6641.21,No,7.5,84.48,3.5,No,Poor
Kerala,Thiruvananthapuram,01-10-2021,2021,October,35269,3664,59187.08,Temple,1.52,223,2775.84,Dance Festival,Cold,Bus,4984.84,No,6.6,57.83,3.9,Yes,Poor
Kerala,Thiruvananthapuram,01-11-2021,2021,November,37919,1661,58366.98,Museum,1.47,340,8886.73,Art Fair,Sunny,Bike,5348.18,Yes,11.4,84.38,3.3,No,Good
Kerala,Thiruvananthapuram,01-12-2021,2021,December,20276,4244,32016.22,Cultural Festival,1.31,371,9685.75,Food Festival,Rainy,Boat,7463.18,No,10.9,83.42,4.5,Yes,Poor
Kerala,Thiruvananthapuram,01-01-2022,2022,January,7681,1195,9804.6,Fort,1.1,210,3236.52,Art Fair,Humid,Bus,1058.47,No,9.6,67.76,3.8,No,Poor
Kerala,Thiruvananthapuram,01-02-2022,2022,February,42692,599,38575.16,Cultural Festival,0.89,61,6050.18,Music Festival,Cold,Flight,1291.81,Yes,14.4,67.45,3.1,Yes,Average
Kerala,Thiruvananthapuram,01-03-2022,2022,March,30249,3678,50737.54,Wildlife Sanctuary,1.5,63,4430.55,Music Festival,Snowy,Bus,3386.42,Yes,10.4,64.45,3.8,No,Good
Kerala,Thiruvananthapuram,01-04-2022,2022,April,28710,3703,46471.55,Backwaters,1.43,428,4537.74,Festival,Sunny,Train,3162.97,No,3.8,90.58,3.4,No,Average
Kerala,Thiruvananthapuram,01-05-2022,2022,May,35015,1350,44479.02,Museum,1.22,224,2426.79,Religious Event,Cold,Boat,5378.93,Yes,7.2,72.22,4.4,No,Good
Kerala,Thiruvananthapuram,01-06-2022,2022,June,27863,3605,52578.83,River Rafting,1.67,317,1742.93,Art Fair,Humid,Bus,6882.23,Yes,2.8,86.13,3.8,Yes,Poor
Kerala,Thiruvananthapuram,01-07-2022,2022,July,42271,1223,61654.74,Beach,1.42,166,4841.04,Art Fair,Rainy,Bus,2280.56,Yes,5.9,67.22,4.8,Yes,Average
Kerala,Thiruvananthapuram,01-08-2022,2022,August,41887,4932,72608.96,Temple,1.55,274,4474.98,Dance Festival,Rainy,Flight,3468.97,Yes,9.3,57.85,3,No,Good
Kerala,Thiruvananthapuram,01-09-2022,2022,September,45886,2951,79759.37,Beach,1.63,466,7365.81,Crafts Mela,Sunny,Car,3226.56,No,11.3,78.12,4.5,Yes,Average
Kerala,Thiruvananthapuram,01-10-2022,2022,October,29376,1619,26374.93,Desert Safari,0.85,92,8747.89,Dance Festival,Sunny,Flight,2454.74,Yes,9.1,82.69,3.6,Yes,Average
Kerala,Thiruvananthapuram,01-11-2022,2022,November,5948,1960,14977.99,Hill Station,1.89,486,1735.92,Dance Festival,Cold,Bike,2101.44,Yes,4.5,54.64,4.3,Yes,Average
Kerala,Thiruvananthapuram,01-12-2022,2022,December,32042,1167,30313.8,Backwaters,0.91,327,8441.88,Crafts Mela,Cold,Car,3170.65,No,9.1,58.29,4.3,No,Average
Kerala,Thiruvananthapuram,01-01-2023,2023,January,34279,821,39080.86,Hill Station,1.11,92,2216.93,Dance Festival,Cloudy,Car,2337.21,No,8.5,93.05,3.8,Yes,Good
Kerala,Thiruvananthapuram,01-02-2023,2023,February,8872,1138,12219.82,Temple,1.22,329,8001.92,Festival,Sunny,Boat,1750.33,No,10.8,61.12,4.8,Yes,Poor
Kerala,Thiruvananthapuram,01-03-2023,2023,March,36791,4592,33208.26,Temple,0.8,353,8859.59,Music Festival,Cold,Train,7671.51,No,8.8,81.8,3.4,Yes,Average
Kerala,Thiruvananthapuram,01-04-2023,2023,April,35624,790,47521.85,Cultural Festival,1.31,384,4033.89,Dance Festival,Rainy,Train,3539.09,No,13.3,90.04,3.6,Yes,Good
Kerala,Thiruvananthapuram,01-05-2023,2023,May,49050,2482,59769.72,Museum,1.16,380,3560.17,Art Fair,Sunny,Boat,2505.68,Yes,14.3,68.89,3.4,No,Good
Kerala,Thiruvananthapuram,01-06-2023,2023,June,27206,2381,37483.61,Beach,1.27,95,8755.65,Food Festival,Sunny,Bus,2980.54,No,8.3,55.51,4.9,Yes,Average
Kerala,Thiruvananthapuram,01-07-2023,2023,July,12058,530,18692.06,Cultural Festival,1.48,469,5059.14,Dance Festival,Sunny,Flight,1410.17,No,2.8,86.4,4.9,No,Good
Kerala,Thiruvananthapuram,01-08-2023,2023,August,10387,3847,22766.19,Temple,1.6,339,5304.88,Sports Event,Sunny,Car,755.72,Yes,14.9,90.66,4.4,Yes,Good
Kerala,Thiruvananthapuram,01-09-2023,2023,September,19717,1339,21575.78,Cultural Festival,1.02,403,9705.73,Music Festival,Snowy,Train,2965.34,No,7,71.4,3.4,Yes,Poor
Kerala,Thiruvananthapuram,01-10-2023,2023,October,27295,2980,29824.77,River Rafting,0.99,320,4177.08,Dance Festival,Humid,Boat,7286.65,Yes,11.4,67.12,4.9,No,Good
Kerala,Thiruvananthapuram,01-11-2023,2023,November,45522,3624,55074.09,Beach,1.12,183,9075.43,Sports Event,Rainy,Bike,786.03,Yes,5.9,57.19,3.2,Yes,Poor
Kerala,Thiruvananthapuram,01-12-2023,2023,December,38081,711,31214.79,Wildlife Sanctuary,0.8,161,9756.64,Religious Event,Snowy,Car,3840.29,Yes,11.9,73.09,4.9,Yes,Average
Kerala,Munnar,01-01-2019,2019,January,48875,3191,81409.28,Desert Safari,1.56,270,4601.71,Dance Festival,Cold,Boat,3876.13,Yes,11.6,55.45,3,Yes,Average
Kerala,Munnar,01-02-2019,2019,February,15348,4683,34186.57,Temple,1.71,418,2392.91,Festival,Cloudy,Flight,3915.3,Yes,7.5,81.83,3.2,Yes,Good
Kerala,Munnar,01-03-2019,2019,March,32602,2453,30964.81,Wildlife Sanctuary,0.88,333,5720.04,Sports Event,Sunny,Flight,3733.79,Yes,8.8,61.77,3.9,Yes,Poor
Kerala,Munnar,01-04-2019,2019,April,21857,4058,45100.75,Backwaters,1.74,138,2905.65,Religious Event,Sunny,Flight,3319.69,Yes,10,62.62,4.5,No,Poor
Kerala,Munnar,01-05-2019,2019,May,39665,1659,53145.98,Cultural Festival,1.29,479,2017.44,Music Festival,Cold,Train,1665.96,Yes,2.9,74.7,4.8,No,Good
Kerala,Munnar,01-06-2019,2019,June,15457,4977,30786.25,Beach,1.51,206,7444.98,Food Festival,Rainy,Car,2847.37,Yes,12.9,94.78,4.1,Yes,Average
Kerala,Munnar,01-07-2019,2019,July,5706,4253,27081.6,Temple,2.72,159,2890.32,Religious Event,Snowy,Boat,4106.78,No,8.2,89.21,4.8,No,Good
Kerala,Munnar,01-08-2019,2019,August,45257,1260,70255.37,Desert Safari,1.51,68,9682.9,Religious Event,Humid,Bike,2826.84,No,7.3,92.96,3.6,Yes,Poor
Kerala,Munnar,01-09-2019,2019,September,32733,1338,36097.2,Desert Safari,1.06,352,6099.5,Music Festival,Cold,Train,7436.85,No,5.3,72.3,4.2,No,Good
Kerala,Munnar,01-10-2019,2019,October,7372,860,11588.36,Fort,1.41,227,5907.77,Dance Festival,Cloudy,Bike,5946.04,No,11.1,75.36,4.6,Yes,Average
Kerala,Munnar,01-11-2019,2019,November,23335,4318,42682.64,Hill Station,1.54,428,2012.41,Dance Festival,Rainy,Boat,1607.69,No,13.7,56.38,3.4,No,Good
Kerala,Munnar,01-12-2019,2019,December,15935,4410,35928.3,Wildlife Sanctuary,1.77,318,5449.82,Festival,Snowy,Train,6631.93,No,7.5,73.78,4.7,Yes,Poor
Kerala,Munnar,01-01-2020,2020,January,32160,2641,41373.75,Fort,1.19,349,6835.34,Religious Event,Snowy,Bike,4677.35,No,8.7,60.79,3.4,Yes,Good
Kerala,Munnar,01-02-2020,2020,February,28392,4634,45538.66,Fort,1.38,191,8584.01,Festival,Humid,Car,7158.83,No,9.9,72.79,4.9,No,Good
Kerala,Munnar,01-03-2020,2020,March,32226,4684,70451.77,Desert Safari,1.91,229,2920.22,Food Festival,Cloudy,Bike,3720.73,No,5.8,71.04,3.6,Yes,Good
Kerala,Munnar,01-04-2020,2020,April,48522,4632,52376.86,Fort,0.99,54,1674.17,Art Fair,Humid,Flight,6727.72,No,2.3,93.2,4.2,Yes,Poor
Kerala,Munnar,01-05-2020,2020,May,10866,1733,14906.16,Fort,1.18,171,9634.83,Festival,Cloudy,Boat,1405.18,Yes,11.3,60.29,3.3,Yes,Good
Kerala,Munnar,01-06-2020,2020,June,28355,877,19461.53,Temple,0.67,399,6227.88,Art Fair,Rainy,Bus,2477.04,Yes,5.6,93.38,3.4,No,Good
Kerala,Munnar,01-07-2020,2020,July,38222,2447,35086.45,Backwaters,0.86,119,2558.56,Crafts Mela,Sunny,Bike,5293.42,Yes,14.5,91.57,4.9,No,Average
Kerala,Munnar,01-08-2020,2020,August,27443,1774,25972.71,Temple,0.89,200,6364.46,Food Festival,Snowy,Bus,877.35,No,14.7,81.04,3.3,No,Poor
Kerala,Munnar,01-09-2020,2020,September,12846,4376,21197.48,Hill Station,1.23,134,7386.99,Sports Event,Rainy,Bike,5593.73,No,8.9,84.51,3,Yes,Average
Kerala,Munnar,01-10-2020,2020,October,46870,2802,74028.43,Desert Safari,1.49,126,4197.32,Dance Festival,Snowy,Car,856.8,Yes,10.5,92.75,3.1,Yes,Poor
Kerala,Munnar,01-11-2020,2020,November,48275,3746,69926.46,Cultural Festival,1.34,111,3317.69,Sports Event,Rainy,Bike,6332.67,Yes,11.5,61.2,3.2,Yes,Good
Kerala,Munnar,01-12-2020,2020,December,21835,2576,38932.91,Backwaters,1.59,162,5777.36,Art Fair,Humid,Flight,2532.07,Yes,14,89.19,3.1,Yes,Average
Kerala,Munnar,01-01-2021,2021,January,37300,778,55063.59,Cultural Festival,1.45,301,4098.78,Art Fair,Humid,Flight,5461.08,No,8.7,72.15,3.4,No,Poor
Kerala,Munnar,01-02-2021,2021,February,11203,4524,28313.98,Cultural Festival,1.8,296,8345.6,Food Festival,Cloudy,Train,3741.18,No,4.4,83.51,3.2,No,Average
Kerala,Munnar,01-03-2021,2021,March,40391,1738,57444.21,River Rafting,1.36,485,7972.06,Sports Event,Cold,Train,5130.01,No,11,73.43,3.5,Yes,Good
Kerala,Munnar,01-04-2021,2021,April,41563,1662,61504.59,Backwaters,1.42,414,2233.85,Art Fair,Cloudy,Bike,1552.18,Yes,10.6,63.49,3.8,Yes,Poor
Kerala,Munnar,01-05-2021,2021,May,44615,3207,50905.42,Beach,1.06,486,6803.93,Crafts Mela,Sunny,Bike,7661,Yes,2.8,88.4,3.1,No,Average
Kerala,Munnar,01-06-2021,2021,June,19689,553,21436.04,Temple,1.06,487,6450.18,Dance Festival,Humid,Train,3415.76,No,3.7,85.17,3.1,Yes,Average
Kerala,Munnar,01-07-2021,2021,July,26856,3535,41358.48,Hill Station,1.36,391,7464.21,Crafts Mela,Cloudy,Bus,6040.41,Yes,4.2,81.15,4.2,Yes,Good
Kerala,Munnar,01-08-2021,2021,August,7858,1713,10566.38,Museum,1.1,387,5185.16,Food Festival,Humid,Bike,6022.23,No,14,89.92,4.8,Yes,Poor
Kerala,Munnar,01-09-2021,2021,September,17398,687,18880.45,Wildlife Sanctuary,1.04,314,7464.15,Art Fair,Rainy,Bike,5405.63,No,4.1,86.09,4.3,No,Average
Kerala,Munnar,01-10-2021,2021,October,12236,1166,21976.73,Wildlife Sanctuary,1.64,274,7636.45,Dance Festival,Humid,Car,3654.04,No,8.4,66.7,4.4,No,Poor
Kerala,Munnar,01-11-2021,2021,November,23920,1792,22195.03,Temple,0.86,360,6065.83,Music Festival,Sunny,Bike,1389.78,Yes,13.3,59.34,3.5,Yes,Average
Kerala,Munnar,01-12-2021,2021,December,36266,2447,56135.67,Temple,1.45,496,3620.48,Dance Festival,Rainy,Bike,7525.32,Yes,14.7,54.76,3.3,No,Good
Kerala,Munnar,01-01-2022,2022,January,31714,759,31300.73,Hill Station,0.96,381,7360.02,Festival,Sunny,Bus,6291.59,No,9.7,73.45,4.9,No,Poor
Kerala,Munnar,01-02-2022,2022,February,20323,3567,43213.73,Desert Safari,1.81,70,6357.85,Crafts Mela,Humid,Bike,1440.38,Yes,5.4,62.8,3.1,No,Poor
Kerala,Munnar,01-03-2022,2022,March,15441,4045,31449.6,Backwaters,1.61,360,6530.14,Religious Event,Snowy,Train,3298.12,Yes,3.3,52.36,3.1,Yes,Poor
Kerala,Munnar,01-04-2022,2022,April,42126,1657,31970.36,Temple,0.73,359,3690.35,Festival,Snowy,Boat,7938.39,No,7.9,76.83,4.1,Yes,Good
Kerala,Munnar,01-05-2022,2022,May,31933,2192,32643.56,Fort,0.96,466,3757.5,Crafts Mela,Sunny,Boat,2797.27,No,3.7,59.2,4.6,Yes,Average
Kerala,Munnar,01-06-2022,2022,June,35757,2568,34799.07,Wildlife Sanctuary,0.91,377,4637.92,Crafts Mela,Sunny,Bus,6737.63,No,7,50.44,3.4,Yes,Average
Kerala,Munnar,01-07-2022,2022,July,48601,653,56668.5,Museum,1.15,258,6930.73,Religious Event,Snowy,Bike,2518.57,No,7.1,51.14,4.9,No,Good
Kerala,Munnar,01-08-2022,2022,August,36868,1845,40141.79,Museum,1.04,222,4229.13,Food Festival,Sunny,Bike,3781.08,No,5.7,88.62,4.4,No,Poor
Kerala,Munnar,01-09-2022,2022,September,8580,3225,18045.11,Fort,1.53,165,6014.05,Dance Festival,Humid,Car,6948.54,No,5.8,86.42,3.8,No,Average
Kerala,Munnar,01-10-2022,2022,October,28217,2315,33899.71,Cultural Festival,1.11,267,5362.25,Religious Event,Cold,Flight,3628.64,Yes,14.1,62.29,4.3,Yes,Good
Kerala,Munnar,01-11-2022,2022,November,18443,1920,14533.58,Museum,0.71,216,9340.15,Sports Event,Cloudy,Bike,1643.51,No,12.1,54.62,3.7,Yes,Good
Kerala,Munnar,01-12-2022,2022,December,12416,2614,17815.94,Wildlife Sanctuary,1.19,369,9079.26,Festival,Cloudy,Flight,648.95,Yes,9.4,85.21,4.2,No,Average
Kerala,Munnar,01-01-2023,2023,January,20259,4407,41856.52,Fort,1.7,225,8781.56,Festival,Cloudy,Train,6446.21,Yes,12.8,50.43,3.9,No,Poor
Kerala,Munnar,01-02-2023,2023,February,27127,972,35354.06,Beach,1.26,204,7916.2,Sports Event,Cold,Boat,2687.37,Yes,14.9,54.84,3.5,No,Average
Kerala,Munnar,01-03-2023,2023,March,45888,2652,38838.61,Wildlife Sanctuary,0.8,95,1769.4,Food Festival,Rainy,Car,4270.77,No,10.6,84.65,3.1,No,Poor
Kerala,Munnar,01-04-2023,2023,April,10380,3032,22063.92,Desert Safari,1.65,214,4072.73,Art Fair,Cloudy,Bike,4484,No,4.9,79.73,4,Yes,Poor
Kerala,Munnar,01-05-2023,2023,May,47137,2218,75542.49,Backwaters,1.53,108,5461.81,Dance Festival,Cold,Car,6137.13,Yes,9.5,73.58,3.4,No,Average
Kerala,Munnar,01-06-2023,2023,June,42641,4543,40922.36,Desert Safari,0.87,84,1757.48,Art Fair,Cold,Train,2719.78,No,2.2,91.3,3.4,No,Poor
Kerala,Munnar,01-07-2023,2023,July,13338,1442,19115,Hill Station,1.29,74,5666.14,Festival,Sunny,Flight,3118.11,No,14.8,87.48,4.2,No,Good
Kerala,Munnar,01-08-2023,2023,August,7621,2099,16626.91,Cultural Festival,1.71,401,8146.11,Religious Event,Cold,Bike,747.68,Yes,2.9,90.3,3.3,Yes,Poor
Kerala,Munnar,01-09-2023,2023,September,29583,3968,32825.77,River Rafting,0.98,324,4940.4,Food Festival,Cold,Boat,7715.76,No,3.7,80.05,3.1,No,Good
Kerala,Munnar,01-10-2023,2023,October,24556,3738,52629.46,Temple,1.86,470,2119.8,Dance Festival,Cold,Bike,5286.94,No,10.4,94.36,3.2,Yes,Average
Kerala,Munnar,01-11-2023,2023,November,37302,746,50835.88,Fort,1.34,306,7944.42,Music Festival,Snowy,Flight,547.23,No,12.2,89.56,3.8,No,Poor
Kerala,Munnar,01-12-2023,2023,December,17873,2823,24534.26,Fort,1.19,425,1519.43,Dance Festival,Cloudy,Train,4873.49,Yes,5.4,90.86,3.8,No,Good
Tamil Nadu,Chennai,01-01-2019,2019,January,25169,3195,26739.16,Beach,0.94,110,8032.85,Crafts Mela,Snowy,Boat,7303.13,No,6.6,91.24,3.5,No,Good
Tamil Nadu,Chennai,01-02-2019,2019,February,22516,820,27706.21,Museum,1.19,499,3202.85,Music Festival,Humid,Bike,3811.93,No,8.6,65.44,3.2,Yes,Good
Tamil Nadu,Chennai,01-03-2019,2019,March,41755,848,44765.17,Temple,1.05,220,3071.63,Music Festival,Sunny,Car,4980.11,No,13.4,59.54,3.4,No,Average
Tamil Nadu,Chennai,01-04-2019,2019,April,48580,3908,67853.31,Temple,1.29,183,7135.49,Festival,Sunny,Flight,4016.11,No,7.5,67.84,3.5,Yes,Average
Tamil Nadu,Chennai,01-05-2019,2019,May,7567,704,9594.39,Desert Safari,1.16,448,3613.52,Music Festival,Cloudy,Train,2806.6,Yes,8.3,72.29,3.7,No,Good
Tamil Nadu,Chennai,01-06-2019,2019,June,26283,2557,38826.55,Wildlife Sanctuary,1.35,138,1700.05,Religious Event,Cold,Boat,3225.07,Yes,4.2,79.95,4.8,Yes,Average
Tamil Nadu,Chennai,01-07-2019,2019,July,22214,3588,45010.26,Wildlife Sanctuary,1.74,232,4309.77,Food Festival,Rainy,Bus,6393.21,No,3.7,76.81,4.7,Yes,Poor
Tamil Nadu,Chennai,01-08-2019,2019,August,30511,1848,33074.85,Backwaters,1.02,108,9666.49,Sports Event,Cloudy,Boat,4103.59,No,4.1,66.6,4.8,No,Average
Tamil Nadu,Chennai,01-09-2019,2019,September,28802,2753,36822.5,River Rafting,1.17,223,4064.44,Art Fair,Humid,Train,1655.49,Yes,14.3,64.5,4.9,Yes,Average
Tamil Nadu,Chennai,01-10-2019,2019,October,44387,3718,56370.83,Museum,1.17,251,4171.9,Crafts Mela,Humid,Bike,2406.27,Yes,13.6,73.37,4,No,Average
Tamil Nadu,Chennai,01-11-2019,2019,November,35193,4411,53691.11,Hill Station,1.36,64,3426.5,Music Festival,Rainy,Boat,6983.86,No,4,85.41,3.9,Yes,Poor
Tamil Nadu,Chennai,01-12-2019,2019,December,37711,2257,29751.31,Fort,0.74,263,6772.95,Art Fair,Rainy,Bus,7812.53,Yes,4.1,82.64,4.8,Yes,Poor
Tamil Nadu,Chennai,01-01-2020,2020,January,27905,2520,45869.94,Beach,1.51,186,7352.01,Festival,Rainy,Car,4756.42,Yes,6.5,51.53,4.3,No,Poor
Tamil Nadu,Chennai,01-02-2020,2020,February,27347,3813,48902.06,Backwaters,1.57,476,2000.41,Festival,Cloudy,Flight,5376.38,No,13.1,65.81,3,Yes,Average
Tamil Nadu,Chennai,01-03-2020,2020,March,18489,4604,38178.36,Temple,1.65,243,8908.85,Music Festival,Cold,Flight,703.21,Yes,3.2,56.84,4.3,No,Good
Tamil Nadu,Chennai,01-04-2020,2020,April,23015,1562,37454.42,Beach,1.52,262,6682.02,Music Festival,Cloudy,Car,7383.02,No,4.7,90.41,3.9,No,Average
Tamil Nadu,Chennai,01-05-2020,2020,May,47250,829,68740.15,Fort,1.43,50,4928.55,Religious Event,Rainy,Car,5720.55,Yes,9.2,83.74,5,Yes,Average
Tamil Nadu,Chennai,01-06-2020,2020,June,37567,4076,42958.26,River Rafting,1.03,475,1798.74,Religious Event,Snowy,Bus,6359.56,No,6.1,57.44,3.5,No,Good
Tamil Nadu,Chennai,01-07-2020,2020,July,25850,1044,16011.2,Wildlife Sanctuary,0.6,76,4160.48,Sports Event,Humid,Bus,806.09,Yes,5.8,70.02,3.4,Yes,Good
Tamil Nadu,Chennai,01-08-2020,2020,August,11044,1813,21377.82,Fort,1.66,78,6840.41,Sports Event,Sunny,Car,4042.49,Yes,2.2,56.85,3,No,Poor
Tamil Nadu,Chennai,01-09-2020,2020,September,43752,3190,46511.9,Hill Station,0.99,150,7231.27,Music Festival,Humid,Bus,3905.45,No,12.3,87.07,4,Yes,Poor
Tamil Nadu,Chennai,01-10-2020,2020,October,17615,2563,23557.34,Hill Station,1.17,258,9979.17,Crafts Mela,Snowy,Bike,4152.96,No,12.3,85.13,4.5,Yes,Good
Tamil Nadu,Chennai,01-11-2020,2020,November,45039,3031,39192.23,Wildlife Sanctuary,0.82,251,4997.45,Art Fair,Cloudy,Boat,7374.78,Yes,6.8,82.34,4,No,Good
Tamil Nadu,Chennai,01-12-2020,2020,December,35602,4665,59840.62,Wildlife Sanctuary,1.49,421,6504.55,Festival,Sunny,Car,4532.47,Yes,9.3,58.7,3.6,Yes,Poor
Tamil Nadu,Chennai,01-01-2021,2021,January,22229,2588,25709.97,Cultural Festival,1.04,142,6271.15,Music Festival,Humid,Car,7002.31,Yes,9.5,94,4.6,No,Average
Tamil Nadu,Chennai,01-02-2021,2021,February,22375,1230,17243.99,Beach,0.73,344,7589.42,Food Festival,Sunny,Car,6605.45,No,5.2,80.23,4,Yes,Average
Tamil Nadu,Chennai,01-03-2021,2021,March,23743,1841,30889.27,Hill Station,1.21,412,3258.83,Art Fair,Snowy,Car,7259,Yes,6.9,64.92,3.8,No,Poor
Tamil Nadu,Chennai,01-04-2021,2021,April,28856,3352,36182.78,Temple,1.12,272,3828.98,Sports Event,Cold,Flight,1136.06,No,3.2,93.84,3.1,No,Average
Tamil Nadu,Chennai,01-05-2021,2021,May,28130,3642,35887.24,Hill Station,1.13,366,1608.13,Festival,Cloudy,Train,5796.63,No,7.9,66.2,3.4,Yes,Average
Tamil Nadu,Chennai,01-06-2021,2021,June,12399,4147,30307.11,River Rafting,1.83,85,6222.22,Art Fair,Snowy,Bike,2312.47,Yes,11.7,72.88,3.8,No,Average
Tamil Nadu,Chennai,01-07-2021,2021,July,19959,3216,33021.55,Beach,1.42,376,9602.66,Sports Event,Sunny,Car,4570.57,Yes,6.6,66.9,3.7,Yes,Poor
Tamil Nadu,Chennai,01-08-2021,2021,August,14754,3023,23206,Wildlife Sanctuary,1.31,462,7588.09,Music Festival,Rainy,Boat,2311.87,Yes,6.1,66.35,4.6,No,Good
Tamil Nadu,Chennai,01-09-2021,2021,September,31028,4077,50330.1,Hill Station,1.43,279,3803.24,Crafts Mela,Cloudy,Bus,7522.07,Yes,12,71.29,4.6,Yes,Average
Tamil Nadu,Chennai,01-10-2021,2021,October,9690,3485,23909.32,Beach,1.81,479,5317.76,Art Fair,Snowy,Bus,2462.08,Yes,4.5,70.98,4.7,Yes,Good
Tamil Nadu,Chennai,01-11-2021,2021,November,13774,4152,26960.88,Beach,1.5,405,2115.92,Sports Event,Rainy,Bus,2907.83,Yes,4,72.6,4.9,Yes,Good
Tamil Nadu,Chennai,01-12-2021,2021,December,40259,2640,64164.32,Fort,1.5,108,3844.59,Food Festival,Rainy,Car,5716.75,No,14.3,70.94,3.1,No,Average
Tamil Nadu,Chennai,01-01-2022,2022,January,10522,2180,18577.25,River Rafting,1.46,188,7168.12,Art Fair,Humid,Flight,4376.95,No,6.8,81.75,3,No,Average
Tamil Nadu,Chennai,01-02-2022,2022,February,36344,561,56423.21,Temple,1.53,393,2160.53,Festival,Humid,Car,1087.27,No,8.8,87.02,3.8,Yes,Average
Tamil Nadu,Chennai,01-03-2022,2022,March,40386,1945,48885.34,River Rafting,1.15,496,1753.04,Religious Event,Rainy,Bike,4426.06,No,11.6,69.81,3.5,No,Good
Tamil Nadu,Chennai,01-04-2022,2022,April,13858,622,10340.94,Wildlife Sanctuary,0.71,179,6566,Music Festival,Rainy,Bike,1511.87,Yes,10.6,77.59,4.7,No,Average
Tamil Nadu,Chennai,01-05-2022,2022,May,18342,3306,35729.87,Museum,1.65,447,7207.53,Dance Festival,Rainy,Flight,7809.44,No,12.3,93.13,4.9,Yes,Good
Tamil Nadu,Chennai,01-06-2022,2022,June,29400,4564,49398.2,Temple,1.45,346,1697.61,Sports Event,Humid,Boat,2667.16,Yes,7.6,51.56,4.8,No,Poor
Tamil Nadu,Chennai,01-07-2022,2022,July,15814,3226,20923.69,River Rafting,1.1,311,7888.64,Crafts Mela,Cold,Car,3687.7,No,6.2,62.17,4.9,No,Average
Tamil Nadu,Chennai,01-08-2022,2022,August,35962,4990,61640.27,Temple,1.51,321,1881.33,Sports Event,Cloudy,Car,2078.56,No,8,51.1,4.5,No,Average
Tamil Nadu,Chennai,01-09-2022,2022,September,47039,3478,81948.23,Beach,1.62,140,9268.24,Food Festival,Cloudy,Bus,2058.58,Yes,5.1,68.96,3.5,No,Good
Tamil Nadu,Chennai,01-10-2022,2022,October,32401,1833,48964.33,Wildlife Sanctuary,1.43,294,2321.95,Religious Event,Cold,Flight,5703.55,Yes,12.6,60.78,3.6,No,Average
Tamil Nadu,Chennai,01-11-2022,2022,November,38811,605,50321.75,Backwaters,1.28,194,7402.25,Crafts Mela,Cold,Car,6211.43,No,15,80.57,4.3,Yes,Average
Tamil Nadu,Chennai,01-12-2022,2022,December,27023,3311,36278.99,Backwaters,1.2,242,9769.96,Food Festival,Rainy,Boat,4477.63,No,8.9,57.8,5,No,Good
Tamil Nadu,Chennai,01-01-2023,2023,January,46313,1226,43751.55,Beach,0.92,380,4427.63,Religious Event,Snowy,Bus,5769.85,No,9,85.96,4.2,No,Average
Tamil Nadu,Chennai,01-02-2023,2023,February,15600,2892,35168.12,Fort,1.9,458,1903.2,Sports Event,Cloudy,Bike,1165.44,Yes,6.8,85.38,3.9,No,Average
Tamil Nadu,Chennai,01-03-2023,2023,March,20387,2962,34374.06,Museum,1.47,343,4484.88,Food Festival,Sunny,Train,5915.05,Yes,3.7,56.54,4,No,Good
Tamil Nadu,Chennai,01-04-2023,2023,April,37360,3330,67576.5,Desert Safari,1.66,376,9946.9,Festival,Snowy,Bus,5088.2,Yes,5.2,94.59,4.2,No,Poor
Tamil Nadu,Chennai,01-05-2023,2023,May,44599,4405,55136.66,Temple,1.13,332,8650.29,Sports Event,Snowy,Boat,6655,No,7.1,62.22,4.5,No,Good
Tamil Nadu,Chennai,01-06-2023,2023,June,13324,2429,15576.07,Backwaters,0.99,394,3482.69,Crafts Mela,Rainy,Bus,5535.17,No,5.2,70.64,4.3,Yes,Good
Tamil Nadu,Chennai,01-07-2023,2023,July,9961,3335,25540.76,Cultural Festival,1.92,285,5444.49,Food Festival,Sunny,Flight,1734.56,Yes,5.6,75.77,3.9,No,Poor
Tamil Nadu,Chennai,01-08-2023,2023,August,16846,1706,20588.81,Temple,1.11,385,3112.63,Festival,Sunny,Car,2853.08,No,7.6,74.27,3.8,Yes,Poor
Tamil Nadu,Chennai,01-09-2023,2023,September,38805,4622,65065.9,Beach,1.5,103,5736.45,Sports Event,Cloudy,Flight,5250.49,No,8,83.96,4.1,Yes,Poor
Tamil Nadu,Chennai,01-10-2023,2023,October,14136,3840,31574.9,Cultural Festival,1.76,474,3131.77,Music Festival,Snowy,Bike,1253.78,No,2.2,77.72,4,Yes,Average
Tamil Nadu,Chennai,01-11-2023,2023,November,23580,703,27038.67,River Rafting,1.11,126,7134.01,Music Festival,Cold,Boat,2103.08,No,6.5,93.5,3.1,Yes,Average
Tamil Nadu,Chennai,01-12-2023,2023,December,23738,543,17702.94,Hill Station,0.73,144,2297.36,Art Fair,Humid,Car,807.8,No,4.6,92.66,4,Yes,Good
Tamil Nadu,Madurai,01-01-2019,2019,January,22888,3511,30661.09,River Rafting,1.16,157,8423.73,Food Festival,Cold,Flight,2020.74,Yes,8.5,72.44,3.9,Yes,Average
Tamil Nadu,Madurai,01-02-2019,2019,February,10162,1927,14032.73,Cultural Festival,1.16,367,1959.03,Art Fair,Sunny,Car,6665.89,Yes,7.8,63.47,4,Yes,Poor
Tamil Nadu,Madurai,01-03-2019,2019,March,16890,4109,30647.32,Fort,1.46,467,6777.45,Dance Festival,Sunny,Car,6211.12,Yes,12.8,73.74,3.1,No,Poor
Tamil Nadu,Madurai,01-04-2019,2019,April,5154,3432,20752.55,Fort,2.42,263,9725.53,Sports Event,Sunny,Car,3091.46,No,3.7,75.54,3,No,Good
Tamil Nadu,Madurai,01-05-2019,2019,May,19379,3154,40680.77,Desert Safari,1.81,146,7137.16,Music Festival,Cold,Boat,3862.62,No,2.7,50.73,4.5,No,Poor
Tamil Nadu,Madurai,01-06-2019,2019,June,48420,3829,45883.34,Fort,0.88,130,3054.99,Festival,Sunny,Flight,1477.3,No,5.5,82.17,3.6,Yes,Good
Tamil Nadu,Madurai,01-07-2019,2019,July,17974,1617,29713.92,Beach,1.52,211,8703.86,Festival,Humid,Train,7824.42,Yes,10.6,84.38,4.5,No,Average
Tamil Nadu,Madurai,01-08-2019,2019,August,5731,4412,26454.8,Temple,2.61,117,9870.26,Art Fair,Cold,Train,4431.73,No,4.6,77.98,3.2,No,Poor
Tamil Nadu,Madurai,01-09-2019,2019,September,30623,1231,32430.08,River Rafting,1.02,489,3212.32,Festival,Sunny,Car,5674.73,Yes,13.3,56.78,3.9,Yes,Poor
Tamil Nadu,Madurai,01-10-2019,2019,October,43242,4102,50587.56,Museum,1.07,167,3817.11,Religious Event,Cold,Bike,1492.07,No,6.7,62.52,4.9,Yes,Average
Tamil Nadu,Madurai,01-11-2019,2019,November,34137,2267,22783.17,Desert Safari,0.63,109,2010.62,Festival,Rainy,Bike,7436.5,Yes,4.3,66.54,3.3,No,Poor
Tamil Nadu,Madurai,01-12-2019,2019,December,47798,2555,38941.88,Beach,0.77,479,9566.88,Sports Event,Cloudy,Flight,2584.03,Yes,13.9,80,3.2,Yes,Average
Tamil Nadu,Madurai,01-01-2020,2020,January,26451,3328,53087.27,Temple,1.78,249,7518.93,Art Fair,Snowy,Train,6648.96,No,3.9,53.94,4.6,No,Poor
Tamil Nadu,Madurai,01-02-2020,2020,February,42431,2130,59034.64,Hill Station,1.32,343,5755.43,Sports Event,Humid,Car,6750.25,Yes,13.2,72.46,4.9,Yes,Average
Tamil Nadu,Madurai,01-03-2020,2020,March,29745,4218,46598.29,Hill Station,1.37,348,4846.43,Dance Festival,Humid,Bike,3440.32,Yes,3,75.18,4.7,No,Average
Tamil Nadu,Madurai,01-04-2020,2020,April,27250,3013,24182.71,Desert Safari,0.8,472,4981.18,Art Fair,Rainy,Train,5511.5,Yes,3.4,75.88,3.4,Yes,Good
Tamil Nadu,Madurai,01-05-2020,2020,May,44321,4021,59846.42,Desert Safari,1.24,278,1979.61,Crafts Mela,Humid,Bus,2293.58,Yes,12.8,90.74,3.9,Yes,Poor
Tamil Nadu,Madurai,01-06-2020,2020,June,5394,1931,11937.9,River Rafting,1.63,451,6751.23,Crafts Mela,Rainy,Flight,5124.77,Yes,13.5,53.92,3.3,Yes,Good
Tamil Nadu,Madurai,01-07-2020,2020,July,25824,1196,38194.43,River Rafting,1.41,90,4850.25,Sports Event,Rainy,Flight,7462.67,No,12.1,53.65,3.4,Yes,Poor
Tamil Nadu,Madurai,01-08-2020,2020,August,34739,2302,37677.25,Beach,1.02,77,2599.01,Festival,Snowy,Car,2937.27,Yes,8.4,61.68,4.5,Yes,Good
Tamil Nadu,Madurai,01-09-2020,2020,September,19242,2602,17778.41,Backwaters,0.81,145,6067.14,Crafts Mela,Sunny,Bus,2101.25,No,6.4,69.39,3.2,No,Average
Tamil Nadu,Madurai,01-10-2020,2020,October,47801,755,32305.34,Wildlife Sanctuary,0.67,87,4999.69,Religious Event,Snowy,Bike,7871.53,Yes,5.1,51.46,4.7,No,Good
Tamil Nadu,Madurai,01-11-2020,2020,November,12206,1369,23771.84,Beach,1.75,253,4109.77,Food Festival,Cold,Bike,793.43,Yes,2.8,88.19,3.7,No,Good
Tamil Nadu,Madurai,01-12-2020,2020,December,10520,4795,32193.1,Fort,2.1,339,7523.62,Festival,Sunny,Bus,5312.38,Yes,4.7,76.62,3.5,No,Good
Tamil Nadu,Madurai,01-01-2021,2021,January,21155,3851,37256,Wildlife Sanctuary,1.49,373,8470.24,Religious Event,Humid,Car,7501.01,No,10.8,74.1,4.9,No,Poor
Tamil Nadu,Madurai,01-02-2021,2021,February,42670,4757,40504.72,Desert Safari,0.85,76,1572.2,Festival,Rainy,Bus,6484.08,Yes,5.3,82.18,4.6,No,Poor
Tamil Nadu,Madurai,01-03-2021,2021,March,26010,765,36632.84,Cultural Festival,1.37,307,6225.13,Festival,Sunny,Train,5371.83,Yes,13,66.18,4.1,No,Good
Tamil Nadu,Madurai,01-04-2021,2021,April,33852,520,40052.62,Desert Safari,1.17,96,3162.43,Festival,Sunny,Flight,7942.89,Yes,7.1,77.03,3.8,Yes,Good
Tamil Nadu,Madurai,01-05-2021,2021,May,24351,739,16916.91,Museum,0.67,147,1622.7,Art Fair,Sunny,Car,6082.19,Yes,10.8,71.93,4.2,Yes,Poor
Tamil Nadu,Madurai,01-06-2021,2021,June,26840,4191,34436.37,Fort,1.11,465,7671.76,Crafts Mela,Cloudy,Boat,1345.2,Yes,6.3,61.67,4.1,Yes,Average
Tamil Nadu,Madurai,01-07-2021,2021,July,41257,3810,59654.34,Museum,1.32,312,3742.04,Food Festival,Rainy,Bus,1821.3,No,6.5,88.34,3.6,Yes,Poor
Tamil Nadu,Madurai,01-08-2021,2021,August,46903,1936,53727.8,River Rafting,1.1,248,6490.13,Art Fair,Humid,Train,6083.7,No,3.7,87.26,3.7,Yes,Average
Tamil Nadu,Madurai,01-09-2021,2021,September,41712,4458,46671.48,Fort,1.01,97,4958.28,Religious Event,Cold,Boat,7700.09,No,4.2,85.61,4.3,Yes,Average
Tamil Nadu,Madurai,01-10-2021,2021,October,45743,1756,63235.18,Cultural Festival,1.33,317,1781.72,Religious Event,Rainy,Bus,827.03,No,7.8,79.26,3.8,Yes,Average
Tamil Nadu,Madurai,01-11-2021,2021,November,27450,4643,44254.03,Backwaters,1.38,191,5414.58,Sports Event,Cold,Train,2848.8,No,11.4,85.11,3.2,No,Average
Tamil Nadu,Madurai,01-12-2021,2021,December,7227,4504,13260.34,Fort,1.13,207,3002.72,Art Fair,Rainy,Train,5184.55,No,13.1,53.86,3.1,Yes,Good
Tamil Nadu,Madurai,01-01-2022,2022,January,27081,1468,38957.39,River Rafting,1.36,321,4457.57,Sports Event,Snowy,Boat,7956.63,No,9.6,91.7,5,No,Good
Tamil Nadu,Madurai,01-02-2022,2022,February,45620,2817,67092.17,Beach,1.39,391,5211.26,Sports Event,Rainy,Boat,7808.86,No,11.5,74.67,3.6,Yes,Average
Tamil Nadu,Madurai,01-03-2022,2022,March,43285,3120,42498.33,Fort,0.92,373,5632.05,Crafts Mela,Cloudy,Boat,798.18,No,14.6,56.87,4.1,Yes,Good
Tamil Nadu,Madurai,01-04-2022,2022,April,28603,3052,38791.49,Museum,1.23,270,4060.84,Religious Event,Sunny,Bike,4193.25,No,12.7,91.04,4.7,Yes,Average
Tamil Nadu,Madurai,01-05-2022,2022,May,28259,2559,40625.67,Desert Safari,1.32,143,4958.39,Dance Festival,Cold,Bike,4439.06,Yes,9.9,87.04,3.6,No,Average
Tamil Nadu,Madurai,01-06-2022,2022,June,22862,860,35914.46,Museum,1.51,436,2598.65,Festival,Sunny,Flight,1590.93,Yes,13.9,93.61,4.9,Yes,Average
Tamil Nadu,Madurai,01-07-2022,2022,July,32464,2595,39839.96,Fort,1.14,154,5096.51,Sports Event,Cloudy,Boat,1117.32,Yes,13.2,88.88,3.2,Yes,Good
Tamil Nadu,Madurai,01-08-2022,2022,August,37129,3458,61991.05,Fort,1.53,109,2849.79,Music Festival,Cloudy,Flight,629.93,Yes,3.8,55.81,3.5,No,Poor
Tamil Nadu,Madurai,01-09-2022,2022,September,37717,960,39553.78,Fort,1.02,326,4281.66,Religious Event,Rainy,Boat,5019.47,Yes,13.5,60.88,3.2,No,Good
Tamil Nadu,Madurai,01-10-2022,2022,October,33113,960,41998.57,Beach,1.23,264,1669.04,Festival,Rainy,Flight,2115.51,Yes,9,71.04,3.6,No,Good
Tamil Nadu,Madurai,01-11-2022,2022,November,38607,3157,70624.41,Desert Safari,1.69,455,4733.06,Festival,Snowy,Bus,4517.79,Yes,6.8,69.07,3.3,No,Good
Tamil Nadu,Madurai,01-12-2022,2022,December,5105,649,10216.37,Backwaters,1.78,290,8028.09,Music Festival,Sunny,Bus,3721.32,No,6.1,52.75,4.3,Yes,Good
Tamil Nadu,Madurai,01-01-2023,2023,January,37554,585,53159.47,Backwaters,1.39,376,3103.32,Art Fair,Humid,Flight,1497.27,No,4.7,77.92,4.5,No,Average
Tamil Nadu,Madurai,01-02-2023,2023,February,45062,2067,32439.64,Beach,0.69,457,5016.93,Art Fair,Rainy,Car,4043.3,No,11.2,85.46,4.2,No,Average
Tamil Nadu,Madurai,01-03-2023,2023,March,42147,2480,66216.33,Museum,1.48,145,2315.33,Sports Event,Snowy,Train,2424.84,Yes,8.8,88.23,4,Yes,Poor
Tamil Nadu,Madurai,01-04-2023,2023,April,28709,4015,45457.47,Museum,1.39,84,3500.93,Music Festival,Cloudy,Bus,6834.01,Yes,6.7,87.65,3,No,Good
Tamil Nadu,Madurai,01-05-2023,2023,May,28448,705,36885.81,Backwaters,1.27,393,6317.31,Sports Event,Cold,Boat,7598.81,No,7.2,93.52,3.6,Yes,Average
Tamil Nadu,Madurai,01-06-2023,2023,June,22623,3758,33192.16,Desert Safari,1.26,481,3166.51,Festival,Sunny,Bike,7201.99,No,14.7,84.67,3.7,Yes,Poor
Tamil Nadu,Madurai,01-07-2023,2023,July,48773,775,67117.73,Desert Safari,1.35,172,1809.88,Religious Event,Sunny,Train,2090.13,No,10.8,59.31,4.7,Yes,Good
Tamil Nadu,Madurai,01-08-2023,2023,August,7159,1666,12697.17,Hill Station,1.44,476,1820,Crafts Mela,Cold,Bike,3835.19,No,6.6,90.4,4.2,Yes,Average
Tamil Nadu,Madurai,01-09-2023,2023,September,40989,951,22575.26,Hill Station,0.54,180,2427.69,Crafts Mela,Humid,Bike,4741.55,Yes,9.4,80.81,4.7,No,Average
Tamil Nadu,Madurai,01-10-2023,2023,October,34579,1507,45643.92,Backwaters,1.26,352,2416.84,Food Festival,Humid,Boat,5439.84,Yes,9.1,52.75,3.8,Yes,Good
Tamil Nadu,Madurai,01-11-2023,2023,November,26194,1689,34093.54,Fort,1.22,58,8796.11,Food Festival,Snowy,Flight,5087.68,No,12,62.98,4.9,No,Average
Tamil Nadu,Madurai,01-12-2023,2023,December,7539,1345,11642.8,Cultural Festival,1.31,416,6788.07,Festival,Humid,Boat,673.99,No,9,69.99,4.8,No,Average
Tamil Nadu,Coimbatore,01-01-2019,2019,January,25711,1703,38181.1,Backwaters,1.39,426,5305.36,Festival,Cloudy,Bus,7332.45,No,4.3,58.85,3.5,No,Poor
Tamil Nadu,Coimbatore,01-02-2019,2019,February,5316,4136,18158.59,Desert Safari,1.92,266,6867.65,Food Festival,Cloudy,Train,5743.94,No,12.4,69.08,4,No,Good
Tamil Nadu,Coimbatore,01-03-2019,2019,March,36307,1298,47847.2,Hill Station,1.27,92,4115.87,Dance Festival,Rainy,Bike,2177.87,Yes,13.2,66.56,4.7,No,Average
Tamil Nadu,Coimbatore,01-04-2019,2019,April,12635,4912,34826.81,Beach,1.98,411,2097.11,Festival,Snowy,Flight,1420.35,No,14.9,67.15,4.7,Yes,Good
Tamil Nadu,Coimbatore,01-05-2019,2019,May,48826,1776,49390.22,Fort,0.98,213,3691.53,Art Fair,Cloudy,Bike,3016.45,No,3.3,78.43,3.7,Yes,Average
Tamil Nadu,Coimbatore,01-06-2019,2019,June,24353,1205,16025.07,Beach,0.63,175,9067.62,Dance Festival,Humid,Bike,647.51,No,13.8,81.91,3.4,Yes,Average
Tamil Nadu,Coimbatore,01-07-2019,2019,July,34362,3169,36905.36,Backwaters,0.98,483,4686.63,Religious Event,Sunny,Flight,6648.46,No,2.4,80.65,3.8,No,Good
Tamil Nadu,Coimbatore,01-08-2019,2019,August,43491,827,31759.06,Temple,0.72,369,2828.17,Crafts Mela,Snowy,Car,7234.2,No,5.7,69.85,3.1,No,Average
Tamil Nadu,Coimbatore,01-09-2019,2019,September,45948,4951,63919.38,Desert Safari,1.26,477,9115.21,Dance Festival,Rainy,Flight,5335.58,No,4.3,57.71,3.7,No,Poor
Tamil Nadu,Coimbatore,01-10-2019,2019,October,13556,2583,30613.85,Beach,1.9,395,1950.87,Food Festival,Rainy,Boat,5508.49,No,9.3,57.05,3.3,Yes,Poor
Tamil Nadu,Coimbatore,01-11-2019,2019,November,8171,4657,17116.1,Wildlife Sanctuary,1.33,102,4200.52,Music Festival,Sunny,Boat,2160.26,Yes,6.5,70.81,4.4,Yes,Poor
Tamil Nadu,Coimbatore,01-12-2019,2019,December,29436,3654,42509.13,Hill Station,1.28,370,2779.77,Food Festival,Humid,Flight,7045.6,No,5.6,55.26,4.1,No,Good
Tamil Nadu,Coimbatore,01-01-2020,2020,January,31472,4692,51894.58,Museum,1.43,419,9085.19,Music Festival,Cold,Bus,616.28,No,10.3,66.99,4.3,No,Poor
Tamil Nadu,Coimbatore,01-02-2020,2020,February,46925,3773,71457.05,Wildlife Sanctuary,1.41,103,4088.61,Music Festival,Snowy,Bus,1133.51,No,9.8,54.5,3.4,Yes,Good
Tamil Nadu,Coimbatore,01-03-2020,2020,March,7171,4425,23101.03,Wildlife Sanctuary,1.99,117,6478.13,Festival,Cloudy,Boat,5653.04,Yes,2.1,67.83,4.6,Yes,Good
Tamil Nadu,Coimbatore,01-04-2020,2020,April,32465,3298,23796.14,Desert Safari,0.67,359,7098.21,Food Festival,Rainy,Train,3441.37,Yes,6.7,78.63,4.4,Yes,Good
Tamil Nadu,Coimbatore,01-05-2020,2020,May,34191,2564,61306.75,Backwaters,1.67,403,5575.97,Music Festival,Sunny,Car,2859,Yes,6.6,65.54,4.4,No,Poor
Tamil Nadu,Coimbatore,01-06-2020,2020,June,26661,1405,34309.3,Backwaters,1.22,383,2275.45,Sports Event,Rainy,Car,2032.99,No,14.8,86.01,3.9,No,Average
Tamil Nadu,Coimbatore,01-07-2020,2020,July,38600,2707,60052.74,Hill Station,1.45,151,5427.66,Crafts Mela,Sunny,Bike,6353.9,Yes,10.2,93.23,4.3,Yes,Average
Tamil Nadu,Coimbatore,01-08-2020,2020,August,11983,1066,10541.23,Temple,0.81,247,1730.93,Crafts Mela,Sunny,Boat,2639.7,No,12.2,90.63,4.6,Yes,Average
Tamil Nadu,Coimbatore,01-09-2020,2020,September,12849,1737,14200.55,Cultural Festival,0.97,176,9255.07,Music Festival,Humid,Car,2245.27,Yes,3.8,64.01,3.4,Yes,Good
Tamil Nadu,Coimbatore,01-10-2020,2020,October,38748,4989,76110.52,Desert Safari,1.74,237,3264.44,Dance Festival,Cold,Bike,611.14,No,14.2,75.98,4.3,No,Good
Tamil Nadu,Coimbatore,01-11-2020,2020,November,41531,2617,54511.43,River Rafting,1.23,335,1986.37,Sports Event,Rainy,Train,7864.87,No,4.6,79.79,3.9,No,Good
Tamil Nadu,Coimbatore,01-12-2020,2020,December,42529,2900,31900.44,Fort,0.7,184,9170.11,Music Festival,Sunny,Flight,3832.77,No,8.3,82.51,3.3,Yes,Poor
Tamil Nadu,Coimbatore,01-01-2021,2021,January,35675,4507,60492.07,River Rafting,1.51,60,6126.65,Sports Event,Humid,Boat,3570.2,No,2.1,79.27,3.9,Yes,Poor
Tamil Nadu,Coimbatore,01-02-2021,2021,February,12441,4223,25972.26,Hill Station,1.56,370,8627.47,Food Festival,Cloudy,Car,999.15,No,2.5,80.17,4.2,No,Good
Tamil Nadu,Coimbatore,01-03-2021,2021,March,24386,2330,28639.41,Cultural Festival,1.07,168,6022.01,Food Festival,Sunny,Car,6696.57,Yes,12.1,81.45,3.2,Yes,Good
Tamil Nadu,Coimbatore,01-04-2021,2021,April,10306,1368,16857.2,Museum,1.44,57,3247.25,Music Festival,Humid,Flight,782.68,No,13.5,80.6,4.9,Yes,Average
Tamil Nadu,Coimbatore,01-05-2021,2021,May,26616,3653,40179.06,Backwaters,1.33,365,9714.51,Music Festival,Cold,Train,5616.1,No,5.2,92.47,4.5,Yes,Good
Tamil Nadu,Coimbatore,01-06-2021,2021,June,47741,4156,72019.34,Beach,1.39,381,3018.24,Festival,Sunny,Bus,7775.7,Yes,4.1,60.82,4.2,Yes,Average
Tamil Nadu,Coimbatore,01-07-2021,2021,July,36340,570,51310.03,Wildlife Sanctuary,1.39,465,6779.88,Food Festival,Snowy,Bike,4549.78,Yes,7,59.28,4.8,No,Average
Tamil Nadu,Coimbatore,01-08-2021,2021,August,40572,653,54029.37,Desert Safari,1.31,402,8082.63,Music Festival,Rainy,Car,4439.98,No,7.7,53.44,4.6,No,Average
Tamil Nadu,Coimbatore,01-09-2021,2021,September,12837,3354,25526.11,Fort,1.58,137,2652.57,Crafts Mela,Rainy,Car,3118.93,No,7.8,75.31,3.6,No,Poor
Tamil Nadu,Coimbatore,01-10-2021,2021,October,13072,2061,26631.47,Hill Station,1.76,371,5551.6,Music Festival,Sunny,Train,4053.9,No,12.3,52.34,3.8,Yes,Good
Tamil Nadu,Coimbatore,01-11-2021,2021,November,39208,2737,65295.62,Wildlife Sanctuary,1.56,124,7460.47,Crafts Mela,Sunny,Bus,5723.83,No,8.9,87.78,4.6,Yes,Poor
Tamil Nadu,Coimbatore,01-12-2021,2021,December,49899,3433,75138.86,Hill Station,1.41,247,3699.17,Crafts Mela,Cloudy,Train,3332.49,Yes,4.6,52.61,4.7,No,Good
Tamil Nadu,Coimbatore,01-01-2022,2022,January,10490,3265,28354.86,Museum,2.06,296,2840.58,Sports Event,Rainy,Car,7046.09,Yes,11.7,59.59,3.6,No,Poor
Tamil Nadu,Coimbatore,01-02-2022,2022,February,41844,1660,43242.46,Fort,0.99,70,5877.95,Art Fair,Snowy,Train,2607.38,Yes,3.4,66.1,4.4,No,Good
Tamil Nadu,Coimbatore,01-03-2022,2022,March,22390,4644,56105.95,Museum,2.08,69,5747.6,Dance Festival,Humid,Flight,2571.41,No,6.4,77.45,3.5,Yes,Average
Tamil Nadu,Coimbatore,01-04-2022,2022,April,34254,1878,42013.17,Backwaters,1.16,437,5542.99,Religious Event,Rainy,Car,4490.64,Yes,12.9,86.66,3.7,No,Poor
Tamil Nadu,Coimbatore,01-05-2022,2022,May,8707,2526,18588.86,Fort,1.65,97,5842.97,Festival,Humid,Train,7089.92,Yes,6.1,74.35,4.6,No,Good
Tamil Nadu,Coimbatore,01-06-2022,2022,June,11451,2109,16124.1,Temple,1.19,120,9318.78,Dance Festival,Snowy,Bus,5476.62,Yes,5.5,61.17,4.3,Yes,Poor
Tamil Nadu,Coimbatore,01-07-2022,2022,July,35668,2437,53279.22,Cultural Festival,1.4,361,8542.63,Food Festival,Rainy,Boat,1136.14,No,5,74.92,4.1,Yes,Good
Tamil Nadu,Coimbatore,01-08-2022,2022,August,20764,4705,34678.72,Temple,1.36,389,6372.83,Dance Festival,Snowy,Car,3701.07,Yes,10.2,80.19,4.2,No,Average
Tamil Nadu,Coimbatore,01-09-2022,2022,September,35211,3137,52690.51,Wildlife Sanctuary,1.37,210,5876.43,Crafts Mela,Rainy,Boat,2722.88,Yes,6.4,53.34,3.6,Yes,Poor
Tamil Nadu,Coimbatore,01-10-2022,2022,October,49692,3248,54553.17,Fort,1.03,388,9354.17,Dance Festival,Snowy,Train,6881.98,No,11.8,51.88,3,No,Average
Tamil Nadu,Coimbatore,01-11-2022,2022,November,49280,2555,51130.2,Hill Station,0.99,221,1756.22,Sports Event,Humid,Boat,6765,No,13.3,72.85,3.8,No,Poor
Tamil Nadu,Coimbatore,01-12-2022,2022,December,5953,4149,17463.94,Hill Station,1.73,92,8208.95,Festival,Cloudy,Train,3608.59,Yes,3.6,77.27,4.7,Yes,Good
Tamil Nadu,Coimbatore,01-01-2023,2023,January,34501,2834,41453.13,Hill Station,1.11,469,6724.95,Food Festival,Sunny,Boat,1347.99,No,6,94.43,3.4,No,Good
Tamil Nadu,Coimbatore,01-02-2023,2023,February,38198,762,43316.32,Cultural Festival,1.11,208,8856.95,Music Festival,Cloudy,Bike,6299.93,No,9.3,90.16,4.1,No,Poor
Tamil Nadu,Coimbatore,01-03-2023,2023,March,5053,2145,7986.43,Fort,1.11,267,8121.92,Food Festival,Cloudy,Bike,4100.54,No,7.8,78.78,4,Yes,Good
Tamil Nadu,Coimbatore,01-04-2023,2023,April,27356,4440,38891.33,Backwaters,1.22,423,9416.93,Festival,Sunny,Boat,3370.94,No,6.1,66.08,3.2,Yes,Good
Tamil Nadu,Coimbatore,01-05-2023,2023,May,37046,3621,58926.91,Backwaters,1.45,177,3999.13,Food Festival,Sunny,Bus,4379.1,Yes,3.4,88.86,3.5,Yes,Average
Tamil Nadu,Coimbatore,01-06-2023,2023,June,12157,1935,11145.91,Hill Station,0.79,372,7836.81,Religious Event,Cloudy,Train,1980.6,No,3.6,55.03,4.8,No,Poor
Tamil Nadu,Coimbatore,01-07-2023,2023,July,41930,3091,40196.12,Backwaters,0.89,421,2492.08,Sports Event,Sunny,Bus,5256.57,Yes,8.6,54.3,4.1,No,Good
Tamil Nadu,Coimbatore,01-08-2023,2023,August,48201,1556,75202.48,Temple,1.51,271,3021.64,Religious Event,Cloudy,Train,2756.56,No,8.9,94.52,4.7,No,Poor
Tamil Nadu,Coimbatore,01-09-2023,2023,September,23214,1284,34086.37,Cultural Festival,1.39,387,8761.86,Dance Festival,Humid,Bike,5417.94,No,11,77.2,3.3,Yes,Poor
Tamil Nadu,Coimbatore,01-10-2023,2023,October,14851,4708,29913.7,Museum,1.53,84,5580.28,Crafts Mela,Snowy,Bus,4845.95,Yes,6.7,89.68,3.8,Yes,Average
Tamil Nadu,Coimbatore,01-11-2023,2023,November,18360,4438,35051.11,Temple,1.54,191,2798.04,Dance Festival,Humid,Train,2942.28,No,10.6,55.73,5,No,Average
Tamil Nadu,Coimbatore,01-12-2023,2023,December,23933,1180,32321.55,Cultural Festival,1.29,130,8782.39,Crafts Mela,Cold,Bike,6914.83,Yes,10.7,69.38,3.7,Yes,Average
Delhi,New Delhi,01-01-2019,2019,January,44673,2744,42868.95,Wildlife Sanctuary,0.9,408,1611.06,Music Festival,Sunny,Train,1264.75,No,9.5,92.01,4.2,Yes,Good
Delhi,New Delhi,01-02-2019,2019,February,36052,2103,41368.17,Temple,1.08,447,5283.37,Dance Festival,Cold,Train,1461.36,No,6.7,64.58,4.6,Yes,Good
Delhi,New Delhi,01-03-2019,2019,March,48005,4624,83368.1,Wildlife Sanctuary,1.58,51,5058.37,Food Festival,Cloudy,Train,7760.61,No,11.7,72.32,4.9,No,Average
Delhi,New Delhi,01-04-2019,2019,April,25211,4697,52513.11,River Rafting,1.76,455,1628.77,Crafts Mela,Sunny,Train,5251.99,No,12.2,83.26,4.9,No,Good
Delhi,New Delhi,01-05-2019,2019,May,18363,1513,17891.19,Museum,0.9,221,5069.16,Dance Festival,Sunny,Bus,1564.85,No,4,81.05,4.4,Yes,Good
Delhi,New Delhi,01-06-2019,2019,June,31586,2569,50400.07,Desert Safari,1.48,341,3191.08,Dance Festival,Sunny,Bike,6802.57,No,2.7,72.13,3.5,No,Poor
Delhi,New Delhi,01-07-2019,2019,July,45218,4310,62246.67,Hill Station,1.26,167,9198.59,Food Festival,Humid,Flight,4968.69,Yes,5.4,90.92,4.1,Yes,Average
Delhi,New Delhi,01-08-2019,2019,August,18368,815,18678.37,River Rafting,0.97,464,2449.74,Dance Festival,Cold,Car,7884.76,Yes,13.4,61.08,5,No,Average
Delhi,New Delhi,01-09-2019,2019,September,10416,833,11559.65,Backwaters,1.03,123,6230.86,Sports Event,Rainy,Bike,6204.51,Yes,13.3,61.42,4.2,No,Good
Delhi,New Delhi,01-10-2019,2019,October,45821,928,42770.32,Beach,0.91,297,6390.77,Dance Festival,Sunny,Train,3891.04,No,12.3,72.39,3.4,No,Poor
Delhi,New Delhi,01-11-2019,2019,November,26880,3136,43418.34,Temple,1.45,421,7190.06,Crafts Mela,Cloudy,Boat,7934.89,Yes,13.6,89.39,4,No,Poor
Delhi,New Delhi,01-12-2019,2019,December,6328,4975,16620.22,Museum,1.47,449,8704.64,Art Fair,Humid,Flight,2951.02,No,2.3,92.06,4.2,Yes,Average
Delhi,New Delhi,01-01-2020,2020,January,10050,2589,11099.15,Backwaters,0.88,431,2848.94,Religious Event,Sunny,Train,6022.74,No,8.3,72.42,4.6,Yes,Average
Delhi,New Delhi,01-02-2020,2020,February,18108,4218,33959.42,Museum,1.52,493,1575.11,Food Festival,Snowy,Bike,4937.76,No,5.3,90.68,3,No,Average
Delhi,New Delhi,01-03-2020,2020,March,13910,754,9746.06,Museum,0.66,115,6701.61,Music Festival,Sunny,Boat,2619.12,No,7.7,63.14,3.5,No,Average
Delhi,New Delhi,01-04-2020,2020,April,8101,3719,13233.01,Cultural Festival,1.12,94,6944.03,Dance Festival,Cold,Car,4256.55,Yes,3.6,94.74,4.3,No,Good
Delhi,New Delhi,01-05-2020,2020,May,19548,1234,30853.38,Beach,1.48,333,5432.02,Food Festival,Humid,Flight,7426.49,Yes,9.9,87.81,3.9,No,Average
Delhi,New Delhi,01-06-2020,2020,June,25590,551,34116.41,Wildlife Sanctuary,1.31,169,8183.66,Festival,Snowy,Bike,3253.41,No,3.1,82.14,4.7,Yes,Good
Delhi,New Delhi,01-07-2020,2020,July,29513,3715,35356.94,Cultural Festival,1.06,117,7050.29,Festival,Cloudy,Boat,4071.95,Yes,10.6,77.91,3.3,No,Average
Delhi,New Delhi,01-08-2020,2020,August,16824,4216,37377.39,Desert Safari,1.78,268,8865.38,Crafts Mela,Humid,Train,6028.82,No,11.6,81.89,4.1,No,Average
Delhi,New Delhi,01-09-2020,2020,September,41116,2959,54478.02,Fort,1.24,213,8012.67,Music Festival,Cold,Bike,2041.43,Yes,14.5,85.37,4.7,Yes,Good
Delhi,New Delhi,01-10-2020,2020,October,20096,574,25886.33,Wildlife Sanctuary,1.25,250,1964.85,Religious Event,Cold,Train,3498.35,Yes,10.4,56.46,4.7,No,Good
Delhi,New Delhi,01-11-2020,2020,November,25386,1434,35246.61,Fort,1.31,281,2893.15,Art Fair,Cloudy,Bus,3074.86,Yes,13,91.51,4.1,Yes,Average
Delhi,New Delhi,01-12-2020,2020,December,42031,1249,56488.62,Hill Station,1.31,312,8226.14,Art Fair,Cold,Car,6639.34,Yes,7.7,63.41,4.4,No,Average
Delhi,New Delhi,01-01-2021,2021,January,12313,3480,25360.18,Cultural Festival,1.61,357,7451.4,Religious Event,Cold,Bike,7610.5,No,11.1,57.79,5,Yes,Poor
Delhi,New Delhi,01-02-2021,2021,February,35161,1076,39759.35,Desert Safari,1.1,106,7913.66,Art Fair,Rainy,Bike,3655.94,Yes,12.8,65.23,3.8,No,Good
Delhi,New Delhi,01-03-2021,2021,March,23110,2541,30566.27,River Rafting,1.19,53,8999.32,Music Festival,Rainy,Boat,5418.71,Yes,9.1,67.69,3.5,No,Good
Delhi,New Delhi,01-04-2021,2021,April,15354,1487,27040.78,Hill Station,1.61,383,5388.28,Religious Event,Cloudy,Flight,2177.24,No,8.9,54.97,3.9,No,Good
Delhi,New Delhi,01-05-2021,2021,May,5393,545,6273.65,Beach,1.06,274,9985.72,Religious Event,Snowy,Bus,5446.19,Yes,12.9,73.11,4.4,No,Good
Delhi,New Delhi,01-06-2021,2021,June,36346,764,26644.31,Wildlife Sanctuary,0.72,102,6814.53,Food Festival,Rainy,Bike,1258.33,Yes,5.1,92.78,4,Yes,Poor
Delhi,New Delhi,01-07-2021,2021,July,44526,1306,64113.89,Fort,1.4,409,7910.97,Food Festival,Sunny,Flight,3090.32,No,2.4,89.65,4.3,Yes,Average
Delhi,New Delhi,01-08-2021,2021,August,16649,3616,25001.11,River Rafting,1.23,460,9772.78,Festival,Snowy,Bike,4949.41,No,5.4,64.94,4.7,Yes,Poor
Delhi,New Delhi,01-09-2021,2021,September,5213,2962,9831.81,Desert Safari,1.2,396,5194.75,Crafts Mela,Humid,Boat,1010.94,No,10,73.54,4.5,Yes,Average
Delhi,New Delhi,01-10-2021,2021,October,7633,2914,18932.3,River Rafting,1.8,73,2594.27,Dance Festival,Humid,Bus,2456.41,No,3.5,71.61,3.1,No,Average
Delhi,New Delhi,01-11-2021,2021,November,5015,686,9517.64,Hill Station,1.67,444,2876.47,Sports Event,Humid,Bike,2006.75,Yes,9.4,61.86,3.3,No,Average
Delhi,New Delhi,01-12-2021,2021,December,28515,986,18887.51,Fort,0.64,409,4764.05,Crafts Mela,Humid,Bus,6153.18,No,4.1,57.94,4.4,Yes,Average
Delhi,New Delhi,01-01-2022,2022,January,23984,4274,46146.73,River Rafting,1.63,331,9028.39,Religious Event,Rainy,Flight,3363,Yes,6,60.35,4.3,Yes,Poor
Delhi,New Delhi,01-02-2022,2022,February,10686,3976,23597.81,Beach,1.61,212,9589.67,Art Fair,Snowy,Train,6285.9,Yes,13.7,77.36,4.9,Yes,Average
Delhi,New Delhi,01-03-2022,2022,March,13646,887,13283.88,Desert Safari,0.91,121,4658.89,Art Fair,Sunny,Flight,6659.23,Yes,9.6,56.16,4.5,Yes,Average
Delhi,New Delhi,01-04-2022,2022,April,8875,2520,19835.72,Museum,1.74,183,5107.03,Music Festival,Cloudy,Bus,1282.19,No,6.5,94.85,3.4,Yes,Poor
Delhi,New Delhi,01-05-2022,2022,May,38882,4784,64051.13,Backwaters,1.47,309,9241.9,Food Festival,Sunny,Bike,2356.7,Yes,8.2,91.7,4.8,No,Poor
Delhi,New Delhi,01-06-2022,2022,June,35201,2485,44659.71,River Rafting,1.19,280,2535.24,Crafts Mela,Humid,Bus,6502.25,Yes,7.7,62.37,3.8,Yes,Good
Delhi,New Delhi,01-07-2022,2022,July,5394,3492,10876.45,Museum,1.22,298,4910.55,Art Fair,Cloudy,Boat,5169.17,No,3.6,65.44,3.5,Yes,Average
Delhi,New Delhi,01-08-2022,2022,August,34619,2464,62268.45,River Rafting,1.68,499,9234.47,Sports Event,Rainy,Train,3127.21,Yes,10.9,69.41,4.3,Yes,Poor
Delhi,New Delhi,01-09-2022,2022,September,48469,2594,78886.76,Beach,1.54,392,4666.7,Sports Event,Sunny,Bike,1527.18,Yes,13.3,88.26,3.8,No,Average
Delhi,New Delhi,01-10-2022,2022,October,5902,2022,13774.16,Temple,1.74,103,2344.5,Festival,Rainy,Train,5531.63,Yes,13.6,79.83,3.5,Yes,Poor
Delhi,New Delhi,01-11-2022,2022,November,47222,3228,65294.87,Cultural Festival,1.29,334,6963.64,Music Festival,Cloudy,Bus,1358.39,No,14.1,77.14,4,Yes,Average
Delhi,New Delhi,01-12-2022,2022,December,46518,4778,59967.97,Hill Station,1.17,429,3296.68,Festival,Snowy,Flight,7543.95,Yes,8.6,69.6,4,No,Poor
Delhi,New Delhi,01-01-2023,2023,January,9465,3889,16104.15,Fort,1.21,228,3779.36,Art Fair,Snowy,Boat,3165.02,Yes,14.2,67.02,3.8,No,Poor
Delhi,New Delhi,01-02-2023,2023,February,34976,1431,27642.78,Beach,0.76,119,2824.63,Music Festival,Rainy,Bike,3331.79,No,3.8,53.08,3.3,No,Average
Delhi,New Delhi,01-03-2023,2023,March,23607,3636,29175.66,Backwaters,1.07,445,2718.51,Festival,Cold,Train,5623.97,No,11.6,69.24,4.9,Yes,Average
Delhi,New Delhi,01-04-2023,2023,April,42554,2311,58037.65,River Rafting,1.29,72,8208.22,Art Fair,Cloudy,Bus,6946.96,No,11,94.06,3.4,No,Average
Delhi,New Delhi,01-05-2023,2023,May,5984,1020,6076.14,Museum,0.87,219,5501.17,Music Festival,Humid,Train,870.74,Yes,2.8,60.06,5,Yes,Average
Delhi,New Delhi,01-06-2023,2023,June,19285,2638,20002.52,Desert Safari,0.91,77,5918.71,Food Festival,Sunny,Boat,2335.87,No,11.1,84.19,3.3,No,Poor
Delhi,New Delhi,01-07-2023,2023,July,10885,2915,16182.23,Beach,1.17,291,4978.76,Dance Festival,Sunny,Boat,1558.84,Yes,8.6,82.06,3.4,No,Poor
Delhi,New Delhi,01-08-2023,2023,August,10070,4761,19701.74,Museum,1.33,198,9956.72,Art Fair,Cold,Bike,3718.05,No,7.7,80.42,4.8,Yes,Average
Delhi,New Delhi,01-09-2023,2023,September,28554,3587,58804.83,Hill Station,1.83,417,3604.51,Music Festival,Sunny,Bus,1588.81,No,7,52.93,3.9,No,Average
Delhi,New Delhi,01-10-2023,2023,October,47161,3938,78368.9,Temple,1.53,223,2733.78,Religious Event,Sunny,Flight,5917.41,No,13,71.05,4.9,Yes,Poor
Delhi,New Delhi,01-11-2023,2023,November,46680,2202,36998.97,Beach,0.76,452,9254.56,Religious Event,Sunny,Bike,5139.9,No,12,89.4,4.7,Yes,Poor
Delhi,New Delhi,01-12-2023,2023,December,19640,1443,27669.87,Beach,1.31,448,1911.36,Food Festival,Snowy,Car,3660.82,No,8.9,67.96,4.4,No,Average
Goa,Panaji,01-01-2019,2019,January,13463,1793,24134.32,Wildlife Sanctuary,1.58,484,3628.3,Food Festival,Rainy,Bike,7368.69,No,4.5,91.78,4.1,No,Good
Goa,Panaji,01-02-2019,2019,February,48288,4311,44902.02,Temple,0.85,92,1605.22,Festival,Cold,Train,7182.87,Yes,10.3,93.88,4,No,Average
Goa,Panaji,01-03-2019,2019,March,38805,1435,37303.87,Wildlife Sanctuary,0.93,321,9526.32,Dance Festival,Snowy,Train,3062.25,No,8.6,58.57,3.9,No,Average
Goa,Panaji,01-04-2019,2019,April,47298,891,55581.96,Wildlife Sanctuary,1.15,232,9812.12,Music Festival,Cloudy,Bus,6457.48,No,13,59.43,3.5,No,Poor
Goa,Panaji,01-05-2019,2019,May,35135,1453,36947.83,Desert Safari,1.01,231,3889.44,Festival,Snowy,Flight,6407.42,No,2.9,94.12,3,No,Average
Goa,Panaji,01-06-2019,2019,June,49071,2143,53734.97,Museum,1.05,426,7974.43,Food Festival,Humid,Train,3909.11,No,3.6,88.39,4.2,Yes,Poor
Goa,Panaji,01-07-2019,2019,July,6528,3701,17057.8,Beach,1.67,205,4599.65,Religious Event,Snowy,Train,867.94,No,4.4,61.18,4,No,Good
Goa,Panaji,01-08-2019,2019,August,43194,1001,53048.67,Museum,1.2,430,5997.87,Art Fair,Sunny,Car,5873.06,Yes,11.4,51.41,3.9,No,Good
Goa,Panaji,01-09-2019,2019,September,7881,1300,9198.99,Museum,1,138,6862.82,Sports Event,Sunny,Train,3492.68,No,11.5,83.13,4,No,Good
Goa,Panaji,01-10-2019,2019,October,47222,4912,82593.86,Hill Station,1.58,360,8956.13,Food Festival,Humid,Flight,2540.72,Yes,4.7,59.1,3.8,No,Poor
Goa,Panaji,01-11-2019,2019,November,49167,3107,70173.45,Beach,1.34,479,6570.8,Music Festival,Rainy,Bike,7663.78,Yes,9.6,60.15,3.6,No,Poor
Goa,Panaji,01-12-2019,2019,December,26572,4934,35822.22,Beach,1.14,215,2934.82,Sports Event,Cloudy,Bike,7026.58,Yes,14.8,68.54,3.2,Yes,Good
Goa,Panaji,01-01-2020,2020,January,20094,2205,28419.37,Hill Station,1.27,254,4908.4,Sports Event,Rainy,Flight,6796.44,No,8.9,94.3,3.8,No,Average
Goa,Panaji,01-02-2020,2020,February,19870,2084,24570.69,Hill Station,1.12,287,7018.33,Religious Event,Humid,Boat,1442.2,Yes,11.7,79.42,3.6,No,Good
Goa,Panaji,01-03-2020,2020,March,5681,3904,16612.26,Desert Safari,1.73,348,8431.1,Festival,Cloudy,Bus,6149.58,No,12.3,54.68,3.2,No,Poor
Goa,Panaji,01-04-2020,2020,April,27777,3048,23717.27,Beach,0.77,304,7278.5,Food Festival,Humid,Train,953.55,Yes,9.5,57.83,4.4,Yes,Good
Goa,Panaji,01-05-2020,2020,May,41580,1779,46470.14,Beach,1.07,111,7824.65,Art Fair,Humid,Flight,7369.87,Yes,6.1,88.69,4.5,Yes,Poor
Goa,Panaji,01-06-2020,2020,June,12841,2782,24015.74,Hill Station,1.54,336,4826.19,Sports Event,Rainy,Boat,7540.52,No,4,62.83,3.3,No,Good
Goa,Panaji,01-07-2020,2020,July,13407,2740,25475.66,Beach,1.58,355,1520.8,Festival,Rainy,Train,6904.31,No,9.1,73.5,3.9,Yes,Good
Goa,Panaji,01-08-2020,2020,August,35479,2952,46826.6,River Rafting,1.22,412,8519.43,Music Festival,Sunny,Boat,3064.44,No,8.9,53.64,3.7,Yes,Good
Goa,Panaji,01-09-2020,2020,September,40137,3059,71671.46,Temple,1.66,53,8589.06,Music Festival,Cloudy,Car,3477.33,Yes,4.8,76.13,3.2,No,Average
Goa,Panaji,01-10-2020,2020,October,44810,2478,67944.59,Cultural Festival,1.44,118,5354.65,Sports Event,Sunny,Boat,6848.03,No,2.7,75.62,3.1,No,Poor
Goa,Panaji,01-11-2020,2020,November,23068,2320,34946.85,River Rafting,1.38,215,3574.84,Crafts Mela,Cloudy,Bike,3930.79,No,5.6,73.72,3.9,No,Poor
Goa,Panaji,01-12-2020,2020,December,34886,1862,32239.14,Temple,0.88,120,2984.7,Festival,Humid,Bike,6095.81,Yes,5.6,80.84,3.5,Yes,Poor
Goa,Panaji,01-01-2021,2021,January,8301,2184,13363.41,Museum,1.27,128,3406.93,Art Fair,Sunny,Flight,6608.63,Yes,13.1,78.88,3.3,No,Good
Goa,Panaji,01-02-2021,2021,February,6638,4813,23152.85,Wildlife Sanctuary,2.02,492,8858.43,Religious Event,Humid,Boat,4683.02,Yes,13.9,84.51,4.1,Yes,Poor
Goa,Panaji,01-03-2021,2021,March,17890,898,17189.98,Wildlife Sanctuary,0.91,252,5211.39,Music Festival,Cold,Flight,7480.35,No,14,87.22,3.1,No,Average
Goa,Panaji,01-04-2021,2021,April,27309,1062,29054.85,Cultural Festival,1.02,267,9871.67,Sports Event,Sunny,Flight,2280.22,Yes,7.4,62.95,4.4,No,Good
Goa,Panaji,01-05-2021,2021,May,10362,1724,18448.2,Temple,1.53,301,6771.94,Crafts Mela,Cold,Train,3161.36,Yes,10.1,61.26,3.5,Yes,Poor
Goa,Panaji,01-06-2021,2021,June,15231,1656,18303.65,Fort,1.08,280,9863.1,Art Fair,Rainy,Car,5655.92,Yes,2.5,78.75,4.6,Yes,Average
Goa,Panaji,01-07-2021,2021,July,31563,1475,40241.46,Temple,1.22,81,7595.05,Crafts Mela,Rainy,Train,4160.4,Yes,14.8,53.6,3.4,Yes,Good
Goa,Panaji,01-08-2021,2021,August,39819,2944,40858.98,Museum,0.96,329,2881.47,Music Festival,Cloudy,Bus,5018.8,Yes,14.7,72.67,4.1,No,Average
Goa,Panaji,01-09-2021,2021,September,42215,1474,33768.17,Hill Station,0.77,497,7873.88,Religious Event,Sunny,Train,646.75,Yes,7.8,52.3,4.6,Yes,Good
Goa,Panaji,01-10-2021,2021,October,46486,3699,72382.11,Wildlife Sanctuary,1.44,408,4355.73,Dance Festival,Humid,Bike,2976.76,Yes,2.1,66.01,4,Yes,Average
Goa,Panaji,01-11-2021,2021,November,18700,672,16794.27,Hill Station,0.87,422,3328.84,Music Festival,Snowy,Bus,4340.65,No,12.2,83.79,3.1,Yes,Good
Goa,Panaji,01-12-2021,2021,December,45551,4275,62395.71,Cultural Festival,1.25,367,8902.19,Dance Festival,Rainy,Bike,3506.7,Yes,8.1,85.52,4.5,No,Good
Goa,Panaji,01-01-2022,2022,January,10049,1593,21429.47,Desert Safari,1.84,72,4980.42,Food Festival,Cold,Bike,5237.97,Yes,11.3,65.51,4.7,Yes,Good
Goa,Panaji,01-02-2022,2022,February,32033,1689,48841.21,Beach,1.45,60,1821.21,Art Fair,Snowy,Flight,695.59,No,7.4,67.17,4.6,No,Poor
Goa,Panaji,01-03-2022,2022,March,23698,1066,39555.34,Museum,1.6,447,3527.7,Music Festival,Cold,Car,7544.4,Yes,9.3,90.33,3.1,Yes,Good
Goa,Panaji,01-04-2022,2022,April,21683,1829,35248.78,River Rafting,1.5,380,4920.7,Music Festival,Sunny,Bus,6036.92,Yes,11.9,74.22,3.4,Yes,Average
Goa,Panaji,01-05-2022,2022,May,30271,1952,43743.86,Cultural Festival,1.36,335,7836.16,Dance Festival,Rainy,Bus,2587.82,No,11.9,54.48,3.2,No,Poor
Goa,Panaji,01-06-2022,2022,June,24115,2129,29980.02,Fort,1.14,446,4256.24,Festival,Humid,Car,2888.56,Yes,9.9,50.81,3.6,No,Poor
Goa,Panaji,01-07-2022,2022,July,13138,3284,18983.94,River Rafting,1.16,466,3805.73,Music Festival,Humid,Car,6970.82,Yes,12.7,51.17,4.2,No,Poor
Goa,Panaji,01-08-2022,2022,August,33717,4709,38668.62,Temple,1.01,53,8212.62,Dance Festival,Rainy,Bike,7708.59,No,14.9,50.62,3.5,No,Average
Goa,Panaji,01-09-2022,2022,September,21691,2165,19474.72,Wildlife Sanctuary,0.82,152,7457.13,Dance Festival,Snowy,Train,6654.02,No,7.7,50.72,3.1,Yes,Poor
Goa,Panaji,01-10-2022,2022,October,26621,922,36813.55,Temple,1.34,478,2331.97,Festival,Sunny,Flight,1048.76,No,4.3,90.76,3.7,No,Good
Goa,Panaji,01-11-2022,2022,November,33230,2247,57850.52,Desert Safari,1.63,93,4396.93,Music Festival,Humid,Bike,5673.47,Yes,9.4,50.55,4,No,Good
Goa,Panaji,01-12-2022,2022,December,24345,1206,17997.8,Wildlife Sanctuary,0.7,130,9389.96,Crafts Mela,Humid,Boat,7866.01,Yes,8.8,52.11,3,Yes,Average
Goa,Panaji,01-01-2023,2023,January,49087,3115,48227.5,Fort,0.92,61,9541.13,Art Fair,Snowy,Boat,1758.1,No,7.8,89.28,3.7,Yes,Average
Goa,Panaji,01-02-2023,2023,February,15197,1817,20025.71,Beach,1.18,180,3689.95,Festival,Humid,Boat,6889.81,Yes,2.2,74.58,4.5,Yes,Average
Goa,Panaji,01-03-2023,2023,March,39186,3517,52023.27,Beach,1.22,247,4780.47,Dance Festival,Cloudy,Train,4907.62,Yes,5.3,93.24,3.8,Yes,Poor
Goa,Panaji,01-04-2023,2023,April,30828,4045,48567.25,Backwaters,1.39,87,2894.25,Music Festival,Sunny,Bus,5634.09,Yes,10,77.57,3,Yes,Average
Goa,Panaji,01-05-2023,2023,May,48453,1596,30294.83,Backwaters,0.61,160,6007.36,Music Festival,Sunny,Flight,7156.62,Yes,11,82.03,4,Yes,Average
Goa,Panaji,01-06-2023,2023,June,20170,2542,29474.04,Wildlife Sanctuary,1.3,282,9988.64,Art Fair,Sunny,Bus,7804.27,Yes,6.3,75.41,3.6,No,Good
Goa,Panaji,01-07-2023,2023,July,25052,2945,41488.29,Wildlife Sanctuary,1.48,419,7545.98,Dance Festival,Sunny,Car,4095.77,No,10.1,59.83,3.5,Yes,Good
Goa,Panaji,01-08-2023,2023,August,46620,3898,54699.56,Cultural Festival,1.08,440,4526.34,Sports Event,Sunny,Boat,4918.91,Yes,4.1,79.85,4.6,No,Good
Goa,Panaji,01-09-2023,2023,September,45572,1025,50220.94,Museum,1.08,462,2445.26,Festival,Cold,Bike,4018.21,Yes,2.4,82.2,4.1,No,Average
Goa,Panaji,01-10-2023,2023,October,8554,2580,12494.71,Wildlife Sanctuary,1.12,417,9259.53,Music Festival,Cloudy,Bus,5866.16,Yes,6.1,53.06,4.8,No,Poor
Goa,Panaji,01-11-2023,2023,November,8471,3997,22373.57,Desert Safari,1.79,131,5966.62,Sports Event,Rainy,Train,2997.7,Yes,13.2,59.31,3.5,No,Average
Goa,Panaji,01-12-2023,2023,December,16983,3006,21518.51,Desert Safari,1.08,219,5309.67,Crafts Mela,Snowy,Flight,5969.63,Yes,12.6,81.43,3.8,No,Good
Goa,Vasco da Gama,01-01-2019,2019,January,26665,3343,45931.34,Museum,1.53,191,5625.89,Food Festival,Rainy,Bus,6334.59,No,3.6,67.82,3.3,No,Poor
Goa,Vasco da Gama,01-02-2019,2019,February,35412,4496,53689.35,Fort,1.35,230,6526.86,Music Festival,Humid,Boat,4897.74,No,7,61.71,4.5,No,Average
Goa,Vasco da Gama,01-03-2019,2019,March,25683,3994,49511.26,River Rafting,1.67,372,8570.65,Crafts Mela,Cloudy,Train,858.28,No,3.3,82.76,4.7,No,Average
Goa,Vasco da Gama,01-04-2019,2019,April,15529,4044,25828.77,River Rafting,1.32,177,1926.51,Dance Festival,Cold,Train,3088.48,No,12.9,57.03,4.6,No,Poor
Goa,Vasco da Gama,01-05-2019,2019,May,44231,2454,53216.75,Desert Safari,1.14,162,8567.98,Religious Event,Snowy,Train,919.22,Yes,5.3,60.08,3.3,Yes,Good
Goa,Vasco da Gama,01-06-2019,2019,June,40307,1054,48037.94,Hill Station,1.16,455,3178.61,Festival,Cloudy,Bus,5142.21,Yes,10.4,60.12,4.5,No,Poor
Goa,Vasco da Gama,01-07-2019,2019,July,17944,4982,31915,Backwaters,1.39,69,3961.67,Festival,Humid,Bike,7458.18,No,3.4,91.53,3.7,No,Average
Goa,Vasco da Gama,01-08-2019,2019,August,30720,2989,43341.97,Temple,1.29,205,5896.85,Art Fair,Cold,Car,7025.13,Yes,12.3,82.94,4.2,No,Average
Goa,Vasco da Gama,01-09-2019,2019,September,40621,4123,40197.04,Beach,0.9,307,6275.46,Music Festival,Cloudy,Car,7416.5,No,9,78.01,4.7,Yes,Good
Goa,Vasco da Gama,01-10-2019,2019,October,25318,1787,31998.51,Museum,1.18,295,5509.81,Art Fair,Sunny,Bike,5614.29,No,7.7,50.23,4.6,Yes,Poor
Goa,Vasco da Gama,01-11-2019,2019,November,38676,4402,66944.17,River Rafting,1.55,97,4326.54,Food Festival,Cloudy,Flight,7949.71,Yes,12.8,68.92,4.1,No,Poor
Goa,Vasco da Gama,01-12-2019,2019,December,18298,3660,29083.41,Hill Station,1.32,459,5517.88,Music Festival,Rainy,Train,749.78,No,7,76.93,3.7,No,Average
Goa,Vasco da Gama,01-01-2020,2020,January,17446,3229,31202.75,Cultural Festival,1.51,194,8158.07,Religious Event,Cloudy,Bus,3663.77,No,6.9,68.87,4,No,Poor
Goa,Vasco da Gama,01-02-2020,2020,February,44061,3431,63614.76,River Rafting,1.34,183,1839.68,Festival,Sunny,Bus,1308.22,No,10.2,60.94,3.1,Yes,Poor
Goa,Vasco da Gama,01-03-2020,2020,March,19231,3138,28260.97,Backwaters,1.26,83,9955.49,Food Festival,Cloudy,Bike,3130.29,Yes,12.6,61.51,3.7,No,Poor
Goa,Vasco da Gama,01-04-2020,2020,April,12432,3605,29257.33,Beach,1.82,308,7108.96,Music Festival,Rainy,Boat,5563.51,Yes,13.1,63.2,4.3,No,Good
Goa,Vasco da Gama,01-05-2020,2020,May,40207,1621,36114.13,Fort,0.86,329,4717.29,Crafts Mela,Rainy,Bus,1962.95,No,14.1,92.96,4.3,Yes,Average
Goa,Vasco da Gama,01-06-2020,2020,June,12372,4038,25224.15,Hill Station,1.54,396,9461.69,Religious Event,Rainy,Train,6831.12,Yes,9.8,91.88,4.5,Yes,Good
Goa,Vasco da Gama,01-07-2020,2020,July,28875,2210,46353.22,Desert Safari,1.49,105,3800.52,Art Fair,Rainy,Flight,7810.32,Yes,13.7,85.91,4,Yes,Poor
Goa,Vasco da Gama,01-08-2020,2020,August,8566,2440,20466.37,Beach,1.86,289,2685.78,Festival,Sunny,Bike,3082.34,No,2.3,53.78,4.1,Yes,Good
Goa,Vasco da Gama,01-09-2020,2020,September,5265,4658,21157.59,River Rafting,2.13,240,4152.42,Dance Festival,Sunny,Boat,6473.26,Yes,11.9,74.28,3.1,No,Average
Goa,Vasco da Gama,01-10-2020,2020,October,12433,2975,23860.95,Wildlife Sanctuary,1.55,321,1956.68,Sports Event,Humid,Bus,2765.85,No,12.5,88.05,3.3,Yes,Good
Goa,Vasco da Gama,01-11-2020,2020,November,14031,4374,22305.84,Museum,1.21,154,5343.83,Dance Festival,Cold,Boat,3420.23,Yes,5.1,80.74,5,Yes,Average
Goa,Vasco da Gama,01-12-2020,2020,December,33325,3983,62901.32,Fort,1.69,215,7805.85,Festival,Cold,Train,7505.53,No,11.6,73.43,4.1,No,Good
Goa,Vasco da Gama,01-01-2021,2021,January,40648,1598,33895.81,Desert Safari,0.8,303,3427.49,Dance Festival,Cloudy,Boat,966.07,Yes,9.1,81.26,3.8,No,Poor
Goa,Vasco da Gama,01-02-2021,2021,February,35734,4153,41810.98,Temple,1.05,313,4877.82,Dance Festival,Snowy,Bike,1550.39,No,14.8,64.69,4.3,No,Good
Goa,Vasco da Gama,01-03-2021,2021,March,48683,1520,43240.23,Wildlife Sanctuary,0.86,375,8727.13,Festival,Sunny,Flight,5244.19,No,8.8,93.93,4.8,Yes,Poor
Goa,Vasco da Gama,01-04-2021,2021,April,40658,2168,51892.13,Temple,1.21,110,6973.55,Food Festival,Cold,Car,5040.23,Yes,10.2,58.42,4.1,No,Poor
Goa,Vasco da Gama,01-05-2021,2021,May,11995,3253,27664.42,Temple,1.81,230,6122.31,Festival,Cloudy,Bike,1216.67,No,13.5,74.97,3.1,Yes,Poor
Goa,Vasco da Gama,01-06-2021,2021,June,8144,3321,22335.89,Hill Station,1.95,491,9601.57,Sports Event,Cloudy,Train,7365.39,No,13.3,65.43,4.5,No,Average
Goa,Vasco da Gama,01-07-2021,2021,July,40479,1109,38234.55,Wildlife Sanctuary,0.92,301,3528.62,Art Fair,Snowy,Flight,5020.88,No,13.4,84.94,4.1,No,Good
Goa,Vasco da Gama,01-08-2021,2021,August,44732,1476,40889.4,Backwaters,0.88,441,2970.64,Music Festival,Rainy,Flight,6228.69,Yes,7.6,87.98,3.5,No,Poor
Goa,Vasco da Gama,01-09-2021,2021,September,27431,1601,25280.97,Temple,0.87,110,7568.21,Crafts Mela,Rainy,Flight,4788.25,No,13.2,85.01,4.3,Yes,Good
Goa,Vasco da Gama,01-10-2021,2021,October,20441,1922,20390.74,Desert Safari,0.91,134,6260.5,Religious Event,Snowy,Train,7340.45,No,14.3,87.33,3.7,Yes,Average
Goa,Vasco da Gama,01-11-2021,2021,November,18356,2425,23510.74,River Rafting,1.13,196,8880.26,Food Festival,Humid,Flight,1297.22,No,3,56.86,3.4,Yes,Good
Goa,Vasco da Gama,01-12-2021,2021,December,13487,3244,23258.09,Cultural Festival,1.39,250,6757.51,Art Fair,Cold,Flight,4331.52,No,6,83.03,4.8,No,Poor
Goa,Vasco da Gama,01-01-2022,2022,January,10865,552,16418.01,Beach,1.44,56,7043.54,Religious Event,Rainy,Flight,3945.16,No,13.2,88.27,4.9,No,Good
Goa,Vasco da Gama,01-02-2022,2022,February,27040,675,18648.31,Museum,0.67,366,2715.34,Art Fair,Humid,Boat,1383.44,No,4.1,80.34,3.4,No,Average
Goa,Vasco da Gama,01-03-2022,2022,March,5005,3432,15362.06,Museum,1.82,477,5238.86,Crafts Mela,Humid,Bus,3879.48,No,4.8,91.38,4.7,Yes,Good
Goa,Vasco da Gama,01-04-2022,2022,April,42289,4370,48466.33,Museum,1.04,210,2633.14,Dance Festival,Snowy,Car,2693.91,Yes,12.2,80.8,3.2,No,Poor
Goa,Vasco da Gama,01-05-2022,2022,May,22098,1644,35374.13,Temple,1.49,235,7375.92,Food Festival,Snowy,Bike,4406.99,Yes,4.2,54.5,4.2,Yes,Poor
Goa,Vasco da Gama,01-06-2022,2022,June,36363,589,31664.06,Backwaters,0.86,117,2223.16,Sports Event,Rainy,Train,5281.29,No,14.3,89.91,3.5,No,Average
Goa,Vasco da Gama,01-07-2022,2022,July,31264,850,47572.31,River Rafting,1.48,255,7438.13,Art Fair,Snowy,Bike,5129.41,Yes,9.6,76.49,3.6,No,Average
Goa,Vasco da Gama,01-08-2022,2022,August,14621,3796,27941.55,Cultural Festival,1.52,127,9232.21,Art Fair,Snowy,Bus,3231.66,Yes,8.4,79.64,3.3,No,Poor
Goa,Vasco da Gama,01-09-2022,2022,September,35867,1841,56769.94,Beach,1.51,132,4165.67,Dance Festival,Sunny,Boat,4975.8,Yes,9.9,58.79,5,Yes,Poor
Goa,Vasco da Gama,01-10-2022,2022,October,30585,695,43553.41,River Rafting,1.39,111,8259.93,Festival,Rainy,Train,2351.56,No,11.3,64.96,3.9,Yes,Poor
Goa,Vasco da Gama,01-11-2022,2022,November,20747,1909,20477.11,Hill Station,0.9,378,8927.98,Religious Event,Cloudy,Train,5241.53,Yes,14.1,74.08,3.8,No,Poor
Goa,Vasco da Gama,01-12-2022,2022,December,37580,925,29631.75,Museum,0.77,451,2017.76,Religious Event,Snowy,Boat,4274.21,No,5.8,83.47,3.8,Yes,Good
Goa,Vasco da Gama,01-01-2023,2023,January,9854,1808,11153.98,Beach,0.96,84,5928.14,Sports Event,Humid,Car,6842.23,Yes,6,90.56,4.6,Yes,Good
Goa,Vasco da Gama,01-02-2023,2023,February,45896,560,44153.71,Desert Safari,0.95,165,9769.06,Music Festival,Cloudy,Flight,7117.49,Yes,9.1,72.94,4.6,No,Good
Goa,Vasco da Gama,01-03-2023,2023,March,25920,714,37623.45,Museum,1.41,427,4785.18,Music Festival,Cloudy,Bike,5052.48,No,13.9,65.09,3.5,No,Good
Goa,Vasco da Gama,01-04-2023,2023,April,20287,2909,33335.3,Desert Safari,1.44,324,2134.82,Festival,Humid,Boat,4415.22,No,3,61.5,3.2,No,Average
Goa,Vasco da Gama,01-05-2023,2023,May,17318,3981,34924.92,Hill Station,1.64,260,6264.24,Dance Festival,Sunny,Bike,5495.05,No,2.5,88.36,4.8,Yes,Good
Goa,Vasco da Gama,01-06-2023,2023,June,22490,1308,29492.49,River Rafting,1.24,118,8453.82,Music Festival,Snowy,Flight,5224.92,Yes,9.6,59.27,4.6,Yes,Average
Goa,Vasco da Gama,01-07-2023,2023,July,13395,2470,22579.2,Temple,1.42,321,3316.12,Music Festival,Rainy,Flight,6350.04,Yes,12.6,58.96,4,Yes,Average
Goa,Vasco da Gama,01-08-2023,2023,August,33636,3241,49887.12,Temple,1.35,167,6222.75,Dance Festival,Humid,Car,4710.85,Yes,7.6,81.17,3.9,Yes,Poor
Goa,Vasco da Gama,01-09-2023,2023,September,39194,3403,61685.69,Desert Safari,1.45,77,4144.58,Dance Festival,Humid,Train,3901.46,Yes,2.4,73.4,4.6,No,Poor
Goa,Vasco da Gama,01-10-2023,2023,October,9645,1567,12612.55,Desert Safari,1.12,369,5618.21,Dance Festival,Rainy,Car,1726.95,No,5.6,94.71,4.2,Yes,Poor
Goa,Vasco da Gama,01-11-2023,2023,November,20431,543,16798.81,Backwaters,0.8,80,6356.1,Crafts Mela,Cold,Train,6418.3,No,13.4,80.17,3.6,Yes,Poor
Goa,Vasco da Gama,01-12-2023,2023,December,18168,3952,40929.19,Beach,1.85,175,4664.58,Music Festival,Sunny,Bus,4465.84,No,8.4,58.7,4.5,No,Good
Karnataka,Bengaluru,01-01-2019,2019,January,34515,4398,52553.79,Temple,1.35,208,7647.9,Festival,Snowy,Bike,1549.19,No,7.6,85.9,4.3,No,Average
Karnataka,Bengaluru,01-02-2019,2019,February,15585,2423,22022.53,Temple,1.22,454,5991.19,Festival,Snowy,Bike,7387,No,8.1,70.94,3.9,No,Poor
Karnataka,Bengaluru,01-03-2019,2019,March,23788,4368,34820.35,Wildlife Sanctuary,1.24,285,7255.27,Dance Festival,Sunny,Bike,7165.03,No,5.3,54.08,4.3,No,Good
Karnataka,Bengaluru,01-04-2019,2019,April,49237,2854,40617.61,Hill Station,0.78,209,3107.18,Festival,Sunny,Bus,7671.91,No,5.1,63.01,4.2,Yes,Poor
Karnataka,Bengaluru,01-05-2019,2019,May,24915,4217,41414.93,Museum,1.42,141,5554.9,Sports Event,Snowy,Bike,3364.82,Yes,10,79.59,4.5,No,Poor
Karnataka,Bengaluru,01-06-2019,2019,June,33908,3030,45395.39,Temple,1.23,293,6338.69,Dance Festival,Rainy,Car,1952.12,Yes,10,81.76,4.5,Yes,Average
Karnataka,Bengaluru,01-07-2019,2019,July,41961,2119,28913.19,Wildlife Sanctuary,0.66,201,7432.37,Dance Festival,Humid,Car,947.7,Yes,14.4,94.68,3.6,Yes,Poor
Karnataka,Bengaluru,01-08-2019,2019,August,35137,4977,53936.71,Cultural Festival,1.34,343,8731.13,Music Festival,Cloudy,Bike,4144.71,Yes,11.7,69.31,4.3,Yes,Good
Karnataka,Bengaluru,01-09-2019,2019,September,13265,1707,15794.18,Cultural Festival,1.05,312,3210.68,Crafts Mela,Cold,Train,4353.7,No,14.1,94.93,3.8,Yes,Average
Karnataka,Bengaluru,01-10-2019,2019,October,26054,4029,52477.11,Museum,1.74,133,8973.22,Music Festival,Rainy,Bike,6925.14,Yes,5.4,83.34,3,No,Average
Karnataka,Bengaluru,01-11-2019,2019,November,33042,1904,35702.01,Fort,1.02,128,5530.66,Sports Event,Snowy,Boat,6988.12,Yes,2.8,64.42,3.4,No,Poor
Karnataka,Bengaluru,01-12-2019,2019,December,36753,3701,62834.26,Temple,1.55,51,6637.76,Dance Festival,Cloudy,Bike,7276.84,No,7.4,65.2,4.2,Yes,Good
Karnataka,Bengaluru,01-01-2020,2020,January,20591,1471,35290.35,Wildlife Sanctuary,1.6,196,4794.52,Dance Festival,Humid,Train,2033.33,No,6,82.89,4.1,Yes,Poor
Karnataka,Bengaluru,01-02-2020,2020,February,47649,1964,34300.95,Hill Station,0.69,355,8894.2,Art Fair,Cloudy,Bus,2953.55,No,5.1,88.19,3.3,Yes,Average
Karnataka,Bengaluru,01-03-2020,2020,March,16731,1227,25797.59,Museum,1.44,463,3010.12,Dance Festival,Rainy,Boat,6847.42,Yes,10.4,52.09,3.8,Yes,Poor
Karnataka,Bengaluru,01-04-2020,2020,April,45301,1927,35858.21,Museum,0.76,78,4384.18,Art Fair,Cold,Boat,7847.44,No,10,67.1,3.5,Yes,Good
Karnataka,Bengaluru,01-05-2020,2020,May,38631,1330,46948.3,Hill Station,1.17,143,8595.78,Art Fair,Snowy,Bike,7275.18,No,5.2,82.53,4.3,No,Poor
Karnataka,Bengaluru,01-06-2020,2020,June,43418,4330,70684.13,Beach,1.48,122,2914.06,Food Festival,Rainy,Boat,647.38,Yes,14.7,56.37,3.7,Yes,Average
Karnataka,Bengaluru,01-07-2020,2020,July,30405,3029,49935.44,Fort,1.49,113,8849.59,Dance Festival,Rainy,Train,3715.02,No,13.9,56.71,4.9,No,Average
Karnataka,Bengaluru,01-08-2020,2020,August,47527,1652,43039.43,Desert Safari,0.88,407,3985.65,Religious Event,Cloudy,Bike,1786.56,No,14.2,68.71,4,Yes,Poor
Karnataka,Bengaluru,01-09-2020,2020,September,18359,4673,39889.56,Hill Station,1.73,246,5402.59,Sports Event,Cold,Flight,6164.7,No,9.3,90.6,3.1,Yes,Good
Karnataka,Bengaluru,01-10-2020,2020,October,21568,4727,36840.93,Museum,1.4,329,8221.92,Art Fair,Snowy,Bike,1642.48,Yes,5.6,64.97,3.4,No,Good
Karnataka,Bengaluru,01-11-2020,2020,November,47718,1983,46819.45,Wildlife Sanctuary,0.94,285,6212.02,Art Fair,Humid,Boat,578.35,No,11.2,82.7,3.6,Yes,Good
Karnataka,Bengaluru,01-12-2020,2020,December,20107,2994,30820.49,River Rafting,1.33,477,2514.74,Music Festival,Humid,Bike,2394.21,Yes,2.6,69.89,4.8,No,Poor
Karnataka,Bengaluru,01-01-2021,2021,January,29069,911,19166.96,Wildlife Sanctuary,0.64,363,6281.24,Art Fair,Cold,Flight,6304.67,No,10.2,64.51,4.7,No,Poor
Karnataka,Bengaluru,01-02-2021,2021,February,5952,3795,16539.13,Backwaters,1.7,270,2919.38,Dance Festival,Rainy,Boat,2592.72,No,9.4,71.92,3.6,Yes,Good
Karnataka,Bengaluru,01-03-2021,2021,March,39848,742,33782.29,Museum,0.83,92,9758.48,Food Festival,Humid,Bike,2426.61,Yes,10.2,62.09,4.2,Yes,Good
Karnataka,Bengaluru,01-04-2021,2021,April,24634,1238,18302.03,Temple,0.71,78,7212.97,Music Festival,Humid,Car,2170.7,Yes,8.7,67.25,4,Yes,Good
Karnataka,Bengaluru,01-05-2021,2021,May,33195,1241,49655.44,Beach,1.44,215,4074.24,Music Festival,Humid,Train,1596.91,No,4.1,90.96,4,Yes,Good
Karnataka,Bengaluru,01-06-2021,2021,June,47695,2470,47708.72,Desert Safari,0.95,109,2364.12,Food Festival,Rainy,Flight,7120.79,No,6.4,66.5,3.4,Yes,Good
Karnataka,Bengaluru,01-07-2021,2021,July,35217,1397,33678.97,Fort,0.92,219,6259.64,Festival,Sunny,Train,3671.82,Yes,13.9,85.74,3,No,Average
Karnataka,Bengaluru,01-08-2021,2021,August,13920,1419,14258.07,Museum,0.93,178,9126.34,Crafts Mela,Cloudy,Train,4900.25,Yes,6.1,51.77,4.4,No,Poor
Karnataka,Bengaluru,01-09-2021,2021,September,37398,3541,51266.69,Museum,1.25,77,9287.55,Art Fair,Rainy,Bike,645.36,Yes,10,77.52,3.4,No,Poor
Karnataka,Bengaluru,01-10-2021,2021,October,14633,3137,34773.27,Museum,1.96,467,3394.54,Art Fair,Cloudy,Train,3846.5,No,9.7,91.14,4.7,No,Good
Karnataka,Bengaluru,01-11-2021,2021,November,36101,1694,48343.05,Desert Safari,1.28,418,2336.38,Festival,Cold,Train,4762.62,Yes,11.9,93.72,3.4,Yes,Good
Karnataka,Bengaluru,01-12-2021,2021,December,38930,967,38688.74,Backwaters,0.97,96,4671.38,Music Festival,Rainy,Train,7990.63,No,7.4,82.29,3.7,No,Good
Karnataka,Bengaluru,01-01-2022,2022,January,9301,3438,23926.71,River Rafting,1.88,324,7736.67,Food Festival,Snowy,Bike,7263.68,Yes,5.5,60.93,4.2,Yes,Poor
Karnataka,Bengaluru,01-02-2022,2022,February,29708,770,45757.01,Cultural Festival,1.5,254,4298.9,Music Festival,Humid,Car,5082.16,No,14.9,89.17,4.9,No,Poor
Karnataka,Bengaluru,01-03-2022,2022,March,41428,1069,39617.58,River Rafting,0.93,436,3110.04,Art Fair,Humid,Boat,5508.72,Yes,13.6,51.52,3.5,No,Average
Karnataka,Bengaluru,01-04-2022,2022,April,44018,4001,65457.86,Desert Safari,1.36,303,2566.8,Religious Event,Cold,Car,4847.16,No,3.7,94.29,3.9,No,Poor
Karnataka,Bengaluru,01-05-2022,2022,May,18335,3261,41152.96,Wildlife Sanctuary,1.91,63,6559.66,Sports Event,Rainy,Boat,1900.44,No,3.4,93.32,3.4,Yes,Good
Karnataka,Bengaluru,01-06-2022,2022,June,22518,2354,32021.71,Backwaters,1.29,377,4764.28,Religious Event,Cloudy,Bike,3021.44,No,10.3,61.68,4.2,No,Poor
Karnataka,Bengaluru,01-07-2022,2022,July,15108,4570,29463.28,Cultural Festival,1.5,422,4658.28,Dance Festival,Sunny,Bike,2145.91,No,9.9,75.36,3.8,No,Average
Karnataka,Bengaluru,01-08-2022,2022,August,34744,2310,58434.61,Temple,1.58,156,7293.64,Sports Event,Cold,Car,2059.1,No,3.1,91.18,3.4,No,Poor
Karnataka,Bengaluru,01-09-2022,2022,September,19137,2382,23816.88,Fort,1.11,63,2100.57,Sports Event,Humid,Flight,4679.94,No,12.7,76.61,3.2,Yes,Average
Karnataka,Bengaluru,01-10-2022,2022,October,9529,1311,16929.47,Desert Safari,1.56,463,9695.8,Food Festival,Rainy,Car,4046.96,Yes,13.1,67.42,3.3,No,Poor
Karnataka,Bengaluru,01-11-2022,2022,November,31187,1502,40146.67,Backwaters,1.23,130,2469.36,Art Fair,Humid,Bus,2646.58,No,9,81.51,4.1,Yes,Average
Karnataka,Bengaluru,01-12-2022,2022,December,49880,1767,69271.31,Backwaters,1.34,149,6988.34,Festival,Rainy,Boat,681.38,No,13.5,84.42,4.9,No,Average
Karnataka,Bengaluru,01-01-2023,2023,January,26087,619,33403.27,Temple,1.25,157,5226.46,Music Festival,Humid,Bus,730.9,No,13.1,68.61,4.3,Yes,Good
Karnataka,Bengaluru,01-02-2023,2023,February,29963,3497,51149.21,Temple,1.53,225,7263.14,Food Festival,Rainy,Train,6742.71,No,2.6,68.41,4.1,No,Good
Karnataka,Bengaluru,01-03-2023,2023,March,11158,3862,24956.35,Cultural Festival,1.66,111,9708.12,Religious Event,Cloudy,Flight,5136.55,No,13,55.89,4,Yes,Good
Karnataka,Bengaluru,01-04-2023,2023,April,7210,2483,17655.5,Hill Station,1.82,200,5434.32,Music Festival,Sunny,Boat,5419.62,No,12.6,90.77,3.2,Yes,Poor
Karnataka,Bengaluru,01-05-2023,2023,May,26686,1362,34300.13,Fort,1.22,429,3053.07,Sports Event,Cloudy,Flight,2358.83,Yes,7,89.11,3.6,No,Poor
Karnataka,Bengaluru,01-06-2023,2023,June,13347,4875,36873.24,Desert Safari,2.02,260,6441.97,Dance Festival,Sunny,Flight,7683.9,Yes,12.7,56.94,3.3,Yes,Poor
Karnataka,Bengaluru,01-07-2023,2023,July,18989,4388,25374.65,River Rafting,1.09,342,3673.37,Religious Event,Sunny,Car,1972.07,Yes,10.2,55.35,3.8,Yes,Average
Karnataka,Bengaluru,01-08-2023,2023,August,16393,4825,29787.25,Museum,1.4,71,3665.41,Crafts Mela,Humid,Train,7200.51,No,13.2,63.34,3.9,Yes,Good
Karnataka,Bengaluru,01-09-2023,2023,September,25394,3722,38506.44,Temple,1.32,265,9051.24,Sports Event,Rainy,Flight,6068.56,No,4.7,74.04,4.5,Yes,Good
Karnataka,Bengaluru,01-10-2023,2023,October,12390,4370,25776.97,River Rafting,1.54,197,9956.29,Dance Festival,Sunny,Bike,1122.95,No,4.4,80.79,3.7,No,Average
Karnataka,Bengaluru,01-11-2023,2023,November,33330,4940,46879.17,Fort,1.22,367,8793.56,Music Festival,Cloudy,Car,1158.33,No,7.1,60.94,3.7,Yes,Good
Karnataka,Bengaluru,01-12-2023,2023,December,27933,3394,35720.63,Fort,1.14,360,2758.69,Dance Festival,Snowy,Bus,2450.58,Yes,11.1,78.87,3.2,No,Good
Karnataka,Mysuru,01-01-2019,2019,January,46138,4558,36770.15,Backwaters,0.73,439,3224.52,Crafts Mela,Humid,Flight,7384.7,Yes,14,70.36,4.4,Yes,Poor
Karnataka,Mysuru,01-02-2019,2019,February,23229,1394,31910.97,Museum,1.3,370,5446.56,Food Festival,Sunny,Car,1868.53,Yes,3.7,80.97,4.3,Yes,Poor
Karnataka,Mysuru,01-03-2019,2019,March,19101,4101,40600.52,River Rafting,1.75,477,3356.97,Art Fair,Sunny,Flight,4162.9,Yes,7.5,51.85,3.5,No,Poor
Karnataka,Mysuru,01-04-2019,2019,April,44873,2473,66902.61,Cultural Festival,1.41,417,8754.18,Festival,Humid,Car,7740.69,No,13.6,61.8,4.8,Yes,Good
Karnataka,Mysuru,01-05-2019,2019,May,10675,1704,15182.04,Beach,1.23,484,1526.94,Festival,Rainy,Boat,3381.98,Yes,5.2,51.62,3.4,No,Poor
Karnataka,Mysuru,01-06-2019,2019,June,46793,3597,68781.56,Beach,1.36,248,7278.09,Food Festival,Rainy,Flight,2104.32,Yes,13.4,91.83,3.9,No,Poor
Karnataka,Mysuru,01-07-2019,2019,July,45033,4548,54062.9,Desert Safari,1.09,458,7779.48,Food Festival,Sunny,Flight,1142.86,No,3.9,50.1,3.5,No,Poor
Karnataka,Mysuru,01-08-2019,2019,August,40045,2397,50749.97,Hill Station,1.2,483,1944.78,Sports Event,Cold,Bike,5056.6,Yes,4.4,77.12,3.1,Yes,Average
Karnataka,Mysuru,01-09-2019,2019,September,11246,4453,29414.89,Museum,1.87,327,4741.83,Sports Event,Rainy,Car,3721.66,Yes,3.5,64.51,3.8,Yes,Average
Karnataka,Mysuru,01-10-2019,2019,October,40104,4183,41791.23,Museum,0.94,161,7266.42,Sports Event,Cold,Bike,1465.45,No,3.6,73.15,3.7,Yes,Average
Karnataka,Mysuru,01-11-2019,2019,November,43668,1096,47273.3,Backwaters,1.06,283,6527.49,Music Festival,Rainy,Car,3311.78,Yes,14.7,71.4,4.5,No,Good
Karnataka,Mysuru,01-12-2019,2019,December,7923,505,7083.11,Cultural Festival,0.84,115,5887.75,Music Festival,Cold,Train,2305.23,No,7.9,91.65,3.4,Yes,Poor
Karnataka,Mysuru,01-01-2020,2020,January,18263,2475,30321.3,Desert Safari,1.46,169,3887.38,Religious Event,Sunny,Bike,4232.9,No,6.7,84.08,4.8,Yes,Poor
Karnataka,Mysuru,01-02-2020,2020,February,22995,3829,38488.1,Museum,1.43,253,8396.98,Festival,Humid,Boat,2937.52,Yes,12.4,82.23,3.9,No,Poor
Karnataka,Mysuru,01-03-2020,2020,March,47845,2672,38527.05,Cultural Festival,0.76,322,3222.75,Festival,Snowy,Car,6311.67,No,2.8,88.97,4.9,No,Poor
Karnataka,Mysuru,01-04-2020,2020,April,26860,3489,29350.35,Museum,0.97,75,5232.77,Sports Event,Cloudy,Train,3744.82,Yes,13.9,67.12,4,No,Good
Karnataka,Mysuru,01-05-2020,2020,May,16391,1968,22019.22,Cultural Festival,1.2,459,9681.12,Art Fair,Rainy,Train,4258.61,No,11.9,74.9,4.2,No,Good
Karnataka,Mysuru,01-06-2020,2020,June,18936,2714,33707.7,Backwaters,1.56,468,3829.09,Art Fair,Cold,Car,1583.73,Yes,7.2,89.6,3.8,No,Good
Karnataka,Mysuru,01-07-2020,2020,July,27519,4378,44799.21,Hill Station,1.4,51,5166.16,Music Festival,Sunny,Flight,7684.07,No,6,83.08,4.1,No,Good
Karnataka,Mysuru,01-08-2020,2020,August,23621,4526,30473.89,Wildlife Sanctuary,1.08,430,4940.65,Sports Event,Cloudy,Train,5658.91,No,11.1,68.01,3,No,Good
Karnataka,Mysuru,01-09-2020,2020,September,21201,3266,27458.44,Backwaters,1.12,476,5183.03,Crafts Mela,Cold,Train,7451.68,Yes,15,54.49,4.1,No,Average
Karnataka,Mysuru,01-10-2020,2020,October,43195,2412,34285.97,Hill Station,0.75,231,7395.74,Sports Event,Cloudy,Bus,7877.85,No,11.9,90.07,4.3,Yes,Good
Karnataka,Mysuru,01-11-2020,2020,November,40131,4047,47368.76,Fort,1.07,421,5359.18,Dance Festival,Snowy,Car,4614.75,Yes,2.9,59.61,3.7,No,Good
Karnataka,Mysuru,01-12-2020,2020,December,12492,3911,29348.79,Hill Station,1.79,387,9669.1,Dance Festival,Rainy,Train,2011.32,No,6.6,81.84,5,No,Poor
Karnataka,Mysuru,01-01-2021,2021,January,15957,2658,17318.29,Beach,0.93,369,9977.6,Food Festival,Rainy,Car,6125.46,No,8.8,85.53,4.4,Yes,Poor
Karnataka,Mysuru,01-02-2021,2021,February,6643,3916,17406.05,Museum,1.65,54,4030.59,Sports Event,Humid,Car,2171.23,Yes,11.4,61.51,4.6,No,Poor
Karnataka,Mysuru,01-03-2021,2021,March,19307,4435,35069.02,Museum,1.48,448,4096.77,Crafts Mela,Snowy,Train,5989.64,Yes,4,53.12,4.4,No,Poor
Karnataka,Mysuru,01-04-2021,2021,April,39567,1742,33610.71,River Rafting,0.81,357,2647.75,Festival,Cloudy,Bus,3183.79,Yes,5.1,52.41,3.1,Yes,Good
Karnataka,Mysuru,01-05-2021,2021,May,36248,4225,49163.11,Desert Safari,1.21,423,3160.68,Sports Event,Humid,Car,5645.91,No,13.8,84.72,4.4,No,Good
Karnataka,Mysuru,01-06-2021,2021,June,44324,4450,61051.51,Wildlife Sanctuary,1.25,157,2627,Religious Event,Humid,Bus,7270.99,Yes,12.3,69.38,3.8,Yes,Average
Karnataka,Mysuru,01-07-2021,2021,July,39696,2184,42193.13,Beach,1.01,233,9098.82,Crafts Mela,Sunny,Flight,648.22,Yes,9,88.2,4.2,Yes,Good
Karnataka,Mysuru,01-08-2021,2021,August,15853,4170,32148.65,Wildlife Sanctuary,1.61,281,8093.67,Festival,Cloudy,Train,5541.79,Yes,8,68.31,4.7,Yes,Good
Karnataka,Mysuru,01-09-2021,2021,September,12875,1487,22345.9,Museum,1.56,53,6154.52,Religious Event,Cold,Bike,5377.17,No,11.8,54.67,3.4,No,Good
Karnataka,Mysuru,01-10-2021,2021,October,36469,4021,52401.33,Hill Station,1.29,125,2797.07,Art Fair,Rainy,Car,5886.22,No,8.1,90.54,3.7,No,Average
Karnataka,Mysuru,01-11-2021,2021,November,12578,1606,22747.28,Temple,1.6,75,2209.09,Food Festival,Cloudy,Bike,7006.1,No,8.6,80.12,3.6,No,Poor
Karnataka,Mysuru,01-12-2021,2021,December,6293,1564,13857.62,Desert Safari,1.76,250,9766.32,Sports Event,Cloudy,Train,6659.05,No,2,79.93,3.1,Yes,Good
Karnataka,Mysuru,01-01-2022,2022,January,32613,3989,50017.93,Cultural Festival,1.37,234,6145.67,Food Festival,Cold,Boat,948.79,Yes,10,59.2,3.6,Yes,Average
Karnataka,Mysuru,01-02-2022,2022,February,20766,1552,24038.43,Wildlife Sanctuary,1.08,205,6915.77,Music Festival,Cold,Bus,3753.17,No,5.2,57.9,3.9,No,Good
Karnataka,Mysuru,01-03-2022,2022,March,9512,3843,23265.35,Museum,1.74,353,3787.53,Festival,Sunny,Bike,1188.33,No,8.5,56.71,4.9,Yes,Good
Karnataka,Mysuru,01-04-2022,2022,April,26635,4295,36931.5,Temple,1.19,228,9821.54,Music Festival,Cold,Bike,2526.04,No,6.8,64.43,3.6,Yes,Good
Karnataka,Mysuru,01-05-2022,2022,May,14952,1303,12960.33,Beach,0.8,437,1988.73,Music Festival,Cold,Flight,7498.68,No,7.7,68.3,3.1,No,Average
Karnataka,Mysuru,01-06-2022,2022,June,15879,882,24982.03,River Rafting,1.49,113,8003.07,Food Festival,Cold,Bus,7680.54,No,2.1,82.74,4.3,Yes,Poor
Karnataka,Mysuru,01-07-2022,2022,July,38312,3290,56294.07,Backwaters,1.35,218,8213.8,Sports Event,Sunny,Car,3831.91,Yes,12.4,52.46,4.2,No,Average
Karnataka,Mysuru,01-08-2022,2022,August,6513,2212,17188.56,River Rafting,1.97,303,7591.46,Food Festival,Snowy,Bike,5502.31,Yes,3.6,64.16,3.9,Yes,Average
Karnataka,Mysuru,01-09-2022,2022,September,12492,1224,22549.76,Backwaters,1.64,61,9432.06,Festival,Rainy,Flight,4907.38,Yes,5.8,80.02,3.2,Yes,Poor
Karnataka,Mysuru,01-10-2022,2022,October,21920,3825,30162.04,Backwaters,1.17,420,5540.52,Art Fair,Cloudy,Train,7337.95,Yes,13.1,87.82,4.1,No,Good
Karnataka,Mysuru,01-11-2022,2022,November,10027,1183,17716.61,River Rafting,1.58,363,8805.87,Religious Event,Snowy,Bike,3240.64,No,9.2,62.93,4.6,Yes,Average
Karnataka,Mysuru,01-12-2022,2022,December,40592,793,32907.92,Temple,0.8,272,6819.84,Music Festival,Snowy,Boat,805.37,No,11.6,91.58,4.4,No,Good
Karnataka,Mysuru,01-01-2023,2023,January,47660,1496,72998.01,Museum,1.49,476,4191.26,Sports Event,Rainy,Flight,5854.1,No,11.7,62.37,4.6,Yes,Average
Karnataka,Mysuru,01-02-2023,2023,February,33164,3289,40757.87,Museum,1.12,400,9503.15,Festival,Cloudy,Flight,6594.99,No,3.4,57.27,4.4,Yes,Good
Karnataka,Mysuru,01-03-2023,2023,March,8453,1940,14732.6,Temple,1.42,278,5638.77,Religious Event,Snowy,Train,6075.81,Yes,12.6,54.58,4.5,No,Good
Karnataka,Mysuru,01-04-2023,2023,April,26857,3864,51834.31,Wildlife Sanctuary,1.69,276,6866.96,Dance Festival,Humid,Train,3801.81,No,13.5,85.78,4.3,Yes,Good
Karnataka,Mysuru,01-05-2023,2023,May,49108,2199,67584.38,Backwaters,1.32,265,3115.78,Art Fair,Rainy,Flight,2423.15,No,14.9,51.8,4.4,Yes,Average
Karnataka,Mysuru,01-06-2023,2023,June,8060,3260,17950.51,Temple,1.59,455,9784.61,Religious Event,Rainy,Train,5382.92,No,6.9,52.24,4.7,No,Average
Karnataka,Mysuru,01-07-2023,2023,July,35982,1065,36704.04,Museum,0.99,279,9066.49,Dance Festival,Cold,Flight,5092.75,Yes,7.7,89.45,3.6,Yes,Poor
Karnataka,Mysuru,01-08-2023,2023,August,44640,3975,54775.49,Temple,1.13,335,7207.55,Dance Festival,Cloudy,Bike,7819.52,Yes,9.3,89.01,3.7,No,Good
Karnataka,Mysuru,01-09-2023,2023,September,16947,3092,21240.8,Desert Safari,1.06,490,9353.92,Dance Festival,Humid,Train,3994.42,Yes,10.8,77.78,4.5,Yes,Average
Karnataka,Mysuru,01-10-2023,2023,October,40765,3937,75871.65,Desert Safari,1.7,497,7618.73,Religious Event,Cloudy,Bike,2437.45,Yes,11.2,51.88,3.2,No,Poor
Karnataka,Mysuru,01-11-2023,2023,November,46847,1532,41597.06,Fort,0.86,255,8721.55,Festival,Cold,Train,7057.33,No,11.2,86.59,4.8,Yes,Poor
Karnataka,Mysuru,01-12-2023,2023,December,8430,3654,16000.03,Cultural Festival,1.32,76,5212.46,Music Festival,Cloudy,Boat,6471.75,Yes,4,61.41,4,Yes,Average
West Bengal,Kolkata,01-01-2019,2019,January,39999,970,44381.03,Desert Safari,1.08,410,9769.51,Art Fair,Cloudy,Boat,1319.11,Yes,3.8,52.98,3.4,No,Average
West Bengal,Kolkata,01-02-2019,2019,February,10765,828,14050.62,Desert Safari,1.21,209,3884.18,Dance Festival,Snowy,Bike,5213.43,No,14.5,66.91,4,Yes,Good
West Bengal,Kolkata,01-03-2019,2019,March,9770,2526,20648.48,River Rafting,1.68,83,6062.59,Dance Festival,Rainy,Car,4763.99,Yes,8.5,86.88,3.5,No,Good
West Bengal,Kolkata,01-04-2019,2019,April,17631,3769,23448.78,Fort,1.1,417,7380.99,Festival,Humid,Car,3941.61,No,2.3,75.96,4.4,Yes,Poor
West Bengal,Kolkata,01-05-2019,2019,May,36081,4278,57579.96,Cultural Festival,1.43,51,7465.75,Dance Festival,Cloudy,Flight,5328.75,Yes,10.5,50.79,4.1,No,Poor
West Bengal,Kolkata,01-06-2019,2019,June,22072,2416,28612.53,Beach,1.17,303,3985.41,Art Fair,Humid,Bus,5730.95,Yes,2.6,89.52,3.5,No,Average
West Bengal,Kolkata,01-07-2019,2019,July,20549,4142,28437,Temple,1.15,433,7295.07,Art Fair,Sunny,Train,1239.47,No,13.9,58.11,4.3,Yes,Poor
West Bengal,Kolkata,01-08-2019,2019,August,16469,2710,29302.16,Museum,1.53,448,8959.03,Food Festival,Humid,Car,4717.68,Yes,9.9,62.9,3.2,Yes,Average
West Bengal,Kolkata,01-09-2019,2019,September,44957,3522,71290.41,Beach,1.47,130,6300.26,Festival,Cloudy,Bus,6084.79,No,8.6,56.98,4.7,Yes,Poor
West Bengal,Kolkata,01-10-2019,2019,October,34840,799,43459.86,Desert Safari,1.22,489,9310.46,Festival,Humid,Train,718.16,Yes,14.6,50.45,3.4,Yes,Poor
West Bengal,Kolkata,01-11-2019,2019,November,38942,3635,73710.58,Museum,1.73,424,6578.26,Festival,Snowy,Flight,7792.58,No,3.3,86.41,3.7,Yes,Poor
West Bengal,Kolkata,01-12-2019,2019,December,12884,1361,19540.15,Wildlife Sanctuary,1.37,174,7207.06,Dance Festival,Humid,Car,5747.65,No,4.2,64.4,3.3,Yes,Average
West Bengal,Kolkata,01-01-2020,2020,January,39870,2775,60919.44,Temple,1.43,257,3336.27,Food Festival,Snowy,Flight,4520.63,No,2.9,65.07,4.5,No,Poor
West Bengal,Kolkata,01-02-2020,2020,February,44196,2374,38223.38,Fort,0.82,171,6954.57,Religious Event,Snowy,Train,6756.84,Yes,6.4,62.31,3,No,Poor
West Bengal,Kolkata,01-03-2020,2020,March,23509,4370,24856.86,Backwaters,0.89,138,7089.17,Sports Event,Humid,Car,4715.8,Yes,14.4,94.18,4.3,Yes,Poor
West Bengal,Kolkata,01-04-2020,2020,April,36597,2722,45109.37,Temple,1.15,93,4922.58,Religious Event,Humid,Bus,2318.82,No,8.3,83.9,4.6,Yes,Average
West Bengal,Kolkata,01-05-2020,2020,May,41856,3007,53459.92,Cultural Festival,1.19,397,5186.31,Crafts Mela,Cold,Boat,3323.53,No,11.3,84.66,4.4,Yes,Poor
West Bengal,Kolkata,01-06-2020,2020,June,13146,933,15438.56,River Rafting,1.1,391,2703.59,Art Fair,Snowy,Train,5609.09,No,5,85.09,3.8,Yes,Average
West Bengal,Kolkata,01-07-2020,2020,July,38045,4539,54234.11,Temple,1.27,88,2893.28,Dance Festival,Rainy,Train,921.99,No,2,78.59,4.2,Yes,Average
West Bengal,Kolkata,01-08-2020,2020,August,40771,4964,65369.66,Desert Safari,1.43,269,5188.45,Religious Event,Sunny,Flight,3652.78,No,10.5,93.35,4.4,No,Average
West Bengal,Kolkata,01-09-2020,2020,September,42163,598,31103.76,Museum,0.73,468,2297.38,Dance Festival,Sunny,Car,2742.5,No,12.9,90.1,4,Yes,Good
West Bengal,Kolkata,01-10-2020,2020,October,25633,3711,46643.74,Cultural Festival,1.59,86,6194.18,Sports Event,Rainy,Train,5868.59,Yes,14.6,82.37,4.6,Yes,Poor
West Bengal,Kolkata,01-11-2020,2020,November,42428,2978,67573.05,Beach,1.49,397,4725.76,Food Festival,Cloudy,Train,7996.97,No,12.4,93.18,3.3,No,Average
West Bengal,Kolkata,01-12-2020,2020,December,39170,2415,60799.51,Temple,1.46,456,7053.43,Music Festival,Sunny,Car,6570.45,No,6.6,51.79,3.6,No,Good
West Bengal,Kolkata,01-01-2021,2021,January,26601,3369,47229.74,Cultural Festival,1.58,435,2656.21,Crafts Mela,Rainy,Bus,1230.04,No,13.7,66.02,3.5,No,Good
West Bengal,Kolkata,01-02-2021,2021,February,20223,645,30265.74,Cultural Festival,1.45,293,9428.18,Music Festival,Cloudy,Boat,5626.98,Yes,10.7,69.66,3.2,Yes,Good
West Bengal,Kolkata,01-03-2021,2021,March,7394,706,6925.79,Fort,0.86,126,5812.53,Crafts Mela,Cold,Bike,7955.38,Yes,4.9,58.11,3.1,No,Poor
West Bengal,Kolkata,01-04-2021,2021,April,41128,3379,44633.32,River Rafting,1,342,6392.9,Religious Event,Humid,Flight,1343.66,Yes,13.6,70.3,4.9,Yes,Average
West Bengal,Kolkata,01-05-2021,2021,May,43065,4170,51396.09,Fort,1.09,116,8850.96,Art Fair,Rainy,Train,2576.9,Yes,5,62.25,4.9,Yes,Average
West Bengal,Kolkata,01-06-2021,2021,June,31021,1510,26575.01,Wildlife Sanctuary,0.82,452,6722.97,Art Fair,Sunny,Bike,1090.79,Yes,4.2,63.69,4,No,Poor
West Bengal,Kolkata,01-07-2021,2021,July,48795,1266,54378.57,Museum,1.09,374,1870.4,Food Festival,Snowy,Train,6735.15,Yes,5.1,58.92,4.4,Yes,Poor
West Bengal,Kolkata,01-08-2021,2021,August,6156,2225,14468.94,Cultural Festival,1.73,219,8940.56,Sports Event,Humid,Car,6386.23,Yes,12.6,86.59,4.7,Yes,Average
West Bengal,Kolkata,01-09-2021,2021,September,26923,2177,32703.04,Museum,1.12,160,9608.89,Art Fair,Humid,Bike,7534.42,Yes,7.5,79,4.8,Yes,Poor
West Bengal,Kolkata,01-10-2021,2021,October,32324,3505,50854.66,Wildlife Sanctuary,1.42,395,6247.6,Religious Event,Cloudy,Car,1228.5,No,2.6,54.51,3.1,No,Good
West Bengal,Kolkata,01-11-2021,2021,November,39978,2553,37017.11,Fort,0.87,427,1805.72,Sports Event,Cloudy,Boat,3678.18,Yes,2.6,83.12,5,Yes,Average
West Bengal,Kolkata,01-12-2021,2021,December,5947,2495,15795.44,Desert Safari,1.87,152,1775.46,Food Festival,Rainy,Bus,4764.47,No,8,68.42,4.8,No,Average
West Bengal,Kolkata,01-01-2022,2022,January,36717,4244,44032.55,Wildlife Sanctuary,1.07,301,2458.24,Dance Festival,Sunny,Flight,4952.09,Yes,7.4,61.81,4.1,Yes,Good
West Bengal,Kolkata,01-02-2022,2022,February,7679,4897,24861.58,River Rafting,1.98,176,5656.99,Dance Festival,Snowy,Bus,5165.49,Yes,10.4,60.64,3.9,Yes,Average
West Bengal,Kolkata,01-03-2022,2022,March,39181,4051,43936.67,Fort,1.02,338,2482.62,Religious Event,Snowy,Bike,4677.56,No,3.3,83.23,3.6,No,Poor
West Bengal,Kolkata,01-04-2022,2022,April,32557,2870,30531.85,River Rafting,0.86,286,2680.65,Music Festival,Sunny,Bike,7883.45,No,8,63.15,3.2,No,Good
West Bengal,Kolkata,01-05-2022,2022,May,11166,1353,10361.22,River Rafting,0.83,69,6462.71,Sports Event,Cold,Bus,4191.73,Yes,11.9,68.92,4.9,Yes,Average
West Bengal,Kolkata,01-06-2022,2022,June,29153,3752,53104.34,River Rafting,1.61,452,7405.12,Music Festival,Sunny,Bus,7996.09,No,2,67.54,4.7,No,Good
West Bengal,Kolkata,01-07-2022,2022,July,23285,2758,40405.39,Temple,1.55,106,6935.15,Religious Event,Cold,Boat,749.76,Yes,4.5,82.4,3.6,Yes,Average
West Bengal,Kolkata,01-08-2022,2022,August,49615,4166,65612.7,Desert Safari,1.22,282,9256.63,Crafts Mela,Humid,Flight,3070.48,Yes,14.7,63.22,4.5,No,Average
West Bengal,Kolkata,01-09-2022,2022,September,43646,4742,70301.35,Desert Safari,1.45,367,6971.62,Art Fair,Cloudy,Flight,1414.02,No,14,82.69,3.8,No,Average
West Bengal,Kolkata,01-10-2022,2022,October,14098,2864,27065.09,Cultural Festival,1.6,149,2118.26,Dance Festival,Humid,Train,2944.58,No,10,66.54,4.8,No,Poor
West Bengal,Kolkata,01-11-2022,2022,November,7662,3757,21448.61,Cultural Festival,1.88,467,3631.71,Food Festival,Cold,Flight,7076.5,No,12.1,53.62,3.5,No,Average
West Bengal,Kolkata,01-12-2022,2022,December,39830,2065,28363.54,River Rafting,0.68,239,2015.42,Art Fair,Cold,Train,750.5,Yes,9.4,57.8,4.2,Yes,Good
West Bengal,Kolkata,01-01-2023,2023,January,14908,3772,17847.38,Temple,0.96,294,9103.88,Music Festival,Cold,Bike,4043.16,No,11.9,71.56,3.7,No,Good
West Bengal,Kolkata,01-02-2023,2023,February,49146,2384,72128.49,Museum,1.4,195,4908.39,Music Festival,Snowy,Flight,1589.08,No,10.1,59.82,4.8,No,Average
West Bengal,Kolkata,01-03-2023,2023,March,45226,2117,51603.09,Backwaters,1.09,214,9924.04,Festival,Sunny,Car,1581.63,No,8.2,94.15,4.9,Yes,Poor
West Bengal,Kolkata,01-04-2023,2023,April,16200,2980,28393.91,Desert Safari,1.48,114,4578.93,Festival,Humid,Car,2680.7,No,8.1,61.4,4.4,Yes,Average
West Bengal,Kolkata,01-05-2023,2023,May,29181,3998,45898.67,Hill Station,1.38,405,7205.09,Food Festival,Cold,Flight,579.47,Yes,2.8,52.51,4.5,Yes,Good
West Bengal,Kolkata,01-06-2023,2023,June,26302,3150,25575.38,River Rafting,0.87,132,9974.43,Food Festival,Snowy,Train,2238,No,3.9,79.82,3.6,Yes,Poor
West Bengal,Kolkata,01-07-2023,2023,July,43267,705,50770.53,Temple,1.15,153,6564.36,Religious Event,Rainy,Car,3269.54,Yes,7.3,54.83,4.7,No,Poor
West Bengal,Kolkata,01-08-2023,2023,August,8718,2040,17141.85,Temple,1.59,351,3599.53,Religious Event,Cloudy,Boat,4743.82,No,10.8,89.83,3.7,Yes,Average
West Bengal,Kolkata,01-09-2023,2023,September,21345,1585,31667.11,Desert Safari,1.38,63,2688.21,Dance Festival,Cloudy,Bike,5266.8,No,5.7,69.97,3.7,No,Average
West Bengal,Kolkata,01-10-2023,2023,October,7998,3007,19416.31,River Rafting,1.76,247,7663.19,Music Festival,Cloudy,Flight,2714.43,No,12.9,51.36,3.6,Yes,Average
West Bengal,Kolkata,01-11-2023,2023,November,14100,716,16865.77,Wildlife Sanctuary,1.14,91,9533.63,Sports Event,Rainy,Bike,1892.46,No,12.8,62.57,4.1,No,Average
West Bengal,Kolkata,01-12-2023,2023,December,21983,4416,28966.28,Wildlife Sanctuary,1.1,497,9140.49,Religious Event,Rainy,Boat,4231.73,Yes,14.6,76.74,3.3,Yes,Good
West Bengal,Darjeeling,01-01-2019,2019,January,16346,855,17326.05,Backwaters,1.01,90,8608.62,Festival,Cloudy,Flight,1292.35,Yes,9,87.41,4.2,Yes,Good
West Bengal,Darjeeling,01-02-2019,2019,February,21031,4697,41141.58,Backwaters,1.6,125,2553.13,Music Festival,Rainy,Car,3197.99,Yes,6.6,88.27,4.5,No,Poor
West Bengal,Darjeeling,01-03-2019,2019,March,13512,2332,22285.85,Cultural Festival,1.41,130,6482.95,Dance Festival,Sunny,Boat,3772.86,No,6.7,57.49,4.1,No,Average
West Bengal,Darjeeling,01-04-2019,2019,April,34561,1959,60148.35,Desert Safari,1.65,489,9079.68,Religious Event,Snowy,Train,6952.07,No,8.5,84.13,3.9,Yes,Poor
West Bengal,Darjeeling,01-05-2019,2019,May,36183,2040,36939.71,Backwaters,0.97,456,3335.28,Dance Festival,Snowy,Bus,7199.4,No,14.6,77.74,3.4,Yes,Poor
West Bengal,Darjeeling,01-06-2019,2019,June,37995,4194,40722.31,Museum,0.97,455,9652.51,Dance Festival,Rainy,Train,2830.46,Yes,2.5,77.82,4.4,Yes,Average
West Bengal,Darjeeling,01-07-2019,2019,July,28271,4210,30420.19,Beach,0.94,286,9471.02,Festival,Rainy,Bike,6137.76,No,7.9,76.53,3.2,No,Average
West Bengal,Darjeeling,01-08-2019,2019,August,12201,1382,20666.96,Cultural Festival,1.52,481,1551.58,Crafts Mela,Cold,Flight,1416.7,No,4.3,51.31,3.6,Yes,Poor
West Bengal,Darjeeling,01-09-2019,2019,September,21303,2525,22303.62,Wildlife Sanctuary,0.94,101,2591.63,Religious Event,Sunny,Car,4585.84,No,13.4,65.22,4.2,No,Good
West Bengal,Darjeeling,01-10-2019,2019,October,37494,4878,51617.63,Wildlife Sanctuary,1.22,57,9963.17,Food Festival,Snowy,Bus,7500.38,Yes,5.8,53.64,4.4,Yes,Poor
West Bengal,Darjeeling,01-11-2019,2019,November,40169,3808,44129.91,Hill Station,1,351,9901.86,Music Festival,Rainy,Car,7925.22,Yes,2,62.12,4.7,Yes,Poor
West Bengal,Darjeeling,01-12-2019,2019,December,28392,2758,45591.92,Hill Station,1.46,335,1679.02,Crafts Mela,Snowy,Boat,2991.97,No,9.2,53.14,3.8,No,Good
West Bengal,Darjeeling,01-01-2020,2020,January,23045,2251,31328.86,Temple,1.24,135,3535.38,Art Fair,Cold,Train,809.37,No,2.9,65.87,4.5,Yes,Good
West Bengal,Darjeeling,01-02-2020,2020,February,10677,1606,11631.91,Temple,0.95,409,9011.32,Dance Festival,Rainy,Car,2913.18,No,14,73.71,4.1,Yes,Poor
West Bengal,Darjeeling,01-03-2020,2020,March,5074,2126,16128.55,Fort,2.24,92,1518.04,Religious Event,Snowy,Bus,3067.08,Yes,13.6,62.37,3.3,No,Average
West Bengal,Darjeeling,01-04-2020,2020,April,5171,3093,10879.6,Temple,1.32,56,3286.94,Food Festival,Rainy,Boat,6908.23,No,5.6,78.6,4,No,Average
West Bengal,Darjeeling,01-05-2020,2020,May,18035,1607,17771.09,Temple,0.9,316,4648.11,Dance Festival,Snowy,Boat,2140.08,No,4.6,60.36,4.7,No,Average
West Bengal,Darjeeling,01-06-2020,2020,June,45166,4122,72962.7,Wildlife Sanctuary,1.48,218,8800.81,Music Festival,Sunny,Bus,6589.64,Yes,5.9,69.91,4.9,No,Good
West Bengal,Darjeeling,01-07-2020,2020,July,49787,4470,78655.42,Fort,1.45,257,9833.61,Music Festival,Rainy,Bus,7665.45,No,5.5,62.3,3.6,No,Average
West Bengal,Darjeeling,01-08-2020,2020,August,18058,1011,27738.79,Desert Safari,1.45,167,7051.4,Religious Event,Cold,Flight,6382.37,Yes,11.4,69.74,4.6,No,Good
West Bengal,Darjeeling,01-09-2020,2020,September,7943,1765,15583.71,Cultural Festival,1.61,113,4592.4,Crafts Mela,Snowy,Train,6573.05,No,12.9,51.91,4.8,Yes,Average
West Bengal,Darjeeling,01-10-2020,2020,October,14659,4732,30358.23,Temple,1.57,225,5964.6,Dance Festival,Cloudy,Car,6377.68,No,6.8,80.28,3.8,No,Average
West Bengal,Darjeeling,01-11-2020,2020,November,9654,1827,20055.54,Fort,1.75,392,6170.55,Religious Event,Cold,Bus,2954.46,Yes,12.9,56.29,3.1,No,Good
West Bengal,Darjeeling,01-12-2020,2020,December,35027,3239,61897.67,Desert Safari,1.62,164,5080.13,Art Fair,Rainy,Boat,1340.04,Yes,14.2,84.68,3.3,Yes,Poor
West Bengal,Darjeeling,01-01-2021,2021,January,25238,2833,38489.13,Wildlife Sanctuary,1.37,85,1823.26,Art Fair,Rainy,Boat,7968.71,Yes,14.7,67.76,4.7,No,Poor
West Bengal,Darjeeling,01-02-2021,2021,February,11946,2762,16311.67,Backwaters,1.11,212,2690.19,Food Festival,Snowy,Bike,4694.48,Yes,10.1,88.92,3.7,Yes,Poor
West Bengal,Darjeeling,01-03-2021,2021,March,21793,4394,36848.82,Museum,1.41,370,5231.8,Dance Festival,Humid,Car,4322.34,Yes,7.4,53.75,3.3,No,Good
West Bengal,Darjeeling,01-04-2021,2021,April,9285,1056,10099.62,River Rafting,0.98,252,3507.25,Art Fair,Humid,Bus,1763.36,Yes,4.8,65.57,4.1,No,Good
West Bengal,Darjeeling,01-05-2021,2021,May,37797,1254,26921.63,Hill Station,0.69,116,7118.85,Religious Event,Humid,Car,5900.36,No,5.8,78.03,3.6,Yes,Average
West Bengal,Darjeeling,01-06-2021,2021,June,33260,1062,23203.89,Hill Station,0.68,50,1547.22,Dance Festival,Rainy,Bus,5552.16,Yes,9.3,70.76,4.8,No,Good
West Bengal,Darjeeling,01-07-2021,2021,July,29316,1346,25388.97,Fort,0.83,212,6257.21,Food Festival,Cloudy,Car,4734.04,No,5.9,87.32,3.7,No,Poor
West Bengal,Darjeeling,01-08-2021,2021,August,43788,3500,60068.92,Museum,1.27,304,6903.58,Food Festival,Sunny,Bus,4534.89,No,14.2,66.65,4.1,Yes,Average
West Bengal,Darjeeling,01-09-2021,2021,September,41416,2835,38674.23,Beach,0.87,83,7316.49,Dance Festival,Cold,Car,608.2,No,6.8,77.71,3,No,Good
West Bengal,Darjeeling,01-10-2021,2021,October,40612,2836,32691.12,Backwaters,0.75,122,7435.48,Sports Event,Snowy,Flight,1267.74,Yes,11,87.73,3.8,Yes,Average
West Bengal,Darjeeling,01-11-2021,2021,November,38331,4798,54616.88,River Rafting,1.27,317,4154.18,Food Festival,Rainy,Bus,1111.06,No,8,55.55,3.7,No,Average
West Bengal,Darjeeling,01-12-2021,2021,December,40301,2484,33703.68,River Rafting,0.79,466,8277.9,Dance Festival,Snowy,Flight,3374.14,Yes,8.9,94.55,4.3,Yes,Average
West Bengal,Darjeeling,01-01-2022,2022,January,35498,3917,54695.99,Desert Safari,1.39,146,1662.69,Art Fair,Sunny,Flight,6854.3,Yes,14.9,63,4.3,No,Poor
West Bengal,Darjeeling,01-02-2022,2022,February,39037,3962,55680.15,Wildlife Sanctuary,1.29,433,7478.61,Music Festival,Humid,Boat,5175.89,Yes,4.7,71.88,4.7,Yes,Poor
West Bengal,Darjeeling,01-03-2022,2022,March,37631,1182,47117.09,Hill Station,1.21,451,7193.92,Art Fair,Humid,Bus,5270.91,Yes,2.7,79.58,4.3,Yes,Poor
West Bengal,Darjeeling,01-04-2022,2022,April,40821,850,58838.74,Museum,1.41,195,5211.19,Religious Event,Humid,Boat,5584.8,Yes,11.5,65.28,4.2,No,Good
West Bengal,Darjeeling,01-05-2022,2022,May,20799,2827,41609.08,Cultural Festival,1.76,361,4758,Religious Event,Cloudy,Car,6731.24,No,10.3,93.18,3.3,No,Good
West Bengal,Darjeeling,01-06-2022,2022,June,43635,1981,65921.39,Hill Station,1.45,268,5097.8,Sports Event,Cold,Bus,590.45,Yes,2.8,88.85,4.7,Yes,Good
West Bengal,Darjeeling,01-07-2022,2022,July,10116,4324,17150.68,Hill Station,1.19,287,4520.37,Crafts Mela,Cloudy,Bus,2251.71,Yes,4.1,57.2,4.9,Yes,Good
West Bengal,Darjeeling,01-08-2022,2022,August,32828,3924,57980.46,Wildlife Sanctuary,1.58,336,3618.83,Crafts Mela,Humid,Bus,2442.95,Yes,9.2,80.99,3.1,No,Poor
West Bengal,Darjeeling,01-09-2022,2022,September,16792,2385,28732.44,Beach,1.5,222,3942.42,Religious Event,Rainy,Flight,3619.88,Yes,10.7,60.49,3.7,Yes,Poor
West Bengal,Darjeeling,01-10-2022,2022,October,9034,1425,8222.74,Wildlife Sanctuary,0.79,87,5241.78,Art Fair,Cloudy,Flight,6822.09,Yes,10.2,74.34,3.6,No,Poor
West Bengal,Darjeeling,01-11-2022,2022,November,7913,3381,17719.13,Beach,1.57,460,6035.69,Festival,Humid,Bus,2147.52,No,6.3,72.11,3.5,No,Good
West Bengal,Darjeeling,01-12-2022,2022,December,17000,1965,24368.08,Beach,1.28,289,8302.84,Music Festival,Cold,Car,3424,No,13.7,74.15,3.8,No,Good
West Bengal,Darjeeling,01-01-2023,2023,January,12420,4627,34759.13,Beach,2.04,317,3245.27,Dance Festival,Rainy,Flight,5858.49,No,2.3,68.21,4.2,Yes,Good
West Bengal,Darjeeling,01-02-2023,2023,February,34887,4978,39855.48,Cultural Festival,1,451,5094.05,Festival,Sunny,Train,6742.88,Yes,8,77.05,4.1,No,Poor
West Bengal,Darjeeling,01-03-2023,2023,March,47719,4083,41191.03,Backwaters,0.8,194,5371.14,Dance Festival,Cold,Boat,3858.36,No,6,54.19,3.3,No,Good
West Bengal,Darjeeling,01-04-2023,2023,April,32242,3608,35641.8,Desert Safari,0.99,215,2914.8,Festival,Cloudy,Train,2935.3,No,2.2,72.47,4.4,No,Poor
West Bengal,Darjeeling,01-05-2023,2023,May,33023,575,45954.83,River Rafting,1.37,364,6315.77,Food Festival,Rainy,Car,683.72,Yes,7.1,83.13,4.3,No,Average
West Bengal,Darjeeling,01-06-2023,2023,June,36891,3165,42962.94,Wildlife Sanctuary,1.07,305,9802.75,Music Festival,Rainy,Car,7703.72,No,12.7,89.88,3.6,Yes,Poor
West Bengal,Darjeeling,01-07-2023,2023,July,42800,1899,62270.12,Backwaters,1.39,395,7845.29,Art Fair,Snowy,Boat,7268.91,Yes,5.4,67.6,4.7,Yes,Poor
West Bengal,Darjeeling,01-08-2023,2023,August,44915,662,48554.67,Fort,1.07,484,4230.05,Crafts Mela,Rainy,Bus,1876.09,No,7.4,75.1,4.5,Yes,Average
West Bengal,Darjeeling,01-09-2023,2023,September,28233,2100,36484.58,Cultural Festival,1.2,81,3459.83,Dance Festival,Cloudy,Flight,960.04,No,10,53.04,4.2,No,Poor
West Bengal,Darjeeling,01-10-2023,2023,October,28829,3303,32031.73,Beach,1,254,5495.76,Religious Event,Cold,Train,3254.08,Yes,14,79.3,3.4,No,Good
West Bengal,Darjeeling,01-11-2023,2023,November,16988,3487,21041.67,River Rafting,1.03,359,5063.93,Music Festival,Humid,Bus,3869.52,No,9.4,87.7,3.7,Yes,Poor
West Bengal,Darjeeling,01-12-2023,2023,December,13807,4045,20914.66,Hill Station,1.17,82,9252.12,Art Fair,Cold,Bus,2523.53,Yes,6.1,67.64,4,No,Good
Gujarat,Ahmedabad,01-01-2019,2019,January,17031,3322,32410.55,River Rafting,1.59,352,6302.89,Festival,Humid,Train,5593.79,No,8.9,79.09,3.2,Yes,Average
Gujarat,Ahmedabad,01-02-2019,2019,February,20908,873,31749.15,Fort,1.46,213,5243.36,Sports Event,Snowy,Bus,1240.36,Yes,2.2,74.13,3.7,No,Poor
Gujarat,Ahmedabad,01-03-2019,2019,March,31228,3766,39428.6,Museum,1.13,218,9921.29,Food Festival,Snowy,Train,3286.45,No,14.2,76.97,3.3,No,Average
Gujarat,Ahmedabad,01-04-2019,2019,April,22093,4217,38596.42,Backwaters,1.47,370,6467.4,Music Festival,Snowy,Car,1105.42,Yes,12.2,71.9,3.1,Yes,Average
Gujarat,Ahmedabad,01-05-2019,2019,May,22216,2032,35432.28,River Rafting,1.46,93,3760.62,Dance Festival,Humid,Car,3355.97,No,13.9,55.88,4.7,No,Average
Gujarat,Ahmedabad,01-06-2019,2019,June,36792,3321,37294.48,Beach,0.93,338,5353.18,Art Fair,Sunny,Train,5522.55,No,3.1,83.94,4.4,No,Good
Gujarat,Ahmedabad,01-07-2019,2019,July,41895,4588,72164.98,Wildlife Sanctuary,1.55,415,8768.75,Festival,Snowy,Boat,4331.17,No,10.3,59.5,4.3,Yes,Poor
Gujarat,Ahmedabad,01-08-2019,2019,August,33990,1311,52605.69,Desert Safari,1.49,229,6736.46,Sports Event,Sunny,Bike,1017.76,No,7.1,93.49,4.4,No,Poor
Gujarat,Ahmedabad,01-09-2019,2019,September,46946,3655,60484.1,Temple,1.2,317,5608.51,Religious Event,Cold,Car,1367.56,Yes,12,75.64,4.8,Yes,Poor
Gujarat,Ahmedabad,01-10-2019,2019,October,6092,3032,18986.99,Desert Safari,2.08,318,9654.3,Sports Event,Humid,Boat,3170.44,No,14.1,77.38,4.3,Yes,Average
Gujarat,Ahmedabad,01-11-2019,2019,November,35607,668,52628.36,Hill Station,1.45,271,4002.03,Sports Event,Cold,Train,7185.83,No,9.8,93.03,3.7,No,Good
Gujarat,Ahmedabad,01-12-2019,2019,December,31153,4244,47082.82,Cultural Festival,1.33,341,2080.97,Festival,Sunny,Flight,3954.9,No,12.4,51.12,3.7,No,Average
Gujarat,Ahmedabad,01-01-2020,2020,January,42223,1950,63476.1,Museum,1.44,123,6587.17,Crafts Mela,Cloudy,Train,6353.49,Yes,6.8,71.7,4.3,No,Good
Gujarat,Ahmedabad,01-02-2020,2020,February,13378,2834,24745.56,Backwaters,1.53,284,4930.17,Art Fair,Cold,Train,1834.13,Yes,11.1,59.68,5,Yes,Good
Gujarat,Ahmedabad,01-03-2020,2020,March,7496,4583,16986.29,Desert Safari,1.41,324,8321.44,Music Festival,Sunny,Flight,1048.88,No,14.1,57.15,4.9,Yes,Good
Gujarat,Ahmedabad,01-04-2020,2020,April,22370,2874,21389.48,Temple,0.85,275,7529.38,Dance Festival,Humid,Car,832.48,Yes,11.8,76.89,4,No,Average
Gujarat,Ahmedabad,01-05-2020,2020,May,38602,4057,42546.88,Fort,1,476,2731.76,Art Fair,Rainy,Flight,4010.8,No,3.5,88.81,4.1,No,Average
Gujarat,Ahmedabad,01-06-2020,2020,June,38845,2593,41319.34,Beach,1,122,3938.74,Crafts Mela,Rainy,Bus,5916.97,Yes,9.1,83.99,3.8,No,Poor
Gujarat,Ahmedabad,01-07-2020,2020,July,10314,1490,13329.34,River Rafting,1.13,145,2019.27,Religious Event,Cold,Bike,2033.69,No,11.9,66.44,3.8,No,Good
Gujarat,Ahmedabad,01-08-2020,2020,August,35824,2941,63777.35,Fort,1.65,340,1888.88,Food Festival,Rainy,Boat,7064.93,No,3.5,88.21,3.7,Yes,Poor
Gujarat,Ahmedabad,01-09-2020,2020,September,41124,2345,65214.26,Temple,1.5,171,4860.5,Art Fair,Humid,Boat,3819.11,No,3.4,93.92,3.6,Yes,Good
Gujarat,Ahmedabad,01-10-2020,2020,October,7501,754,9816.12,River Rafting,1.19,216,8862.88,Festival,Cold,Flight,3241.81,Yes,11.1,75.35,4.6,No,Average
Gujarat,Ahmedabad,01-11-2020,2020,November,15218,4342,19944.7,Beach,1.02,370,6220.7,Food Festival,Rainy,Car,7276.82,No,12.2,87.65,3.7,No,Good
Gujarat,Ahmedabad,01-12-2020,2020,December,46802,4845,55263.34,Beach,1.07,492,7108.26,Food Festival,Rainy,Bike,1346.42,Yes,7.2,53.53,3.9,No,Average
Gujarat,Ahmedabad,01-01-2021,2021,January,15142,2765,27241.95,Hill Station,1.52,313,7770.57,Sports Event,Snowy,Bus,2293.49,Yes,11.4,69.66,4.1,No,Average
Gujarat,Ahmedabad,01-02-2021,2021,February,22013,4820,44848.23,Wildlife Sanctuary,1.67,360,3492.95,Music Festival,Snowy,Train,5548.45,Yes,14.4,73.39,3.5,No,Good
Gujarat,Ahmedabad,01-03-2021,2021,March,15133,3802,36825.7,Temple,1.94,66,6921.06,Food Festival,Cloudy,Flight,5310.69,No,9.1,53.32,3.6,No,Poor
Gujarat,Ahmedabad,01-04-2021,2021,April,8009,1285,12210.45,Temple,1.31,188,8670.06,Religious Event,Snowy,Bike,7890.36,Yes,3.4,65.17,4.3,Yes,Average
Gujarat,Ahmedabad,01-05-2021,2021,May,17049,2116,29691.74,Museum,1.55,251,6499.92,Crafts Mela,Snowy,Flight,4333.14,No,11.8,81.71,3.8,Yes,Good
Gujarat,Ahmedabad,01-06-2021,2021,June,21505,4544,32966.72,Backwaters,1.27,160,5220.55,Festival,Cloudy,Bike,3693.12,No,11.5,86.07,4.4,Yes,Average
Gujarat,Ahmedabad,01-07-2021,2021,July,44720,4485,73433.36,Temple,1.49,255,6593.45,Sports Event,Cloudy,Boat,1200.78,Yes,3.9,50.18,3.2,No,Average
Gujarat,Ahmedabad,01-08-2021,2021,August,25988,1121,22377.88,Beach,0.83,392,1509.74,Festival,Rainy,Train,4853.36,Yes,5.7,90.2,4.5,Yes,Average
Gujarat,Ahmedabad,01-09-2021,2021,September,20484,4598,42180.37,Cultural Festival,1.68,138,7175.27,Sports Event,Humid,Bus,3361.44,No,7.2,73.22,4.2,No,Poor
Gujarat,Ahmedabad,01-10-2021,2021,October,11783,1927,24585.8,Beach,1.79,313,6380.85,Art Fair,Snowy,Bus,5969.56,No,9.9,67.72,3.2,Yes,Average
Gujarat,Ahmedabad,01-11-2021,2021,November,24212,2677,40357.26,Wildlife Sanctuary,1.5,194,6034.8,Sports Event,Cold,Boat,7141.83,No,12.4,93.01,4.6,No,Average
Gujarat,Ahmedabad,01-12-2021,2021,December,19991,613,14620.15,Cultural Festival,0.71,490,7730.74,Religious Event,Snowy,Boat,7994.26,Yes,14.6,90.47,4.8,No,Good
Gujarat,Ahmedabad,01-01-2022,2022,January,12459,1543,20938.02,Cultural Festival,1.5,257,9042.21,Dance Festival,Rainy,Boat,7708.42,No,2.4,85.77,3.7,Yes,Poor
Gujarat,Ahmedabad,01-02-2022,2022,February,34614,2114,26040.78,River Rafting,0.71,382,6950.74,Art Fair,Humid,Train,1605.02,No,3.7,77.35,4.5,No,Good
Gujarat,Ahmedabad,01-03-2022,2022,March,15731,1852,18085.17,Fort,1.03,160,2886.25,Religious Event,Humid,Flight,6822.83,Yes,13.2,53.44,4.7,Yes,Average
Gujarat,Ahmedabad,01-04-2022,2022,April,7820,2930,16111.17,Wildlife Sanctuary,1.5,99,9278,Music Festival,Cold,Bus,6059.67,No,10.9,67.99,4.8,No,Poor
Gujarat,Ahmedabad,01-05-2022,2022,May,40753,1084,46540.15,Backwaters,1.11,253,8039.37,Religious Event,Sunny,Bike,3057.32,No,12.8,69.05,4.8,No,Poor
Gujarat,Ahmedabad,01-06-2022,2022,June,43375,1321,64817.73,Museum,1.45,55,6073.87,Music Festival,Cold,Car,7067.59,No,7.9,82.32,4.2,Yes,Poor
Gujarat,Ahmedabad,01-07-2022,2022,July,22786,1171,24767.88,River Rafting,1.03,492,5822.02,Sports Event,Cold,Car,5413,No,3.5,67.56,3.5,No,Good
Gujarat,Ahmedabad,01-08-2022,2022,August,29202,518,43132.1,Museum,1.45,300,2418.32,Music Festival,Humid,Bus,3751.09,Yes,9.3,64.26,3.7,Yes,Average
Gujarat,Ahmedabad,01-09-2022,2022,September,18437,3902,38500.75,Beach,1.72,212,8583.5,Crafts Mela,Cold,Bike,2317.84,No,13.3,52.07,4.4,No,Good
Gujarat,Ahmedabad,01-10-2022,2022,October,36163,2296,62221.49,River Rafting,1.62,191,9614.41,Crafts Mela,Cloudy,Car,2354.66,No,10.6,70.71,3.2,No,Poor
Gujarat,Ahmedabad,01-11-2022,2022,November,25816,4565,24191.84,Backwaters,0.8,463,2569.58,Dance Festival,Sunny,Car,3428.88,No,8.6,54.84,4.5,No,Good
Gujarat,Ahmedabad,01-12-2022,2022,December,14731,1988,27996.72,Desert Safari,1.67,102,6768.04,Religious Event,Sunny,Car,2393.73,Yes,7.5,61.04,3.7,No,Poor
Gujarat,Ahmedabad,01-01-2023,2023,January,12799,966,18167.96,Cultural Festival,1.32,454,2561.94,Religious Event,Humid,Bike,7881.8,No,14,89.62,3.9,No,Poor
Gujarat,Ahmedabad,01-02-2023,2023,February,36291,4492,41734.94,Beach,1.02,247,3669.86,Crafts Mela,Rainy,Boat,961.48,No,8.3,85.17,3.6,Yes,Poor
Gujarat,Ahmedabad,01-03-2023,2023,March,48148,2665,45080.66,Temple,0.89,138,4598.3,Art Fair,Cold,Boat,2493.4,Yes,13.2,66.6,4.9,Yes,Average
Gujarat,Ahmedabad,01-04-2023,2023,April,31873,1204,27878.19,Temple,0.84,490,9731.83,Dance Festival,Snowy,Bus,6042.63,Yes,13.8,79.33,4.6,Yes,Good
Gujarat,Ahmedabad,01-05-2023,2023,May,21491,1062,22906.13,Wildlife Sanctuary,1.02,318,1510.92,Art Fair,Rainy,Train,1421.4,No,9.4,58.32,4.7,No,Good
Gujarat,Ahmedabad,01-06-2023,2023,June,13212,3325,24948.47,Beach,1.51,419,3810.94,Music Festival,Humid,Train,1520.74,No,11.2,72.56,3.4,No,Average
Gujarat,Ahmedabad,01-07-2023,2023,July,9160,3079,24812.61,Fort,2.03,319,6202.92,Dance Festival,Cloudy,Car,6988.51,Yes,9.8,67.91,4.2,No,Average
Gujarat,Ahmedabad,01-08-2023,2023,August,47442,3588,67065.17,Wildlife Sanctuary,1.31,289,6272.77,Religious Event,Humid,Flight,6951.13,Yes,2.8,90.84,3.5,Yes,Good
Gujarat,Ahmedabad,01-09-2023,2023,September,8218,1310,10571.04,River Rafting,1.11,190,2306.62,Music Festival,Humid,Bus,7434.47,No,10.6,68.78,4.4,Yes,Average
Gujarat,Ahmedabad,01-10-2023,2023,October,7739,852,6179.9,Desert Safari,0.72,161,2485.26,Religious Event,Cloudy,Bike,4419.81,No,9.9,65.89,3.7,No,Good
Gujarat,Ahmedabad,01-11-2023,2023,November,10145,3034,24497.65,Cultural Festival,1.86,476,3636.63,Sports Event,Humid,Bike,2452.42,No,4.8,87.25,4.5,No,Average
Gujarat,Ahmedabad,01-12-2023,2023,December,15353,1733,22752.39,Fort,1.33,391,5752.86,Art Fair,Snowy,Car,6815.87,No,9,86.51,4.9,No,Poor
Gujarat,Surat,01-01-2019,2019,January,16184,3633,23816.29,Temple,1.2,366,2881.92,Crafts Mela,Sunny,Bus,867.71,Yes,5.1,64.03,3.8,Yes,Average
Gujarat,Surat,01-02-2019,2019,February,38989,4158,63001.1,Museum,1.46,176,9988.73,Music Festival,Cold,Bus,7158.9,Yes,4.4,77.5,3.1,No,Average
Gujarat,Surat,01-03-2019,2019,March,25150,571,37842.44,Temple,1.47,157,2101.56,Festival,Cold,Flight,7782.68,Yes,9.4,83.76,4.5,Yes,Good
Gujarat,Surat,01-04-2019,2019,April,21854,537,13549.88,Beach,0.61,387,3000.79,Festival,Snowy,Boat,5789.57,Yes,13.9,64.81,3.1,No,Poor
Gujarat,Surat,01-05-2019,2019,May,28176,594,37691.29,Wildlife Sanctuary,1.31,443,4282.16,Sports Event,Cold,Car,3659.77,No,3.6,93.15,3.9,No,Good
Gujarat,Surat,01-06-2019,2019,June,21194,2712,28987.14,Beach,1.21,226,6092.9,Food Festival,Sunny,Car,5471.01,Yes,4.9,53.2,5,No,Good
Gujarat,Surat,01-07-2019,2019,July,38241,2785,38976.71,Desert Safari,0.95,418,7519.41,Dance Festival,Snowy,Flight,1847.1,Yes,3.6,76.36,4.6,No,Poor
Gujarat,Surat,01-08-2019,2019,August,34322,1194,29718.77,Museum,0.84,495,5168.83,Art Fair,Snowy,Flight,3402.3,Yes,8.6,94.76,4.7,Yes,Good
Gujarat,Surat,01-09-2019,2019,September,36039,4257,69994.66,Hill Station,1.74,142,3470.54,Crafts Mela,Cold,Bus,6150.55,Yes,11.8,75.34,4,Yes,Average
Gujarat,Surat,01-10-2019,2019,October,14716,1251,25095.54,Museum,1.57,98,6374.54,Dance Festival,Cloudy,Bus,2233.54,Yes,10.4,84.86,3.6,No,Poor
Gujarat,Surat,01-11-2019,2019,November,24066,1642,19799.62,Beach,0.77,278,1846.69,Crafts Mela,Cloudy,Bike,7760.25,No,6.9,51.29,3.7,No,Good
Gujarat,Surat,01-12-2019,2019,December,34768,858,42631.2,Temple,1.2,147,6389.35,Crafts Mela,Rainy,Bus,918.65,No,12.2,52.66,3.4,Yes,Good
Gujarat,Surat,01-01-2020,2020,January,18053,2865,32725.64,Museum,1.56,361,6214.12,Music Festival,Snowy,Bike,1242.11,Yes,6.9,80.49,4.6,Yes,Poor
Gujarat,Surat,01-02-2020,2020,February,40478,844,41399.89,Wildlife Sanctuary,1,162,7318.1,Sports Event,Cloudy,Car,1870.01,No,5.5,94.84,3.3,No,Good
Gujarat,Surat,01-03-2020,2020,March,27518,1457,31434.14,Desert Safari,1.08,454,5345.26,Dance Festival,Cold,Bus,4923.79,No,6.5,66.87,4.7,No,Average
Gujarat,Surat,01-04-2020,2020,April,19253,4775,32434.14,Cultural Festival,1.35,134,8328.82,Crafts Mela,Snowy,Boat,1037.78,No,10.4,70.33,4.7,Yes,Poor
Gujarat,Surat,01-05-2020,2020,May,45749,2211,34403.67,Museum,0.72,73,3926.75,Crafts Mela,Sunny,Car,5322.14,No,7.7,65.08,3.7,No,Poor
Gujarat,Surat,01-06-2020,2020,June,37471,4991,53091.86,Backwaters,1.25,57,9605.09,Dance Festival,Cloudy,Train,3697.98,No,2.2,58.99,4.5,No,Poor
Gujarat,Surat,01-07-2020,2020,July,17237,1469,18976.41,Hill Station,1.01,92,9049.5,Crafts Mela,Rainy,Train,5347.58,Yes,4,75.7,4.8,Yes,Average
Gujarat,Surat,01-08-2020,2020,August,14690,3771,22224.43,Wildlife Sanctuary,1.2,233,5001.99,Festival,Cloudy,Flight,4279.81,No,4.4,83.9,5,No,Good
Gujarat,Surat,01-09-2020,2020,September,39522,2576,34871.01,Cultural Festival,0.83,438,5325.95,Crafts Mela,Rainy,Flight,2996.54,No,8.9,75.55,3.5,Yes,Poor
Gujarat,Surat,01-10-2020,2020,October,44777,597,50038.68,Desert Safari,1.1,193,7341.22,Dance Festival,Humid,Flight,2961.14,Yes,10.3,88.3,3.6,Yes,Good
Gujarat,Surat,01-11-2020,2020,November,13258,1345,18843.54,Temple,1.29,274,9383.12,Sports Event,Snowy,Car,2451.14,No,9.7,92.32,3.6,Yes,Poor
Gujarat,Surat,01-12-2020,2020,December,18593,867,12102.01,Museum,0.62,220,9533.54,Music Festival,Cold,Flight,4851.57,No,5.5,93.15,3.1,No,Average
Gujarat,Surat,01-01-2021,2021,January,16473,1906,18900.68,Hill Station,1.03,374,6466.35,Music Festival,Cold,Flight,4227.54,Yes,8.4,63.73,4.9,No,Good
Gujarat,Surat,01-02-2021,2021,February,21456,3702,26322.78,Museum,1.05,332,9877.72,Religious Event,Sunny,Boat,4147.51,Yes,6.3,85.56,3.7,No,Average
Gujarat,Surat,01-03-2021,2021,March,23486,3832,32963.18,Museum,1.21,124,8989.18,Food Festival,Humid,Car,5382.02,No,3.1,91.76,4.3,No,Average
Gujarat,Surat,01-04-2021,2021,April,40762,4082,69085.01,Backwaters,1.54,492,9668.62,Crafts Mela,Rainy,Car,6918.07,Yes,14.5,78.2,4.7,No,Good
Gujarat,Surat,01-05-2021,2021,May,15596,3018,27177.6,River Rafting,1.46,148,2921,Dance Festival,Snowy,Flight,3068.15,No,4.6,61.13,4.3,No,Average
Gujarat,Surat,01-06-2021,2021,June,19718,4540,35177.23,Museum,1.45,438,6196.39,Festival,Cold,Train,7365.3,No,11.4,72.22,3.8,Yes,Average
Gujarat,Surat,01-07-2021,2021,July,45020,4882,67059.99,Temple,1.34,221,3852.13,Art Fair,Cold,Car,4187.29,No,3,75.87,4.1,No,Average
Gujarat,Surat,01-08-2021,2021,August,12526,3124,31178.67,Wildlife Sanctuary,1.99,239,6638.05,Dance Festival,Rainy,Car,5747.29,No,3.4,62.27,3.7,Yes,Poor
Gujarat,Surat,01-09-2021,2021,September,20700,3444,32364.62,Fort,1.34,176,2652.49,Dance Festival,Cold,Car,647.62,No,7.5,70.41,4.3,No,Good
Gujarat,Surat,01-10-2021,2021,October,22375,4050,33243.13,Beach,1.26,278,3382.13,Religious Event,Sunny,Bike,6243.33,No,2.7,94.6,4.2,No,Poor
Gujarat,Surat,01-11-2021,2021,November,27705,1008,20453.81,Wildlife Sanctuary,0.71,87,8080.02,Food Festival,Cold,Train,7519.3,No,5.6,58.82,4.8,Yes,Poor
Gujarat,Surat,01-12-2021,2021,December,28341,2280,23829.7,Hill Station,0.78,262,9653.73,Sports Event,Cold,Bike,1110.79,Yes,3.7,58.68,4,No,Good
Gujarat,Surat,01-01-2022,2022,January,6962,503,9143.05,Wildlife Sanctuary,1.22,259,7761.98,Food Festival,Cold,Flight,5760.79,Yes,10.5,77.35,3.4,No,Average
Gujarat,Surat,01-02-2022,2022,February,14877,1060,23481.42,Backwaters,1.47,128,6684.66,Crafts Mela,Cold,Flight,2239.4,No,13.7,56.08,3,Yes,Poor
Gujarat,Surat,01-03-2022,2022,March,31734,2922,28816.93,Hill Station,0.83,486,1977.44,Art Fair,Sunny,Boat,1359.7,No,4.3,82.47,3.9,No,Good
Gujarat,Surat,01-04-2022,2022,April,18206,713,22137,Wildlife Sanctuary,1.17,470,3722.99,Festival,Cold,Car,607.92,Yes,11.8,78.22,3.2,No,Poor
Gujarat,Surat,01-05-2022,2022,May,28570,3727,52043.47,Temple,1.61,340,8396.91,Food Festival,Snowy,Flight,5722.32,No,10.8,50.11,3.9,Yes,Poor
Gujarat,Surat,01-06-2022,2022,June,29409,3264,34449.25,Desert Safari,1.05,277,8212.31,Crafts Mela,Rainy,Boat,5829.97,Yes,11.5,87.15,3.1,No,Good
Gujarat,Surat,01-07-2022,2022,July,44358,1271,51229.71,Beach,1.12,126,2173.07,Food Festival,Humid,Boat,2682.37,No,13.7,54.61,3.2,Yes,Good
Gujarat,Surat,01-08-2022,2022,August,46992,2376,54965.07,Fort,1.11,273,8225.25,Festival,Rainy,Train,7621.52,Yes,10,70.92,3.3,No,Good
Gujarat,Surat,01-09-2022,2022,September,40894,3910,67441.11,Hill Station,1.51,81,3268,Music Festival,Sunny,Bus,7674.66,Yes,5.5,94.06,4.8,No,Poor
Gujarat,Surat,01-10-2022,2022,October,47820,4002,75179.3,Desert Safari,1.45,390,7496.3,Crafts Mela,Sunny,Bus,7356.19,Yes,2.6,86.83,4.6,No,Average
Gujarat,Surat,01-11-2022,2022,November,28197,2447,42293.49,Fort,1.38,215,3874.96,Food Festival,Humid,Boat,4647.04,Yes,2.9,59.3,3.4,Yes,Good
Gujarat,Surat,01-12-2022,2022,December,33063,4885,46383.95,Fort,1.22,189,6157.94,Sports Event,Humid,Bike,7474.64,No,11.4,55.6,3.4,Yes,Good
Gujarat,Surat,01-01-2023,2023,January,28990,4428,50342.17,Fort,1.51,322,5251.94,Art Fair,Snowy,Bike,7808.57,Yes,14.3,83.14,4.2,No,Poor
Gujarat,Surat,01-02-2023,2023,February,28995,933,37825.87,Wildlife Sanctuary,1.26,165,6942.05,Music Festival,Humid,Flight,7786.13,No,3.3,83.88,3.3,Yes,Average
Gujarat,Surat,01-03-2023,2023,March,12749,4030,22480.45,Wildlife Sanctuary,1.34,203,7297.34,Festival,Cloudy,Car,902.34,No,11.3,53.69,4,No,Poor
Gujarat,Surat,01-04-2023,2023,April,37205,2120,37829.53,River Rafting,0.96,364,8043.04,Dance Festival,Humid,Bus,7829.47,No,13.6,62.37,4.1,No,Poor
Gujarat,Surat,01-05-2023,2023,May,36123,598,51849.5,Desert Safari,1.41,231,4544.03,Art Fair,Sunny,Train,3966.88,Yes,3.8,78.66,4.2,No,Average
Gujarat,Surat,01-06-2023,2023,June,47036,861,55136.56,River Rafting,1.15,336,1627.68,Crafts Mela,Sunny,Bus,1318.98,Yes,9.4,70.41,3.7,No,Good
Gujarat,Surat,01-07-2023,2023,July,6270,2664,19177.74,Museum,2.15,333,8502.08,Religious Event,Sunny,Car,7307.67,Yes,2.7,93.5,4.9,No,Average
Gujarat,Surat,01-08-2023,2023,August,9457,4632,19334.77,River Rafting,1.37,471,9722.63,Sports Event,Snowy,Car,6657.71,Yes,8.6,92.28,4.4,No,Good
Gujarat,Surat,01-09-2023,2023,September,22169,3190,42051.47,Temple,1.66,315,4626.25,Dance Festival,Sunny,Bus,1154.63,Yes,9.3,62.24,4.4,Yes,Good
Gujarat,Surat,01-10-2023,2023,October,9463,2603,23543.67,Temple,1.95,118,2417.46,Food Festival,Cold,Bike,1344,Yes,14.2,82.08,4,Yes,Average
Gujarat,Surat,01-11-2023,2023,November,38229,3589,38483.02,Hill Station,0.92,142,7621.11,Sports Event,Sunny,Bike,6316.83,No,12,73.01,3.8,Yes,Average
Gujarat,Surat,01-12-2023,2023,December,12463,2686,14480.68,Museum,0.96,338,8088.29,Dance Festival,Humid,Flight,6166,Yes,2.6,64.5,3.1,No,Good
Punjab,Amritsar,01-01-2019,2019,January,18026,4738,21399.43,Cultural Festival,0.94,267,1732.05,Crafts Mela,Cloudy,Flight,7462.31,Yes,8.7,86.19,4.2,No,Average
Punjab,Amritsar,01-02-2019,2019,February,9889,3349,20738.51,Beach,1.57,395,3508.78,Religious Event,Cloudy,Boat,6911.73,Yes,7.5,69.28,4,No,Poor
Punjab,Amritsar,01-03-2019,2019,March,20011,2808,22081.49,Fort,0.97,316,3508.69,Crafts Mela,Cold,Car,3490.84,No,14.1,84.36,4.6,Yes,Average
Punjab,Amritsar,01-04-2019,2019,April,47840,4715,62167.49,Wildlife Sanctuary,1.18,441,3127.49,Sports Event,Humid,Bike,2481.11,No,7.5,83.59,3.9,No,Average
Punjab,Amritsar,01-05-2019,2019,May,46637,3441,63935.52,Backwaters,1.28,209,4429.13,Religious Event,Snowy,Flight,6901.83,Yes,9.3,84.32,3.3,Yes,Poor
Punjab,Amritsar,01-06-2019,2019,June,10657,4316,21486.98,Cultural Festival,1.44,370,1633.31,Religious Event,Sunny,Bus,6303.97,No,10.6,92.79,3.9,No,Good
Punjab,Amritsar,01-07-2019,2019,July,30822,701,17541.97,Cultural Festival,0.56,470,7789.07,Music Festival,Cloudy,Flight,604.12,No,3.3,70.94,3.1,No,Average
Punjab,Amritsar,01-08-2019,2019,August,35980,762,47953.88,Beach,1.31,306,8640.02,Festival,Sunny,Flight,1153.62,Yes,12.1,73.11,3.8,Yes,Average
Punjab,Amritsar,01-09-2019,2019,September,33447,3555,37586.91,Fort,1.02,269,5439.6,Food Festival,Cold,Train,4160.23,No,12.2,88.79,4.7,No,Poor
Punjab,Amritsar,01-10-2019,2019,October,22535,2710,37648.04,River Rafting,1.49,64,6743.09,Festival,Rainy,Flight,7511.88,Yes,10.1,55.6,3.5,Yes,Average
Punjab,Amritsar,01-11-2019,2019,November,19154,2887,23574.88,Cultural Festival,1.07,83,3907.77,Sports Event,Humid,Bus,586.08,No,2.4,59.9,3.1,Yes,Average
Punjab,Amritsar,01-12-2019,2019,December,6142,1181,11411.48,Desert Safari,1.56,144,5251.28,Crafts Mela,Snowy,Boat,3084.8,Yes,6.8,60.44,4.3,Yes,Poor
Punjab,Amritsar,01-01-2020,2020,January,35480,504,26644.39,Beach,0.74,385,7102.12,Sports Event,Humid,Boat,2845.2,No,7.4,89.58,4.5,Yes,Good
Punjab,Amritsar,01-02-2020,2020,February,34361,607,45095.42,Museum,1.29,104,5154.34,Sports Event,Rainy,Bike,4981.68,Yes,12.2,60.39,3.9,No,Poor
Punjab,Amritsar,01-03-2020,2020,March,30149,1117,31456,Desert Safari,1.01,342,2555.4,Crafts Mela,Cold,Bus,5342.19,Yes,5.5,84.94,5,No,Average
Punjab,Amritsar,01-04-2020,2020,April,48080,2087,71842.88,Temple,1.43,439,9573.04,Food Festival,Humid,Boat,4875.44,Yes,3.5,92.7,3.1,Yes,Good
Punjab,Amritsar,01-05-2020,2020,May,13469,1419,14594.74,River Rafting,0.98,333,8478.52,Sports Event,Sunny,Bike,2962.57,No,8.1,64.95,4.4,No,Poor
Punjab,Amritsar,01-06-2020,2020,June,46186,1471,68602.67,River Rafting,1.44,443,9798.52,Dance Festival,Humid,Car,3061.6,No,14.6,56.58,4.7,No,Good
Punjab,Amritsar,01-07-2020,2020,July,33190,1136,35067.98,Beach,1.02,279,5749.5,Religious Event,Snowy,Car,6054.55,Yes,4.3,73.83,4.5,No,Poor
Punjab,Amritsar,01-08-2020,2020,August,48089,2248,55911.45,River Rafting,1.11,410,2168.9,Food Festival,Cold,Bus,4282.64,No,13.5,78.32,4.7,Yes,Poor
Punjab,Amritsar,01-09-2020,2020,September,27904,2488,47745.51,Beach,1.57,467,5759.28,Crafts Mela,Humid,Train,7430.49,Yes,12.5,60.33,4.4,No,Good
Punjab,Amritsar,01-10-2020,2020,October,48402,3513,81908.35,Fort,1.58,213,6799.93,Crafts Mela,Cold,Train,7406.26,No,5.5,81.43,4.6,Yes,Poor
Punjab,Amritsar,01-11-2020,2020,November,7071,903,11963.47,Backwaters,1.5,231,6157.85,Festival,Cloudy,Car,7490.46,No,12.7,75.93,3.9,No,Poor
Punjab,Amritsar,01-12-2020,2020,December,30959,1799,46148.09,Hill Station,1.41,305,4528.96,Dance Festival,Snowy,Car,1162.35,No,2.1,85.31,4.4,No,Average
Punjab,Amritsar,01-01-2021,2021,January,8620,973,12156.64,River Rafting,1.27,445,1678.25,Sports Event,Cold,Car,1518.97,Yes,13.2,61.38,3.1,Yes,Good
Punjab,Amritsar,01-02-2021,2021,February,17890,4829,34328.49,Beach,1.51,456,8895.21,Dance Festival,Humid,Car,3797.18,Yes,11.9,93.27,4,Yes,Poor
Punjab,Amritsar,01-03-2021,2021,March,15782,898,12954.78,Desert Safari,0.78,325,9053.78,Music Festival,Sunny,Bike,2225,Yes,6.1,84.53,3.6,No,Poor
Punjab,Amritsar,01-04-2021,2021,April,33886,1463,23734.06,Temple,0.67,139,1704,Dance Festival,Snowy,Bike,4385.9,No,9.6,66.66,4,Yes,Average
Punjab,Amritsar,01-05-2021,2021,May,5290,2142,10498.79,Beach,1.41,402,6617.35,Festival,Sunny,Bike,7631.73,Yes,3.9,53,3.8,Yes,Good
Punjab,Amritsar,01-06-2021,2021,June,28904,2876,51945.03,Wildlife Sanctuary,1.63,132,4115.78,Religious Event,Rainy,Bus,2711.39,Yes,5.1,71.37,4.9,Yes,Good
Punjab,Amritsar,01-07-2021,2021,July,12674,3909,25133.83,Backwaters,1.52,55,5332.72,Dance Festival,Cloudy,Car,2486.65,No,5.2,65.67,4.9,Yes,Good
Punjab,Amritsar,01-08-2021,2021,August,16456,1771,23510.52,Backwaters,1.29,337,2064.69,Food Festival,Cloudy,Bus,940.86,No,8.2,69.12,3.6,Yes,Average
Punjab,Amritsar,01-09-2021,2021,September,8715,1262,17367.82,Beach,1.74,490,3375.94,Festival,Rainy,Train,6888.72,No,8.1,86.36,4,No,Average
Punjab,Amritsar,01-10-2021,2021,October,32937,1259,28113.76,Wildlife Sanctuary,0.82,341,7573.64,Food Festival,Snowy,Bus,3934.8,Yes,3.5,56.02,3.2,No,Good
Punjab,Amritsar,01-11-2021,2021,November,7240,1218,13484.59,Beach,1.59,491,6004.58,Food Festival,Cloudy,Flight,3415.62,No,5.9,92.4,4,Yes,Poor
Punjab,Amritsar,01-12-2021,2021,December,20015,4055,31695.76,Hill Station,1.32,360,6835.18,Festival,Cloudy,Flight,5981.94,No,6.9,76.71,4.5,No,Poor
Punjab,Amritsar,01-01-2022,2022,January,24716,2417,22156.91,Temple,0.82,401,4852.87,Festival,Snowy,Bike,6093.66,No,9,70.56,4.2,Yes,Average
Punjab,Amritsar,01-02-2022,2022,February,35672,1960,43027.57,River Rafting,1.14,198,9703.3,Food Festival,Snowy,Flight,4871.52,Yes,12.8,81.01,3.8,Yes,Average
Punjab,Amritsar,01-03-2022,2022,March,20086,984,32901.1,Backwaters,1.56,194,4608.27,Art Fair,Snowy,Boat,2864.2,Yes,7.6,72.26,3.2,No,Poor
Punjab,Amritsar,01-04-2022,2022,April,9822,2498,14687.6,Temple,1.19,457,8865.51,Sports Event,Sunny,Car,5399.59,No,4.9,59.43,3.9,No,Poor
Punjab,Amritsar,01-05-2022,2022,May,46591,2370,34421.39,Hill Station,0.7,418,2054.32,Religious Event,Sunny,Boat,7452.92,No,3.4,62.66,3.7,Yes,Good
Punjab,Amritsar,01-06-2022,2022,June,5077,1285,10997.61,Temple,1.73,291,1710.96,Sports Event,Snowy,Car,3221.33,Yes,12.5,89.38,3.2,No,Average
Punjab,Amritsar,01-07-2022,2022,July,35975,3190,39445.53,Hill Station,1.01,119,4478.44,Sports Event,Snowy,Train,2789.67,Yes,5.5,87.3,4.4,No,Average
Punjab,Amritsar,01-08-2022,2022,August,41816,1035,33963.82,Temple,0.79,64,9038.6,Dance Festival,Cloudy,Boat,1816.07,Yes,13.8,88.98,4.4,Yes,Good
Punjab,Amritsar,01-09-2022,2022,September,12954,2765,20681.5,Wildlife Sanctuary,1.32,327,7168.56,Religious Event,Rainy,Car,836.69,No,6.6,83.24,4.9,No,Good
Punjab,Amritsar,01-10-2022,2022,October,14626,4382,36133.35,Beach,1.9,451,7311.55,Art Fair,Humid,Flight,4871.12,Yes,3.4,67.38,3.5,No,Average
Punjab,Amritsar,01-11-2022,2022,November,31281,617,19294.54,Wildlife Sanctuary,0.6,283,1905.44,Festival,Sunny,Flight,3581.3,No,12.1,70.41,3.4,No,Poor
Punjab,Amritsar,01-12-2022,2022,December,6811,578,8589.4,Fort,1.16,268,9045.43,Religious Event,Cold,Train,6887.71,Yes,7.5,63.68,4.5,Yes,Average
Punjab,Amritsar,01-01-2023,2023,January,11828,4046,25951.25,Temple,1.63,179,7782.59,Sports Event,Sunny,Bus,2314.84,No,6,66.62,3.2,No,Average
Punjab,Amritsar,01-02-2023,2023,February,44150,1436,39935.56,Cultural Festival,0.88,167,7074.96,Religious Event,Humid,Flight,510.19,No,5.5,84.63,3.3,Yes,Average
Punjab,Amritsar,01-03-2023,2023,March,12417,3803,21127.42,Desert Safari,1.3,108,7254.44,Music Festival,Cold,Flight,2177.48,No,12,57.66,4.3,Yes,Poor
Punjab,Amritsar,01-04-2023,2023,April,48411,2820,72560.71,Museum,1.42,151,4732.21,Crafts Mela,Rainy,Car,6021.89,No,4.1,55.6,4.5,No,Average
Punjab,Amritsar,01-05-2023,2023,May,12226,4809,25142.09,Wildlife Sanctuary,1.48,297,4979.6,Dance Festival,Snowy,Bike,7937.06,No,4,55.95,3.3,No,Good
Punjab,Amritsar,01-06-2023,2023,June,32387,4647,43764.27,Fort,1.18,53,5612.32,Food Festival,Rainy,Flight,3229.52,No,12.6,59.34,3.8,Yes,Poor
Punjab,Amritsar,01-07-2023,2023,July,27028,870,18328.07,Backwaters,0.66,249,2062.33,Religious Event,Snowy,Bike,5700.33,Yes,5.8,85.63,4.7,No,Poor
Punjab,Amritsar,01-08-2023,2023,August,46795,2457,44779.64,Wildlife Sanctuary,0.91,275,5672.18,Festival,Humid,Bike,3913.19,Yes,10.3,91.01,3.3,Yes,Good
Punjab,Amritsar,01-09-2023,2023,September,26988,1884,39464.53,Temple,1.37,343,6747.42,Festival,Snowy,Car,5615.48,Yes,6,94.65,4.9,Yes,Good
Punjab,Amritsar,01-10-2023,2023,October,49422,1242,55562.44,Wildlife Sanctuary,1.1,500,4295.08,Sports Event,Cold,Boat,4738.81,No,8.4,72.21,4,Yes,Average
Punjab,Amritsar,01-11-2023,2023,November,11446,2091,19514.58,Cultural Festival,1.44,83,9626.11,Art Fair,Humid,Bus,3659.74,No,10,51.49,4.5,No,Average
Punjab,Amritsar,01-12-2023,2023,December,27392,757,17671.7,River Rafting,0.63,122,3027.14,Art Fair,Sunny,Car,4941.87,Yes,15,53.09,3.9,Yes,Average
Punjab,Ludhiana,01-01-2019,2019,January,18858,3895,29765.15,Wildlife Sanctuary,1.31,106,9828.95,Food Festival,Cold,Bus,5115.19,No,7,57.48,4.5,No,Average
Punjab,Ludhiana,01-02-2019,2019,February,31277,2272,43136.86,Wildlife Sanctuary,1.29,199,9608.54,Food Festival,Cold,Flight,3549.44,Yes,5,88.63,3.2,Yes,Poor
Punjab,Ludhiana,01-03-2019,2019,March,20774,1078,30847.68,Desert Safari,1.41,242,2209.03,Crafts Mela,Cloudy,Car,680.78,Yes,4.4,94.44,4.1,Yes,Poor
Punjab,Ludhiana,01-04-2019,2019,April,5567,3966,20860.08,Desert Safari,2.19,160,8454.65,Dance Festival,Cloudy,Flight,6427.46,No,2.7,64.1,4.2,Yes,Good
Punjab,Ludhiana,01-05-2019,2019,May,36192,4640,62306.11,Fort,1.53,165,9547.02,Dance Festival,Rainy,Bus,5596.18,Yes,7.8,75.41,3.2,Yes,Average
Punjab,Ludhiana,01-06-2019,2019,June,17509,4248,46840.68,Hill Station,2.15,78,4107.21,Religious Event,Cloudy,Bus,1069.22,Yes,9.9,75.49,4.7,No,Poor
Punjab,Ludhiana,01-07-2019,2019,July,39141,3767,34848.84,Hill Station,0.81,330,5820.46,Festival,Sunny,Boat,2671.49,Yes,2.8,52.5,4,No,Average
Punjab,Ludhiana,01-08-2019,2019,August,41743,1728,39596.12,Wildlife Sanctuary,0.91,430,2729.37,Crafts Mela,Cold,Train,1618.33,No,10.9,92.84,4.5,Yes,Good
Punjab,Ludhiana,01-09-2019,2019,September,20082,1373,23049.91,Desert Safari,1.07,499,7332.22,Art Fair,Cloudy,Boat,1758.79,Yes,6.6,52.35,3.5,Yes,Good
Punjab,Ludhiana,01-10-2019,2019,October,25011,3149,31644.9,Fort,1.12,141,4013.66,Religious Event,Rainy,Flight,1479.96,No,8.1,71.78,4.2,No,Good
Punjab,Ludhiana,01-11-2019,2019,November,25894,767,15872.56,Museum,0.6,86,8223.35,Art Fair,Cloudy,Car,1052.27,No,4.9,63.8,4,Yes,Average
Punjab,Ludhiana,01-12-2019,2019,December,26250,3890,48663.12,Beach,1.61,98,8512.47,Dance Festival,Cloudy,Bike,4277.95,Yes,3.3,88.33,3.6,No,Poor
Punjab,Ludhiana,01-01-2020,2020,January,32694,2227,29645.76,Desert Safari,0.85,211,8254.2,Crafts Mela,Snowy,Flight,2315.62,Yes,13.6,53.47,4.2,No,Poor
Punjab,Ludhiana,01-02-2020,2020,February,29543,632,26618.39,Fort,0.88,444,2437.74,Sports Event,Cloudy,Train,2531.71,No,7.7,61.01,3.9,No,Poor
Punjab,Ludhiana,01-03-2020,2020,March,49437,2257,34441.3,River Rafting,0.67,58,4030.17,Sports Event,Humid,Boat,1300.9,No,4.1,89.99,3.2,Yes,Poor
Punjab,Ludhiana,01-04-2020,2020,April,30658,2285,30305.63,Backwaters,0.92,331,8611.72,Crafts Mela,Rainy,Flight,6264.3,Yes,10.1,56.32,3.6,Yes,Poor
Punjab,Ludhiana,01-05-2020,2020,May,21431,4695,40974.14,Beach,1.57,274,3303.28,Dance Festival,Humid,Boat,4495.35,Yes,8.8,65.87,4.6,No,Good
Punjab,Ludhiana,01-06-2020,2020,June,18775,3580,37329.88,Beach,1.67,406,2247.97,Religious Event,Rainy,Car,1194.57,No,7.5,57.45,4.4,Yes,Good
Punjab,Ludhiana,01-07-2020,2020,July,24523,3679,32907.51,Backwaters,1.17,65,7082.72,Dance Festival,Rainy,Flight,3959.14,Yes,3.7,64.52,4.3,No,Poor
Punjab,Ludhiana,01-08-2020,2020,August,10249,1464,11732.82,Beach,1,367,9371.35,Art Fair,Cold,Bus,5072.21,No,10.7,80.85,4.3,No,Average
Punjab,Ludhiana,01-09-2020,2020,September,40926,2848,60033.29,Fort,1.37,202,3888.3,Art Fair,Humid,Bus,6965,No,4.1,61.33,4.7,No,Average
Punjab,Ludhiana,01-10-2020,2020,October,40908,3307,39224.26,Fort,0.89,351,1529.68,Festival,Cold,Flight,1147.37,Yes,8.9,93.38,3.6,No,Good
Punjab,Ludhiana,01-11-2020,2020,November,32177,4951,51526.33,Fort,1.39,401,8927.52,Food Festival,Humid,Bike,4602.45,No,14.4,56.22,3.7,No,Good
Punjab,Ludhiana,01-12-2020,2020,December,49955,2754,45639.26,Desert Safari,0.87,443,8914.25,Crafts Mela,Cloudy,Flight,2041.38,Yes,5.4,84.69,4.7,No,Poor
Punjab,Ludhiana,01-01-2021,2021,January,39235,789,21384.1,Cultural Festival,0.53,285,9172.48,Crafts Mela,Sunny,Bike,6883.79,Yes,11.5,78.62,3.1,Yes,Good
Punjab,Ludhiana,01-02-2021,2021,February,35073,2397,50886.88,Desert Safari,1.36,131,7869.06,Dance Festival,Snowy,Train,7065.52,Yes,6.9,93.41,3.4,Yes,Poor
Punjab,Ludhiana,01-03-2021,2021,March,10072,3814,28971.47,Temple,2.09,488,9046.15,Festival,Cloudy,Car,4529.52,Yes,8,64.53,4.8,Yes,Good
Punjab,Ludhiana,01-04-2021,2021,April,8240,2485,18599.7,Fort,1.73,95,7886.62,Food Festival,Cold,Bike,3800.62,Yes,2.7,69.57,4.8,Yes,Average
Punjab,Ludhiana,01-05-2021,2021,May,10340,3367,21865.08,River Rafting,1.6,138,7109.71,Festival,Rainy,Train,3939.87,Yes,3.5,83.08,4.6,Yes,Poor
Punjab,Ludhiana,01-06-2021,2021,June,11949,1031,20781.39,Temple,1.6,215,8127.9,Religious Event,Snowy,Boat,6391.88,Yes,9.8,64.46,4.3,No,Good
Punjab,Ludhiana,01-07-2021,2021,July,23817,4641,39069.83,Desert Safari,1.37,381,2013.16,Food Festival,Sunny,Flight,6938.71,No,11.8,90.93,3.1,No,Poor
Punjab,Ludhiana,01-08-2021,2021,August,47866,3158,76236.18,Wildlife Sanctuary,1.49,185,8967.79,Food Festival,Rainy,Train,5785.21,Yes,2.8,70.74,5,Yes,Good
Punjab,Ludhiana,01-09-2021,2021,September,22403,1246,27904.38,Desert Safari,1.18,120,3047.31,Festival,Cold,Flight,7346.66,No,13.8,67.04,3.5,Yes,Average
Punjab,Ludhiana,01-10-2021,2021,October,16720,4921,40049.84,Desert Safari,1.85,375,1548.45,Crafts Mela,Humid,Train,1927.06,Yes,5.5,68.52,4.3,Yes,Poor
Punjab,Ludhiana,01-11-2021,2021,November,36696,1072,28697.62,River Rafting,0.76,469,4261.52,Sports Event,Snowy,Car,6769.25,No,7.9,52.01,4.2,No,Poor
Punjab,Ludhiana,01-12-2021,2021,December,33522,4470,57415.39,Desert Safari,1.51,50,9487.73,Dance Festival,Rainy,Bike,5124.28,No,14.8,84.6,3.7,Yes,Poor
Punjab,Ludhiana,01-01-2022,2022,January,30324,2339,25518.47,Wildlife Sanctuary,0.78,185,6901.83,Religious Event,Rainy,Flight,1319.46,Yes,7.3,68.22,3.6,Yes,Good
Punjab,Ludhiana,01-02-2022,2022,February,39233,4187,38757.81,Backwaters,0.89,436,1901.6,Food Festival,Rainy,Train,1801.47,Yes,14.5,73.26,4.2,No,Good
Punjab,Ludhiana,01-03-2022,2022,March,47697,3599,75659.28,Fort,1.47,412,8082.85,Crafts Mela,Cloudy,Car,565.37,No,6.2,50.13,4.8,Yes,Good
Punjab,Ludhiana,01-04-2022,2022,April,31964,1333,41942.05,Fort,1.26,172,3321.38,Crafts Mela,Rainy,Car,4198.24,No,6.8,94.89,4.7,Yes,Good
Punjab,Ludhiana,01-05-2022,2022,May,25148,4705,36057.71,Wildlife Sanctuary,1.21,493,3230.5,Religious Event,Cold,Boat,766.81,Yes,11.2,64.98,3,Yes,Poor
Punjab,Ludhiana,01-06-2022,2022,June,23526,2393,30005.74,Hill Station,1.16,205,1898.87,Food Festival,Humid,Train,3971.79,No,13.5,59.91,4.7,Yes,Good
Punjab,Ludhiana,01-07-2022,2022,July,35612,4088,66207.88,Museum,1.67,445,8112.68,Festival,Snowy,Boat,7844.43,Yes,7.5,72.36,4.4,Yes,Poor
Punjab,Ludhiana,01-08-2022,2022,August,32729,1038,40455.28,River Rafting,1.2,126,7622.77,Sports Event,Sunny,Flight,1443.49,Yes,14.8,67.73,3.2,Yes,Good
Punjab,Ludhiana,01-09-2022,2022,September,27702,1880,47529.01,Temple,1.61,196,3415.22,Dance Festival,Rainy,Bike,6006.4,No,8,88.28,3.8,No,Good
Punjab,Ludhiana,01-10-2022,2022,October,7015,3685,28308.65,Fort,2.65,326,3543.03,Music Festival,Sunny,Bike,2595.15,Yes,12.9,80.29,4.4,No,Good
Punjab,Ludhiana,01-11-2022,2022,November,42934,1913,36319.9,Cultural Festival,0.81,75,3341.92,Art Fair,Cold,Train,7613.53,Yes,13.2,59.53,3.4,Yes,Average
Punjab,Ludhiana,01-12-2022,2022,December,48465,4469,76932.65,Backwaters,1.45,398,7347.08,Religious Event,Sunny,Bus,5952.9,No,10.6,51.45,3,Yes,Good
Punjab,Ludhiana,01-01-2023,2023,January,46012,1695,32606.01,Cultural Festival,0.68,343,8861.33,Sports Event,Humid,Bus,1003.41,No,7.9,67.01,4.5,No,Average
Punjab,Ludhiana,01-02-2023,2023,February,29669,3132,24305.38,Museum,0.74,164,3174.96,Festival,Cloudy,Car,1996.85,Yes,13.6,65.22,4.8,Yes,Average
Punjab,Ludhiana,01-03-2023,2023,March,43629,1499,43026.23,Museum,0.95,355,8098.86,Sports Event,Humid,Car,4470.87,No,10.7,82.19,3.3,No,Poor
Punjab,Ludhiana,01-04-2023,2023,April,37420,3240,33255.33,Fort,0.82,336,6663.26,Music Festival,Rainy,Car,6082.48,No,2.2,54.94,3.4,No,Poor
Punjab,Ludhiana,01-05-2023,2023,May,48317,4160,51468.85,Backwaters,0.98,369,3045.71,Food Festival,Cloudy,Boat,2839.46,No,3.9,80.9,4.7,Yes,Average
Punjab,Ludhiana,01-06-2023,2023,June,21494,4078,31869.07,Desert Safari,1.25,261,6915.67,Religious Event,Snowy,Train,7466.11,No,12.4,84.07,4.9,No,Good
Punjab,Ludhiana,01-07-2023,2023,July,30407,2154,52395.79,Beach,1.61,179,5536.99,Sports Event,Cold,Bus,1195.1,Yes,4.2,62.05,4.3,No,Average
Punjab,Ludhiana,01-08-2023,2023,August,46789,2470,58762.24,Temple,1.19,481,4543.49,Art Fair,Cold,Bike,3219.39,Yes,6.3,57.04,4.9,Yes,Good
Punjab,Ludhiana,01-09-2023,2023,September,27553,1168,30905.69,Cultural Festival,1.08,196,3583.47,Crafts Mela,Cloudy,Bike,7134.63,No,9.3,93.39,3.7,Yes,Poor
Punjab,Ludhiana,01-10-2023,2023,October,42332,2642,46419.13,Museum,1.03,401,8385.9,Festival,Cloudy,Bus,4443.19,No,14.6,82.4,4.9,Yes,Poor
Punjab,Ludhiana,01-11-2023,2023,November,33179,1170,48546.44,Fort,1.41,494,7592.6,Crafts Mela,Humid,Bike,4745.89,Yes,5.5,53.68,3.1,Yes,Good
Punjab,Ludhiana,01-12-2023,2023,December,25644,3552,48565.63,Backwaters,1.66,495,4020.3,Crafts Mela,Humid,Bike,7299.67,No,9.9,61.24,3.5,Yes,Good
Himachal Pradesh,Shimla,01-01-2019,2019,January,35994,3717,70443,Wildlife Sanctuary,1.77,422,4360.46,Food Festival,Snowy,Flight,1926.3,Yes,14,78.57,4.4,Yes,Poor
Himachal Pradesh,Shimla,01-02-2019,2019,February,8333,2820,22888.87,Cultural Festival,2.05,51,5161.95,Food Festival,Sunny,Boat,3337.53,No,4,55.9,3.7,No,Good
Himachal Pradesh,Shimla,01-03-2019,2019,March,28365,1547,46151.25,Museum,1.54,439,5778.14,Religious Event,Sunny,Flight,4836.52,No,10.9,69.09,4.8,Yes,Poor
Himachal Pradesh,Shimla,01-04-2019,2019,April,44290,4335,54078.64,Fort,1.11,395,4523.83,Crafts Mela,Rainy,Flight,2226.08,Yes,3.7,63.05,4,Yes,Poor
Himachal Pradesh,Shimla,01-05-2019,2019,May,18026,2315,28052.4,Cultural Festival,1.38,408,7153.5,Dance Festival,Cloudy,Flight,3145.51,Yes,7.3,70.85,3.4,No,Good
Himachal Pradesh,Shimla,01-06-2019,2019,June,34982,975,54970.45,Wildlife Sanctuary,1.53,255,9968.2,Festival,Sunny,Train,7975.88,No,9.6,59.35,3.2,Yes,Average
Himachal Pradesh,Shimla,01-07-2019,2019,July,32673,4288,45902.44,Wildlife Sanctuary,1.24,251,9623.24,Festival,Humid,Bike,4571.13,No,11.6,70.12,4.2,Yes,Good
Himachal Pradesh,Shimla,01-08-2019,2019,August,21744,4628,41279.33,Cultural Festival,1.57,285,9521.58,Sports Event,Cloudy,Bus,6089.16,No,5.4,92.78,3.9,Yes,Average
Himachal Pradesh,Shimla,01-09-2019,2019,September,45870,1826,46913.88,Temple,0.98,87,3781.84,Festival,Cloudy,Car,6180.95,No,2.4,55.1,4.1,No,Average
Himachal Pradesh,Shimla,01-10-2019,2019,October,23021,4103,31221.37,Desert Safari,1.15,395,7264.14,Festival,Humid,Bike,7202.42,Yes,9.2,52.63,3.5,No,Good
Himachal Pradesh,Shimla,01-11-2019,2019,November,29317,4581,54963.69,Cultural Festival,1.62,391,5902.15,Food Festival,Cold,Bus,7977.39,No,3.2,83.14,4.8,Yes,Average
Himachal Pradesh,Shimla,01-12-2019,2019,December,24213,2211,40755.13,Museum,1.54,242,2770.88,Crafts Mela,Snowy,Bus,2527.85,Yes,11.8,75.93,4.6,Yes,Average
Himachal Pradesh,Shimla,01-01-2020,2020,January,43326,4213,42825.65,Cultural Festival,0.9,136,5476.64,Festival,Cold,Flight,3139.87,Yes,13.6,58.9,3.5,Yes,Good
Himachal Pradesh,Shimla,01-02-2020,2020,February,22343,1993,33377.93,Backwaters,1.37,489,3571.47,Sports Event,Rainy,Boat,1349.01,No,5.7,63.12,4,Yes,Good
Himachal Pradesh,Shimla,01-03-2020,2020,March,43289,4551,63432.98,Hill Station,1.33,306,9947.65,Festival,Snowy,Flight,1030.48,No,9.3,56.76,4.7,Yes,Good
Himachal Pradesh,Shimla,01-04-2020,2020,April,42720,2304,43694.06,Fort,0.97,422,9566.5,Festival,Humid,Bike,6084.49,No,4.4,79.7,4.9,Yes,Good
Himachal Pradesh,Shimla,01-05-2020,2020,May,40031,2054,50652.78,Wildlife Sanctuary,1.2,338,9501.19,Sports Event,Cloudy,Bus,5131.96,Yes,9.9,68.86,3.7,Yes,Average
Himachal Pradesh,Shimla,01-06-2020,2020,June,15343,2377,26865.54,Cultural Festival,1.52,334,7264.33,Dance Festival,Humid,Train,1321.84,Yes,9,72.14,4.2,No,Poor
Himachal Pradesh,Shimla,01-07-2020,2020,July,9031,1724,20718.84,Hill Station,1.93,87,7581.76,Religious Event,Cold,Bike,2765.94,Yes,11.6,90.64,3.8,No,Poor
Himachal Pradesh,Shimla,01-08-2020,2020,August,21761,796,29869.59,Cultural Festival,1.32,87,6506.12,Art Fair,Rainy,Boat,3702.4,Yes,11.4,76.4,3.6,Yes,Average
Himachal Pradesh,Shimla,01-09-2020,2020,September,27618,3036,45477.7,Fort,1.48,232,5816.9,Sports Event,Cold,Car,7948.33,Yes,4.8,92.06,5,Yes,Good
Himachal Pradesh,Shimla,01-10-2020,2020,October,36823,3366,50949.83,Backwaters,1.27,450,8747.8,Music Festival,Snowy,Car,6897.41,No,15,69,4.4,Yes,Poor
Himachal Pradesh,Shimla,01-11-2020,2020,November,23134,3822,29881.6,Hill Station,1.11,432,7607.53,Sports Event,Sunny,Bike,6011.26,No,8.4,81.97,5,Yes,Poor
Himachal Pradesh,Shimla,01-12-2020,2020,December,23857,2585,22204.43,River Rafting,0.84,158,1694.28,Food Festival,Cloudy,Bus,6292.64,Yes,13.1,92.78,4.9,Yes,Good
Himachal Pradesh,Shimla,01-01-2021,2021,January,17035,1435,24353.19,River Rafting,1.32,76,4351.73,Food Festival,Humid,Bus,5111.4,No,11.3,74.59,3.7,Yes,Average
Himachal Pradesh,Shimla,01-02-2021,2021,February,28933,3854,34007.14,Desert Safari,1.04,336,4902.44,Art Fair,Rainy,Bus,4144.77,No,14.3,91.51,4.4,Yes,Average
Himachal Pradesh,Shimla,01-03-2021,2021,March,37471,2323,60986.54,Temple,1.53,404,9245.09,Sports Event,Humid,Bike,6321.04,Yes,8.3,78.11,3.6,No,Good
Himachal Pradesh,Shimla,01-04-2021,2021,April,33973,543,50057.4,Desert Safari,1.45,244,6105.87,Festival,Cold,Bike,4250.71,Yes,6.2,58.72,4.8,No,Good
Himachal Pradesh,Shimla,01-05-2021,2021,May,20182,4817,39254.79,Cultural Festival,1.57,282,9179.38,Sports Event,Cold,Train,5340.46,No,12.2,89.45,3.7,No,Average
Himachal Pradesh,Shimla,01-06-2021,2021,June,24177,1987,39784.58,River Rafting,1.52,362,7782.3,Religious Event,Humid,Flight,4555.23,Yes,10,60.53,4,No,Poor
Himachal Pradesh,Shimla,01-07-2021,2021,July,41225,3223,49860.91,Wildlife Sanctuary,1.12,359,2463.83,Dance Festival,Sunny,Flight,7054.82,Yes,4.8,76.65,3.5,No,Good
Himachal Pradesh,Shimla,01-08-2021,2021,August,35400,2714,59020.47,Museum,1.55,463,6883.53,Music Festival,Cloudy,Bus,6635.06,Yes,6.1,54.62,4.9,Yes,Average
Himachal Pradesh,Shimla,01-09-2021,2021,September,26920,1106,34825.29,Wildlife Sanctuary,1.24,180,1681.82,Crafts Mela,Cold,Car,7394.67,Yes,8.1,90.26,3.7,Yes,Average
Himachal Pradesh,Shimla,01-10-2021,2021,October,14993,3172,21487.4,Hill Station,1.18,199,6473.3,Religious Event,Sunny,Car,4039.53,No,2.2,64.27,3.1,Yes,Poor
Himachal Pradesh,Shimla,01-11-2021,2021,November,44979,1747,30800.5,Desert Safari,0.66,210,9967.77,Sports Event,Humid,Flight,6894.21,No,3.4,51.55,4.6,No,Average
Himachal Pradesh,Shimla,01-12-2021,2021,December,23157,3260,36900.68,Desert Safari,1.4,489,3516.17,Sports Event,Rainy,Bike,5776.53,No,3.5,82.29,4.5,Yes,Average
Himachal Pradesh,Shimla,01-01-2022,2022,January,12077,3397,18072.09,Museum,1.17,170,7067.44,Sports Event,Cloudy,Train,2035.2,Yes,12.2,91.97,3.1,Yes,Poor
Himachal Pradesh,Shimla,01-02-2022,2022,February,8065,506,5593.95,Museum,0.65,319,3259.47,Crafts Mela,Cold,Bus,3402.82,No,3.9,57.52,3.2,No,Good
Himachal Pradesh,Shimla,01-03-2022,2022,March,14015,666,16843.26,Temple,1.15,407,3005.34,Sports Event,Humid,Flight,1727.95,No,3.5,74.75,4.6,No,Poor
Himachal Pradesh,Shimla,01-04-2022,2022,April,34213,2562,33180.32,Fort,0.9,204,7758.97,Food Festival,Rainy,Bus,6869.88,No,5,66.15,3.8,Yes,Poor
Himachal Pradesh,Shimla,01-05-2022,2022,May,16365,2798,22550.4,Cultural Festival,1.18,170,9946.62,Festival,Cloudy,Train,2127.4,Yes,8.5,91.72,3,No,Good
Himachal Pradesh,Shimla,01-06-2022,2022,June,47130,2389,64708.93,Beach,1.31,489,8380.66,Music Festival,Cloudy,Bike,1053.71,No,6.8,70.66,3.1,No,Average
Himachal Pradesh,Shimla,01-07-2022,2022,July,35781,3091,49537.32,Temple,1.27,301,6331.99,Sports Event,Cloudy,Flight,2534.51,Yes,14.4,71.9,4.6,Yes,Good
Himachal Pradesh,Shimla,01-08-2022,2022,August,36763,2720,30953.14,Temple,0.78,408,2856.46,Sports Event,Sunny,Boat,2435.92,No,2.9,64.56,4.1,Yes,Poor
Himachal Pradesh,Shimla,01-09-2022,2022,September,37219,4114,61666.28,River Rafting,1.49,186,5589.57,Music Festival,Sunny,Car,5106.65,No,2.6,57.87,4.5,No,Average
Himachal Pradesh,Shimla,01-10-2022,2022,October,10100,1699,16519.58,Hill Station,1.4,211,1625.53,Art Fair,Cold,Bike,5871.64,Yes,14.3,76.98,3.1,No,Good
Himachal Pradesh,Shimla,01-11-2022,2022,November,6651,3952,15898.5,Wildlife Sanctuary,1.5,169,4439.02,Sports Event,Cold,Boat,7896.94,No,5.9,88.86,4.8,Yes,Poor
Himachal Pradesh,Shimla,01-12-2022,2022,December,35393,3608,37069.97,Backwaters,0.95,416,8454.27,Crafts Mela,Cold,Train,1344.42,No,11.8,67.08,4.2,No,Poor
Himachal Pradesh,Shimla,01-01-2023,2023,January,24607,1689,33735.56,Wildlife Sanctuary,1.28,242,9412.06,Dance Festival,Snowy,Bike,7913.56,Yes,11.1,84.17,3.1,Yes,Average
Himachal Pradesh,Shimla,01-02-2023,2023,February,15175,2788,23717.65,Desert Safari,1.32,92,7345.95,Festival,Sunny,Car,7480.96,No,10.8,83.96,3,Yes,Poor
Himachal Pradesh,Shimla,01-03-2023,2023,March,12768,3716,25716.5,Beach,1.56,83,7932.85,Dance Festival,Snowy,Car,5462.4,No,12,50.31,4.3,No,Poor
Himachal Pradesh,Shimla,01-04-2023,2023,April,36882,1490,24123.05,Desert Safari,0.63,401,6624.7,Food Festival,Sunny,Car,4085.32,Yes,11.1,68.6,3.7,No,Average
Himachal Pradesh,Shimla,01-05-2023,2023,May,40397,2671,52468.07,Desert Safari,1.22,359,3903.04,Religious Event,Sunny,Car,7705.02,Yes,11.1,81.72,3.7,No,Poor
Himachal Pradesh,Shimla,01-06-2023,2023,June,17525,3308,34855.17,Cultural Festival,1.67,336,4187.08,Religious Event,Sunny,Bike,4897.63,No,10.3,58.61,4.5,Yes,Good
Himachal Pradesh,Shimla,01-07-2023,2023,July,18143,3397,23928.19,Fort,1.11,226,8175.88,Music Festival,Sunny,Flight,7660.18,Yes,9.2,58.13,4.7,No,Poor
Himachal Pradesh,Shimla,01-08-2023,2023,August,24682,1029,37651.94,Wildlife Sanctuary,1.46,272,8325.71,Crafts Mela,Cold,Bus,992.83,No,6.4,94.13,4,Yes,Good
Himachal Pradesh,Shimla,01-09-2023,2023,September,44474,2731,61903.97,Fort,1.31,468,7996.76,Crafts Mela,Snowy,Boat,5152.32,Yes,9.5,74.74,4,Yes,Average
Himachal Pradesh,Shimla,01-10-2023,2023,October,10991,1818,18612.26,Museum,1.45,419,8860.97,Music Festival,Snowy,Car,5849.5,Yes,13.5,79.69,4.5,Yes,Poor
Himachal Pradesh,Shimla,01-11-2023,2023,November,42435,4247,45438.16,Backwaters,0.97,294,8684.92,Religious Event,Cloudy,Boat,781.08,No,4.5,51.7,4.3,No,Good
Himachal Pradesh,Shimla,01-12-2023,2023,December,13012,3848,21646.27,Desert Safari,1.28,140,7184.97,Dance Festival,Snowy,Bus,6355.42,Yes,14.5,50.24,3.4,No,Good
Himachal Pradesh,Manali,01-01-2019,2019,January,47880,4081,84958.86,Cultural Festival,1.64,421,7418.52,Religious Event,Cold,Car,3400.01,No,14.6,87.6,4.6,No,Poor
Himachal Pradesh,Manali,01-02-2019,2019,February,41240,3735,61938.97,River Rafting,1.38,217,3920.32,Crafts Mela,Humid,Boat,7293.18,No,5.3,72.96,3.7,Yes,Average
Himachal Pradesh,Manali,01-03-2019,2019,March,5993,558,7637.7,Fort,1.17,96,2164.22,Dance Festival,Cloudy,Car,4135.81,Yes,12.9,78.83,4.9,Yes,Good
Himachal Pradesh,Manali,01-04-2019,2019,April,22339,1269,26765.67,Hill Station,1.13,51,7751.35,Religious Event,Humid,Train,3333.9,Yes,3.2,81.99,4.4,No,Good
Himachal Pradesh,Manali,01-05-2019,2019,May,30301,1682,35704.36,Wildlife Sanctuary,1.12,351,8291.58,Sports Event,Cloudy,Bus,4359.12,Yes,10.8,67.92,3.2,No,Average
Himachal Pradesh,Manali,01-06-2019,2019,June,27703,4107,46907.43,Beach,1.47,293,1500.11,Food Festival,Sunny,Flight,3515.14,No,10.4,51.31,4.5,Yes,Average
Himachal Pradesh,Manali,01-07-2019,2019,July,15106,4763,21201.79,Museum,1.07,493,8740.33,Crafts Mela,Sunny,Bus,3857.25,No,9.6,94.41,4.1,No,Poor
Himachal Pradesh,Manali,01-08-2019,2019,August,38789,2595,54636.85,Temple,1.32,376,2991.51,Food Festival,Sunny,Train,4361.7,No,3.1,51.12,5,No,Poor
Himachal Pradesh,Manali,01-09-2019,2019,September,39077,3677,62633.88,Desert Safari,1.46,323,2696.67,Sports Event,Cloudy,Flight,4560.77,Yes,8.6,52.09,3.3,No,Average
Himachal Pradesh,Manali,01-10-2019,2019,October,40107,895,27491.03,Cultural Festival,0.67,275,5667.02,Dance Festival,Humid,Bike,5284.85,Yes,2.6,75.21,4.6,No,Average
Himachal Pradesh,Manali,01-11-2019,2019,November,46963,848,46581.18,Fort,0.97,450,4836.66,Art Fair,Cloudy,Bus,5886.61,No,8.3,85.42,4.5,No,Poor
Himachal Pradesh,Manali,01-12-2019,2019,December,44939,950,29553.21,Cultural Festival,0.64,221,9718.74,Art Fair,Sunny,Car,989.26,Yes,14.6,90.95,3.9,Yes,Average
Himachal Pradesh,Manali,01-01-2020,2020,January,10368,4939,29461.49,Cultural Festival,1.92,194,1729.99,Art Fair,Snowy,Train,7599.36,No,6.5,59.32,4,No,Good
Himachal Pradesh,Manali,01-02-2020,2020,February,35270,2415,29960.66,Backwaters,0.8,132,8655.66,Food Festival,Sunny,Bus,6882.48,No,13.2,76.25,4.6,No,Average
Himachal Pradesh,Manali,01-03-2020,2020,March,42854,4045,50160.05,Beach,1.07,210,3282.12,Sports Event,Snowy,Flight,4388.36,Yes,6.6,73.4,3.4,No,Good
Himachal Pradesh,Manali,01-04-2020,2020,April,25725,3544,44813.03,Cultural Festival,1.53,490,5028.29,Sports Event,Rainy,Flight,5004.76,Yes,8.1,51.78,4.6,No,Average
Himachal Pradesh,Manali,01-05-2020,2020,May,16548,4184,32741.63,Desert Safari,1.58,194,9565.83,Crafts Mela,Cold,Train,4558.24,Yes,11.5,79.16,3.9,No,Average
Himachal Pradesh,Manali,01-06-2020,2020,June,15285,878,13294.24,Temple,0.82,236,4142.29,Festival,Humid,Flight,2414.72,Yes,8.6,62.52,3.6,No,Average
Himachal Pradesh,Manali,01-07-2020,2020,July,21956,2883,42595.83,Cultural Festival,1.71,437,7825.32,Dance Festival,Snowy,Bike,4157.75,No,2.8,78.43,4.1,No,Good
Himachal Pradesh,Manali,01-08-2020,2020,August,47539,677,68370.57,Desert Safari,1.42,296,9304.66,Sports Event,Sunny,Boat,1427.91,Yes,11.9,64.16,5,No,Poor
Himachal Pradesh,Manali,01-09-2020,2020,September,20088,1593,34534.08,Temple,1.59,396,1726.52,Sports Event,Humid,Boat,1422.18,Yes,12.2,51.24,4.7,No,Poor
Himachal Pradesh,Manali,01-10-2020,2020,October,37113,1394,53852.26,Wildlife Sanctuary,1.4,330,5953.88,Religious Event,Snowy,Flight,7426.87,Yes,7,66.83,4.6,No,Poor
Himachal Pradesh,Manali,01-11-2020,2020,November,24709,4220,43414.67,Hill Station,1.5,88,6152.18,Festival,Humid,Bus,6019.99,No,14.9,89.52,3.9,Yes,Good
Himachal Pradesh,Manali,01-12-2020,2020,December,30933,2788,39540.27,Temple,1.17,132,3008.63,Crafts Mela,Rainy,Bus,7814.57,No,5.6,93.96,4.5,No,Average
Himachal Pradesh,Manali,01-01-2021,2021,January,39850,1293,38275.37,River Rafting,0.93,359,9108.17,Sports Event,Humid,Car,1067.11,Yes,10.1,68.21,4.7,Yes,Good
Himachal Pradesh,Manali,01-02-2021,2021,February,44280,687,50351.24,Fort,1.12,299,8264.77,Festival,Humid,Bus,4761.57,No,12.4,66.56,3.2,No,Good
Himachal Pradesh,Manali,01-03-2021,2021,March,11302,3104,28928.45,Wildlife Sanctuary,2.01,465,9414.92,Food Festival,Humid,Bus,5509.45,No,7.7,75.68,3.4,Yes,Good
Himachal Pradesh,Manali,01-04-2021,2021,April,26546,3467,44321.63,Temple,1.48,397,3535.13,Music Festival,Cold,Boat,3619.17,Yes,4.7,50.4,4.3,No,Poor
Himachal Pradesh,Manali,01-05-2021,2021,May,32034,2054,48424.88,Backwaters,1.42,297,5879.94,Art Fair,Cold,Flight,5718.64,No,13.8,78.13,3.2,No,Good
Himachal Pradesh,Manali,01-06-2021,2021,June,17846,982,15008.11,Backwaters,0.8,67,6633.4,Festival,Cloudy,Train,2762.94,No,12.1,55.75,4,No,Average
Himachal Pradesh,Manali,01-07-2021,2021,July,5134,2362,13477.71,Museum,1.8,169,9892.77,Art Fair,Humid,Bike,2774.25,Yes,7.6,71.58,4.5,No,Good
Himachal Pradesh,Manali,01-08-2021,2021,August,20788,1027,18708.84,Backwaters,0.86,308,9058.25,Crafts Mela,Cloudy,Train,6708.23,Yes,10.2,52.66,3.6,No,Poor
Himachal Pradesh,Manali,01-09-2021,2021,September,23581,2556,27472.1,Museum,1.05,384,7334.05,Music Festival,Sunny,Flight,1544.09,No,4.2,56.22,4.3,No,Poor
Himachal Pradesh,Manali,01-10-2021,2021,October,6003,2029,13261.84,Museum,1.65,438,9801.52,Art Fair,Sunny,Boat,6686.35,No,11.1,69.77,3.3,No,Average
Himachal Pradesh,Manali,01-11-2021,2021,November,12489,2785,20006.96,Temple,1.31,382,3019.08,Music Festival,Snowy,Flight,6438.45,Yes,8,91.19,3.4,No,Poor
Himachal Pradesh,Manali,01-12-2021,2021,December,38294,3831,52267.11,Hill Station,1.24,114,7559.95,Food Festival,Sunny,Bus,3763.07,Yes,5.8,63.9,3.8,No,Poor
Himachal Pradesh,Manali,01-01-2022,2022,January,49278,3890,39486.22,Cultural Festival,0.74,491,4205.87,Dance Festival,Snowy,Train,6256.42,No,4.8,56.04,3.6,No,Good
Himachal Pradesh,Manali,01-02-2022,2022,February,27826,3126,31987.55,Hill Station,1.03,342,4467.53,Dance Festival,Snowy,Boat,968.8,No,10.3,63.82,4.4,Yes,Poor
Himachal Pradesh,Manali,01-03-2022,2022,March,18574,4668,23560.16,Temple,1.01,249,7821.74,Music Festival,Rainy,Car,2527.37,No,9.3,67.93,3.6,No,Poor
Himachal Pradesh,Manali,01-04-2022,2022,April,34350,3002,39613.42,Backwaters,1.06,207,5604.73,Art Fair,Humid,Bike,2228.76,Yes,12.9,84.57,3.3,Yes,Poor
Himachal Pradesh,Manali,01-05-2022,2022,May,46185,1434,51059.79,Museum,1.07,167,3656.45,Music Festival,Rainy,Train,5243.2,No,7.6,57.87,4.8,No,Good
Himachal Pradesh,Manali,01-06-2022,2022,June,47432,4045,65709.07,River Rafting,1.28,253,5460.82,Art Fair,Sunny,Flight,7284.34,No,5.1,66.9,4.1,Yes,Poor
Himachal Pradesh,Manali,01-07-2022,2022,July,17672,2984,21471.78,Backwaters,1.04,410,4859.43,Religious Event,Humid,Bus,919.23,Yes,6.8,74.6,4.4,No,Average
Himachal Pradesh,Manali,01-08-2022,2022,August,8574,2069,15827.68,Hill Station,1.49,156,9216.75,Sports Event,Cloudy,Bike,6978.93,No,8.4,54.39,4.4,No,Poor
Himachal Pradesh,Manali,01-09-2022,2022,September,23676,1225,23924.39,Backwaters,0.96,296,3433.66,Sports Event,Sunny,Flight,4984.02,No,15,84.99,3.6,Yes,Poor
Himachal Pradesh,Manali,01-10-2022,2022,October,17871,2635,24660.47,Temple,1.2,117,8851.59,Food Festival,Cold,Bike,544.13,No,3.2,69.79,4.1,Yes,Poor
Himachal Pradesh,Manali,01-11-2022,2022,November,29300,3672,50132.94,Fort,1.52,114,6400.68,Music Festival,Cloudy,Flight,1729.9,Yes,5.2,70.05,3.7,Yes,Poor
Himachal Pradesh,Manali,01-12-2022,2022,December,19325,520,20467.29,Hill Station,1.03,316,7675.36,Food Festival,Snowy,Boat,5573.23,Yes,5.4,78.85,3.6,No,Good
Himachal Pradesh,Manali,01-01-2023,2023,January,48097,3989,51259.97,Beach,0.98,62,5037.48,Art Fair,Snowy,Flight,3811.34,Yes,7.8,72.5,4.1,Yes,Poor
Himachal Pradesh,Manali,01-02-2023,2023,February,6002,2190,12971.15,Wildlife Sanctuary,1.58,459,8581.71,Dance Festival,Snowy,Flight,1308.88,Yes,14,73.26,3.2,Yes,Average
Himachal Pradesh,Manali,01-03-2023,2023,March,36733,3054,63010.52,Temple,1.58,484,5403.52,Dance Festival,Humid,Bike,4379.68,Yes,7.5,78.94,4,No,Average
Himachal Pradesh,Manali,01-04-2023,2023,April,23970,4939,39125.57,Beach,1.35,492,7424.63,Crafts Mela,Humid,Car,4343.61,No,6,77.17,4.4,Yes,Poor
Himachal Pradesh,Manali,01-05-2023,2023,May,22581,4682,46730.24,Wildlife Sanctuary,1.71,308,7175.91,Crafts Mela,Humid,Train,4087.2,Yes,13.2,91.7,4.4,Yes,Poor
Himachal Pradesh,Manali,01-06-2023,2023,June,18382,1564,28810.64,Hill Station,1.44,451,9289.6,Art Fair,Humid,Flight,6418.33,No,4.8,82.93,3.3,No,Poor
Himachal Pradesh,Manali,01-07-2023,2023,July,32812,3253,32936.89,Fort,0.91,330,2449.26,Music Festival,Snowy,Bike,4270.38,Yes,4.2,85.5,3.5,No,Average
Himachal Pradesh,Manali,01-08-2023,2023,August,27932,4801,35160.1,Cultural Festival,1.07,242,2359.04,Art Fair,Humid,Flight,5198.23,No,2.8,87.91,5,No,Good
Himachal Pradesh,Manali,01-09-2023,2023,September,13462,2015,17088.87,River Rafting,1.1,495,6505.4,Religious Event,Cold,Flight,5930.94,Yes,4.8,65.4,3.7,No,Average
Himachal Pradesh,Manali,01-10-2023,2023,October,14841,3937,27044.37,Backwaters,1.44,197,6810.2,Festival,Cloudy,Train,1589.37,Yes,2.8,50.04,3.5,Yes,Good
Himachal Pradesh,Manali,01-11-2023,2023,November,33631,1284,25705.09,Hill Station,0.74,293,3367.52,Music Festival,Cloudy,Car,1576.23,No,5.8,65.97,4.5,No,Poor
Himachal Pradesh,Manali,01-12-2023,2023,December,32184,1373,42461.98,Wildlife Sanctuary,1.27,357,8849.2,Festival,Rainy,Train,7392.95,No,9.5,55.65,3.2,Yes,Good
Madhya Pradesh,Bhopal,01-01-2019,2019,January,33407,685,42488.36,Wildlife Sanctuary,1.25,222,5756.97,Religious Event,Rainy,Train,3081.48,No,8.3,88.4,3.8,No,Poor
Madhya Pradesh,Bhopal,01-02-2019,2019,February,46123,4423,89916.83,Museum,1.78,218,7033.17,Crafts Mela,Cloudy,Flight,2099.52,No,3.7,71.52,3.8,Yes,Poor
Madhya Pradesh,Bhopal,01-03-2019,2019,March,46866,1560,30945.71,Temple,0.64,208,4092.19,Dance Festival,Snowy,Train,5557.28,Yes,14.3,60.95,4,Yes,Poor
Madhya Pradesh,Bhopal,01-04-2019,2019,April,45124,2678,48954.91,Beach,1.02,383,7034.83,Crafts Mela,Cold,Train,2592.13,Yes,12.5,81.28,4.9,Yes,Average
Madhya Pradesh,Bhopal,01-05-2019,2019,May,19024,1106,15775.27,Hill Station,0.78,492,2607.05,Sports Event,Rainy,Flight,7343.33,No,5.3,91.22,3.6,Yes,Good
Madhya Pradesh,Bhopal,01-06-2019,2019,June,24239,3618,33722.39,Fort,1.21,484,7034.24,Crafts Mela,Cold,Car,5783.88,No,10.5,54.01,4.1,Yes,Poor
Madhya Pradesh,Bhopal,01-07-2019,2019,July,25386,1387,34451.49,Desert Safari,1.29,404,7913.88,Art Fair,Cold,Flight,7717.23,No,3.3,83.36,4,No,Poor
Madhya Pradesh,Bhopal,01-08-2019,2019,August,22264,2990,32094.05,Wildlife Sanctuary,1.27,437,7287.62,Religious Event,Humid,Train,6115.66,No,12.7,79.51,4.7,Yes,Average
Madhya Pradesh,Bhopal,01-09-2019,2019,September,42190,544,29720.34,Museum,0.7,103,7440.3,Crafts Mela,Rainy,Flight,2254.58,Yes,5.4,64.8,3.5,No,Good
Madhya Pradesh,Bhopal,01-10-2019,2019,October,44684,902,56525.42,Beach,1.24,83,4270.13,Music Festival,Snowy,Boat,3716.72,No,5.3,93.27,3.4,No,Poor
Madhya Pradesh,Bhopal,01-11-2019,2019,November,17353,1382,19989.83,Desert Safari,1.07,187,2974.67,Food Festival,Sunny,Car,574.63,No,5.3,86.65,4.2,Yes,Average
Madhya Pradesh,Bhopal,01-12-2019,2019,December,36547,1916,24072.76,Fort,0.63,420,2673.01,Religious Event,Cold,Flight,5486.23,No,9.5,93.5,4.3,Yes,Good
Madhya Pradesh,Bhopal,01-01-2020,2020,January,27098,1234,43990.97,Beach,1.55,273,8666.17,Crafts Mela,Sunny,Boat,1274.8,Yes,14.5,61.53,4,Yes,Poor
Madhya Pradesh,Bhopal,01-02-2020,2020,February,47180,980,65790.3,Beach,1.37,469,5122.53,Festival,Snowy,Bus,6737.68,Yes,13.5,75.24,4.5,Yes,Poor
Madhya Pradesh,Bhopal,01-03-2020,2020,March,33875,3234,40603.79,Fort,1.09,353,4706.55,Food Festival,Humid,Train,1664.39,No,11.6,55.35,3,No,Good
Madhya Pradesh,Bhopal,01-04-2020,2020,April,13586,4645,35861.91,Cultural Festival,1.97,370,6676.66,Sports Event,Cold,Train,4258.76,No,3.1,82.1,3.9,Yes,Good
Madhya Pradesh,Bhopal,01-05-2020,2020,May,16593,4138,31024.71,Backwaters,1.5,201,1669.03,Festival,Snowy,Bike,3807.85,Yes,10.3,83.44,3.2,Yes,Good
Madhya Pradesh,Bhopal,01-06-2020,2020,June,24154,4165,33454.47,Backwaters,1.18,284,2675.34,Dance Festival,Snowy,Boat,1311.99,Yes,13.4,87.39,4.5,No,Average
Madhya Pradesh,Bhopal,01-07-2020,2020,July,7242,1086,11282.89,River Rafting,1.35,82,9453.08,Festival,Cloudy,Train,4203.01,No,13,93.13,3.9,Yes,Poor
Madhya Pradesh,Bhopal,01-08-2020,2020,August,9443,3518,19799.79,Beach,1.53,305,8814.94,Festival,Snowy,Bus,7684.13,No,12.4,55.92,4.1,Yes,Good
Madhya Pradesh,Bhopal,01-09-2020,2020,September,25592,2082,19929.01,Temple,0.72,152,6380.3,Music Festival,Snowy,Flight,6665.04,Yes,5.5,51.12,4,No,Average
Madhya Pradesh,Bhopal,01-10-2020,2020,October,11749,4415,19291.07,River Rafting,1.19,130,7602.84,Art Fair,Rainy,Bus,5024.3,No,8.7,77.57,4.7,Yes,Average
Madhya Pradesh,Bhopal,01-11-2020,2020,November,38009,4025,36550.21,Museum,0.87,258,5222.87,Crafts Mela,Rainy,Train,5163.12,No,6.3,78.5,3.4,No,Poor
Madhya Pradesh,Bhopal,01-12-2020,2020,December,9037,3857,21698.14,Temple,1.68,194,6802.76,Music Festival,Cold,Car,7653.93,No,4.9,94.13,3.9,No,Good
Madhya Pradesh,Bhopal,01-01-2021,2021,January,16025,1890,26963.45,River Rafting,1.51,95,3739.29,Religious Event,Cold,Car,4982.99,No,7.2,91.66,3.4,Yes,Poor
Madhya Pradesh,Bhopal,01-02-2021,2021,February,24808,3565,33668.68,Museum,1.19,400,9038.77,Music Festival,Snowy,Boat,3545.18,Yes,13.2,87.55,4,Yes,Good
Madhya Pradesh,Bhopal,01-03-2021,2021,March,41864,2413,57488.91,Hill Station,1.3,449,5730.39,Crafts Mela,Rainy,Bus,5236.45,Yes,14.7,76.21,4.7,Yes,Average
Madhya Pradesh,Bhopal,01-04-2021,2021,April,7688,704,14160.96,Cultural Festival,1.69,160,3736.4,Sports Event,Cold,Flight,3185.94,No,6.7,62.71,4.1,Yes,Average
Madhya Pradesh,Bhopal,01-05-2021,2021,May,32188,2755,41258.84,Temple,1.18,282,6811.7,Religious Event,Rainy,Flight,5942.08,Yes,11.9,70.37,4.4,Yes,Good
Madhya Pradesh,Bhopal,01-06-2021,2021,June,12026,3078,26437.28,Beach,1.75,127,8562.12,Music Festival,Cloudy,Bike,2272.62,Yes,11.4,80.08,4.5,No,Average
Madhya Pradesh,Bhopal,01-07-2021,2021,July,18012,745,13798.25,Museum,0.74,364,9814.93,Religious Event,Humid,Car,5342.82,Yes,4.4,72.13,3.7,Yes,Good
Madhya Pradesh,Bhopal,01-08-2021,2021,August,7574,4167,22138.94,Hill Station,1.89,122,6536.25,Art Fair,Humid,Bus,6695.51,Yes,8.2,82.84,3.7,Yes,Good
Madhya Pradesh,Bhopal,01-09-2021,2021,September,14926,3183,24829.06,Desert Safari,1.37,432,9131.89,Religious Event,Cloudy,Bus,1899.1,No,8.1,83.19,4.5,No,Average
Madhya Pradesh,Bhopal,01-10-2021,2021,October,36458,3600,62022,Wildlife Sanctuary,1.55,341,9803.09,Religious Event,Sunny,Car,6166.85,Yes,11.6,79.28,4.5,No,Average
Madhya Pradesh,Bhopal,01-11-2021,2021,November,33486,699,36235.43,Cultural Festival,1.06,120,4880.7,Religious Event,Cloudy,Car,521.59,No,11.6,92.62,4.7,Yes,Good
Madhya Pradesh,Bhopal,01-12-2021,2021,December,5906,4643,15726.92,River Rafting,1.49,303,1551.93,Sports Event,Rainy,Boat,7773.99,No,14.2,57.08,4.9,Yes,Poor
Madhya Pradesh,Bhopal,01-01-2022,2022,January,6660,1331,11553.82,Backwaters,1.45,467,3120.36,Food Festival,Snowy,Car,3848.16,No,11.3,65.89,4.4,Yes,Poor
Madhya Pradesh,Bhopal,01-02-2022,2022,February,46020,3450,49424.02,Temple,1,322,2591,Dance Festival,Humid,Boat,3265.82,No,14.1,90.55,3.3,No,Poor
Madhya Pradesh,Bhopal,01-03-2022,2022,March,15239,2444,26753.84,Desert Safari,1.51,151,3668.35,Food Festival,Cloudy,Bike,5082.98,No,7.9,89.09,3.4,Yes,Average
Madhya Pradesh,Bhopal,01-04-2022,2022,April,43100,4176,68794.18,Wildlife Sanctuary,1.46,189,8634.05,Food Festival,Humid,Flight,2489.47,Yes,5.8,55.63,4.7,Yes,Average
Madhya Pradesh,Bhopal,01-05-2022,2022,May,22972,1107,15504.82,Backwaters,0.64,192,8035.76,Dance Festival,Snowy,Train,7024.26,No,6.3,93.98,5,Yes,Poor
Madhya Pradesh,Bhopal,01-06-2022,2022,June,33694,758,18985.22,Cultural Festival,0.55,226,5990.29,Sports Event,Rainy,Bus,1701.03,Yes,9.5,91.13,4.2,No,Average
Madhya Pradesh,Bhopal,01-07-2022,2022,July,32633,2662,46675.91,Hill Station,1.32,315,3062.45,Religious Event,Rainy,Car,516.6,No,7.5,62.44,3.2,No,Poor
Madhya Pradesh,Bhopal,01-08-2022,2022,August,45351,2677,80333.76,Beach,1.67,207,4011.65,Festival,Rainy,Car,2388.23,Yes,4.4,93.31,4.5,Yes,Poor
Madhya Pradesh,Bhopal,01-09-2022,2022,September,47062,2600,65282.02,Museum,1.31,73,4522.69,Dance Festival,Cloudy,Bus,4498.86,Yes,5.4,65.67,3.9,Yes,Good
Madhya Pradesh,Bhopal,01-10-2022,2022,October,5077,3130,19636.32,Wildlife Sanctuary,2.39,447,9051.07,Crafts Mela,Humid,Train,3437.63,Yes,3.9,65.71,3.9,No,Poor
Madhya Pradesh,Bhopal,01-11-2022,2022,November,19164,4674,49568.17,Temple,2.08,307,2910.47,Art Fair,Cold,Boat,7346.4,No,8.9,52.8,3.9,Yes,Average
Madhya Pradesh,Bhopal,01-12-2022,2022,December,42643,1939,34363.11,Backwaters,0.77,160,2070.1,Sports Event,Cloudy,Bike,5360.69,No,13.9,92.74,3.1,No,Good
Madhya Pradesh,Bhopal,01-01-2023,2023,January,11989,3703,27440.05,Cultural Festival,1.75,470,5783.5,Religious Event,Cold,Bike,4246.16,Yes,2.7,88.19,4.3,Yes,Good
Madhya Pradesh,Bhopal,01-02-2023,2023,February,27554,4011,43245.23,Backwaters,1.37,129,9839.13,Festival,Humid,Bus,7942.91,No,9.2,69.41,4.8,No,Good
Madhya Pradesh,Bhopal,01-03-2023,2023,March,24053,660,32486.08,Hill Station,1.31,100,7905.57,Religious Event,Rainy,Boat,1624.29,Yes,4.7,73.94,4.1,Yes,Poor
Madhya Pradesh,Bhopal,01-04-2023,2023,April,49225,3944,64503.06,Desert Safari,1.21,242,8198.67,Food Festival,Cold,Boat,7391.02,Yes,10.9,73.52,3.8,No,Average
Madhya Pradesh,Bhopal,01-05-2023,2023,May,47621,4836,54930.38,Hill Station,1.05,232,6484.37,Art Fair,Rainy,Bus,4974.51,Yes,12.2,57.99,5,No,Good
Madhya Pradesh,Bhopal,01-06-2023,2023,June,16686,3929,28256.85,Fort,1.37,409,7130.97,Art Fair,Rainy,Bus,6382.86,No,12.4,52.95,4,Yes,Good
Madhya Pradesh,Bhopal,01-07-2023,2023,July,22851,2909,34711.44,Cultural Festival,1.35,111,3737.31,Religious Event,Cloudy,Bus,6618.64,No,7.9,51.54,3.5,Yes,Good
Madhya Pradesh,Bhopal,01-08-2023,2023,August,17482,4927,25543.26,Hill Station,1.14,355,8301.89,Dance Festival,Sunny,Car,7060.55,No,14.9,94.75,3.4,Yes,Poor
Madhya Pradesh,Bhopal,01-09-2023,2023,September,30656,3658,38754.36,River Rafting,1.13,130,2276.68,Sports Event,Cloudy,Bike,7009.26,No,10.9,73.55,3.3,Yes,Poor
Madhya Pradesh,Bhopal,01-10-2023,2023,October,22249,2904,40517.94,Backwaters,1.61,409,9507.69,Crafts Mela,Snowy,Bike,2654.11,No,9,58.96,4.8,No,Average
Madhya Pradesh,Bhopal,01-11-2023,2023,November,12212,4877,29416.22,Hill Station,1.72,212,9371.74,Religious Event,Cold,Car,591.8,No,5.9,78.82,5,Yes,Average
Madhya Pradesh,Bhopal,01-12-2023,2023,December,46583,2909,64948.18,River Rafting,1.31,411,6420.3,Festival,Cloudy,Flight,2715.13,Yes,8.5,82.83,4.7,Yes,Good
Madhya Pradesh,Indore,01-01-2019,2019,January,27287,3831,49100.79,Cultural Festival,1.58,51,5758.65,Crafts Mela,Cloudy,Boat,4574.94,No,5,59.45,3.4,No,Poor
Madhya Pradesh,Indore,01-02-2019,2019,February,19068,2744,27966.6,Temple,1.28,114,6848.87,Food Festival,Sunny,Bus,5480.75,Yes,11.5,77.18,4.3,Yes,Poor
Madhya Pradesh,Indore,01-03-2019,2019,March,17614,2953,32234.79,River Rafting,1.57,412,2223.92,Sports Event,Sunny,Train,7217.37,No,9.9,52.95,3.8,Yes,Average
Madhya Pradesh,Indore,01-04-2019,2019,April,40396,1852,38517.01,Temple,0.91,86,7593.51,Religious Event,Sunny,Bike,7779.6,Yes,8.3,84.25,4.3,Yes,Poor
Madhya Pradesh,Indore,01-05-2019,2019,May,20839,4308,30359,Hill Station,1.21,163,5016.62,Sports Event,Rainy,Bus,6269.4,Yes,6.3,78.77,4.4,No,Average
Madhya Pradesh,Indore,01-06-2019,2019,June,38477,600,36620.09,Fort,0.94,308,9125.02,Music Festival,Rainy,Train,5281.4,Yes,7.7,93.66,3.2,No,Good
Madhya Pradesh,Indore,01-07-2019,2019,July,41221,2635,47583.77,Fort,1.09,359,5444.43,Food Festival,Sunny,Bus,6809.63,No,14.7,56.81,4.8,No,Poor
Madhya Pradesh,Indore,01-08-2019,2019,August,30416,2257,45494.59,Fort,1.39,105,1536.29,Food Festival,Snowy,Car,3658.64,No,3,88.58,3.2,No,Poor
Madhya Pradesh,Indore,01-09-2019,2019,September,33802,4360,64707.64,Beach,1.7,494,8495.12,Dance Festival,Cold,Bike,5063.8,Yes,11.4,55.76,3.2,Yes,Poor
Madhya Pradesh,Indore,01-10-2019,2019,October,40315,3306,32852.21,Museum,0.75,465,1714.55,Dance Festival,Rainy,Boat,3597.76,Yes,11.4,58.85,3.1,Yes,Good
Madhya Pradesh,Indore,01-11-2019,2019,November,23914,1593,20424.79,Fort,0.8,462,5516.42,Religious Event,Rainy,Bike,4613.3,Yes,3.4,76.41,3.3,No,Poor
Madhya Pradesh,Indore,01-12-2019,2019,December,12077,4761,38586.75,Fort,2.29,392,7164.48,Art Fair,Snowy,Bike,1186.03,Yes,5.9,50.07,4.8,No,Average
Madhya Pradesh,Indore,01-01-2020,2020,January,39704,4082,38644.74,Fort,0.88,208,8760.97,Festival,Rainy,Flight,693.76,Yes,4.4,79.01,3.9,Yes,Average
Madhya Pradesh,Indore,01-02-2020,2020,February,29664,2880,47703.92,River Rafting,1.47,436,6925.06,Music Festival,Humid,Car,5689.15,No,8.1,67.81,4.6,Yes,Poor
Madhya Pradesh,Indore,01-03-2020,2020,March,49442,785,32665.48,Cultural Festival,0.65,429,8821.47,Festival,Humid,Boat,6176.89,Yes,12.1,57.67,4.4,Yes,Average
Madhya Pradesh,Indore,01-04-2020,2020,April,33607,1635,45891.58,Hill Station,1.3,199,2240.06,Food Festival,Humid,Boat,725.9,No,5.2,58.95,4.3,Yes,Good
Madhya Pradesh,Indore,01-05-2020,2020,May,14467,1440,22719.89,Fort,1.43,410,5380.51,Festival,Sunny,Boat,4829.22,Yes,4.3,94.65,4.5,Yes,Poor
Madhya Pradesh,Indore,01-06-2020,2020,June,47040,3911,55113.68,River Rafting,1.08,391,4273.15,Festival,Cold,Car,1988.53,No,6.7,58.79,3.9,No,Good
Madhya Pradesh,Indore,01-07-2020,2020,July,7901,4814,18402.66,Cultural Festival,1.45,219,7911.51,Food Festival,Snowy,Boat,4400.37,Yes,8.7,68.89,4.1,Yes,Good
Madhya Pradesh,Indore,01-08-2020,2020,August,36386,1792,58249.5,Hill Station,1.53,78,3115.66,Religious Event,Cold,Bus,1161.5,Yes,4.2,52.96,4.9,Yes,Good
Madhya Pradesh,Indore,01-09-2020,2020,September,21250,1016,26473.61,Desert Safari,1.19,142,4287.4,Festival,Cold,Car,3267.65,No,5.4,77.34,4.4,No,Good
Madhya Pradesh,Indore,01-10-2020,2020,October,25961,2593,32998.88,Fort,1.16,107,8709.49,Food Festival,Humid,Car,5662.78,No,12.9,92.68,4.3,Yes,Good
Madhya Pradesh,Indore,01-11-2020,2020,November,45029,2818,68627.76,River Rafting,1.43,186,3778.48,Religious Event,Snowy,Car,1315.75,No,2.7,85.76,4.3,No,Poor
Madhya Pradesh,Indore,01-12-2020,2020,December,33174,3883,33784.55,Wildlife Sanctuary,0.91,319,2647.48,Festival,Cold,Car,2096.55,No,2,84.85,4.9,No,Poor
Madhya Pradesh,Indore,01-01-2021,2021,January,32990,2469,24143.31,River Rafting,0.68,148,3185.25,Music Festival,Cloudy,Bus,1916.59,Yes,7.4,94.4,4.7,No,Good
Madhya Pradesh,Indore,01-02-2021,2021,February,49209,1657,62895.29,Temple,1.24,392,2933,Music Festival,Cloudy,Boat,7397.66,Yes,13.1,75.61,4.9,No,Good
Madhya Pradesh,Indore,01-03-2021,2021,March,27850,3217,37468.17,Fort,1.21,231,4551.81,Festival,Sunny,Boat,7550.85,Yes,5.8,77.97,3.9,No,Good
Madhya Pradesh,Indore,01-04-2021,2021,April,37959,3514,33827.71,Hill Station,0.82,231,2108.29,Food Festival,Sunny,Boat,5033.13,No,8.6,83.2,4,Yes,Average
Madhya Pradesh,Indore,01-05-2021,2021,May,29995,3877,58548.79,Museum,1.73,235,5878.62,Festival,Cloudy,Boat,4591.36,Yes,2.2,90.04,3,No,Poor
Madhya Pradesh,Indore,01-06-2021,2021,June,21300,2236,35906.95,Wildlife Sanctuary,1.53,366,2737.87,Music Festival,Humid,Flight,2711.52,No,6.9,87.65,4.7,Yes,Average
Madhya Pradesh,Indore,01-07-2021,2021,July,8676,4085,17191.45,Fort,1.35,281,9783.52,Festival,Cloudy,Bike,5775.3,Yes,2.1,65.91,3.7,Yes,Good
Madhya Pradesh,Indore,01-08-2021,2021,August,32531,1076,49433.53,River Rafting,1.47,160,6983.84,Sports Event,Rainy,Bus,7797.72,Yes,9.7,65.21,4.3,Yes,Poor
Madhya Pradesh,Indore,01-09-2021,2021,September,40594,4428,57123.38,Desert Safari,1.27,222,6159.21,Music Festival,Rainy,Car,3897.24,No,4.9,74.1,3.7,Yes,Average
Madhya Pradesh,Indore,01-10-2021,2021,October,29135,4755,53865.5,River Rafting,1.59,410,8025.65,Food Festival,Humid,Car,2782.42,No,7.3,60.87,3.4,No,Average
Madhya Pradesh,Indore,01-11-2021,2021,November,13204,4324,38701.28,Temple,2.21,70,8538.26,Festival,Sunny,Boat,6687.1,Yes,2.4,78.83,3.4,No,Good
Madhya Pradesh,Indore,01-12-2021,2021,December,38940,790,57491.26,Cultural Festival,1.45,156,4266.38,Food Festival,Sunny,Flight,1991.04,Yes,5.2,67.74,4.4,Yes,Average
Madhya Pradesh,Indore,01-01-2022,2022,January,34816,4477,64987.26,Desert Safari,1.65,449,3479.01,Music Festival,Snowy,Flight,1499.26,No,13.4,78.84,3.3,No,Good
Madhya Pradesh,Indore,01-02-2022,2022,February,17443,728,21312.65,Wildlife Sanctuary,1.17,216,7382.85,Food Festival,Humid,Bike,3620.28,Yes,13.3,61.7,3.7,No,Average
Madhya Pradesh,Indore,01-03-2022,2022,March,8118,2093,16175.55,Desert Safari,1.58,292,5640.09,Food Festival,Humid,Bus,3813.77,No,2.6,90.42,3.5,Yes,Poor
Madhya Pradesh,Indore,01-04-2022,2022,April,12539,679,20697.1,Hill Station,1.57,458,6012.16,Crafts Mela,Cold,Train,5164.82,No,11.7,71.65,3.5,No,Average
Madhya Pradesh,Indore,01-05-2022,2022,May,49126,1042,54705.83,Backwaters,1.09,200,9110.6,Crafts Mela,Cold,Bus,1150.51,No,7.8,57.3,3.3,Yes,Poor
Madhya Pradesh,Indore,01-06-2022,2022,June,27667,2796,38760.79,Hill Station,1.27,437,3097.1,Crafts Mela,Humid,Bike,7597.29,No,2.7,75.4,4.8,Yes,Good
Madhya Pradesh,Indore,01-07-2022,2022,July,33196,4230,46897.06,Museum,1.25,379,2719.68,Music Festival,Snowy,Bus,5627.07,No,6.6,82.58,3.4,Yes,Poor
Madhya Pradesh,Indore,01-08-2022,2022,August,45295,4066,45190.98,Temple,0.92,225,2187.49,Food Festival,Sunny,Train,3465.12,No,6,56.69,4.2,No,Good
Madhya Pradesh,Indore,01-09-2022,2022,September,23938,2207,32163.55,Backwaters,1.23,477,4285.6,Religious Event,Humid,Train,2511.06,No,5.6,61.8,3,Yes,Poor
Madhya Pradesh,Indore,01-10-2022,2022,October,48352,2148,55730.13,Hill Station,1.1,100,5481.68,Sports Event,Cold,Train,7609.83,No,12.7,91.83,4.1,Yes,Poor
Madhya Pradesh,Indore,01-11-2022,2022,November,41408,3743,30476.32,Fort,0.67,457,6832.81,Art Fair,Snowy,Flight,6690.22,No,14.2,81.32,3.4,No,Average
Madhya Pradesh,Indore,01-12-2022,2022,December,39617,1465,52571.66,Beach,1.28,271,6420.57,Dance Festival,Rainy,Bus,1309.1,No,7.3,53.14,3.3,Yes,Average
Madhya Pradesh,Indore,01-01-2023,2023,January,22896,1019,30586.1,River Rafting,1.28,381,8243.78,Art Fair,Snowy,Bike,5853.28,Yes,6.1,53.48,3.8,Yes,Poor
Madhya Pradesh,Indore,01-02-2023,2023,February,30321,3722,33131.32,Beach,0.97,367,2620.66,Festival,Cold,Car,525.48,Yes,2.5,57.15,3.4,Yes,Good
Madhya Pradesh,Indore,01-03-2023,2023,March,17189,4432,32031.16,Cultural Festival,1.48,174,9386.04,Food Festival,Rainy,Train,7352.55,No,14.1,82.59,4.7,Yes,Good
Madhya Pradesh,Indore,01-04-2023,2023,April,16728,2779,22625.16,Cultural Festival,1.16,495,7922.14,Music Festival,Cold,Flight,7051.64,Yes,4.1,86.28,4.9,No,Average
Madhya Pradesh,Indore,01-05-2023,2023,May,48552,4034,70655.97,Museum,1.34,137,2201.34,Festival,Cold,Boat,2328.78,No,11.8,82.19,4.5,Yes,Poor
Madhya Pradesh,Indore,01-06-2023,2023,June,45607,3716,58187.25,Desert Safari,1.18,258,2776.89,Food Festival,Snowy,Boat,2363.56,No,12.3,86.81,3,Yes,Poor
Madhya Pradesh,Indore,01-07-2023,2023,July,44235,4982,69569.27,Backwaters,1.41,400,6493.67,Dance Festival,Snowy,Bike,585.97,Yes,3.8,73.29,3.7,No,Average
Madhya Pradesh,Indore,01-08-2023,2023,August,38295,2733,70853.92,River Rafting,1.73,438,8875.48,Art Fair,Snowy,Boat,4153.18,Yes,13.5,60.75,3,No,Poor
Madhya Pradesh,Indore,01-09-2023,2023,September,46163,2543,69398.67,Wildlife Sanctuary,1.42,156,6212.11,Crafts Mela,Cold,Car,980.68,Yes,4.9,63.94,4.5,Yes,Good
Madhya Pradesh,Indore,01-10-2023,2023,October,28809,1532,21815.35,Museum,0.72,306,7096.4,Music Festival,Snowy,Train,1622.88,Yes,11.9,52.54,4.4,Yes,Good
Madhya Pradesh,Indore,01-11-2023,2023,November,26835,1293,29113.18,Museum,1.04,274,2290.71,Dance Festival,Sunny,Boat,6178.26,No,10,56.09,4.6,No,Average
Madhya Pradesh,Indore,01-12-2023,2023,December,33304,4163,64752.3,Museum,1.73,74,6075.79,Festival,Sunny,Car,2425.74,No,2.7,87.08,4.7,Yes,Good
Bihar,Patna,01-01-2019,2019,January,36150,2562,56326.31,Beach,1.46,300,5595.57,Food Festival,Humid,Flight,7424.01,Yes,11,82.88,4,No,Good
Bihar,Patna,01-02-2019,2019,February,7682,806,8077.52,Museum,0.95,477,7416.4,Religious Event,Sunny,Train,5459.49,No,7.8,81.2,4.4,No,Good
Bihar,Patna,01-03-2019,2019,March,12936,1974,16238.92,Temple,1.09,104,8012.38,Food Festival,Sunny,Bus,3137.24,No,6.1,54.32,3.5,No,Good
Bihar,Patna,01-04-2019,2019,April,47705,549,61958.61,River Rafting,1.28,341,7978.25,Food Festival,Snowy,Boat,2986.56,No,8.7,91.65,4,Yes,Average
Bihar,Patna,01-05-2019,2019,May,14384,3907,26628.28,Desert Safari,1.46,147,8890.22,Crafts Mela,Snowy,Bus,7273.69,Yes,8.8,94.8,3.2,No,Good
Bihar,Patna,01-06-2019,2019,June,25730,1076,26023.34,Temple,0.97,270,8565.36,Dance Festival,Cloudy,Train,6381.28,Yes,7.6,55.9,4.5,Yes,Good
Bihar,Patna,01-07-2019,2019,July,44315,3916,45770.61,Desert Safari,0.95,153,7700.48,Art Fair,Humid,Bike,7613.06,Yes,12.4,56.7,4.7,No,Average
Bihar,Patna,01-08-2019,2019,August,28263,502,41904.77,Wildlife Sanctuary,1.46,221,4433.99,Sports Event,Snowy,Flight,6432.29,No,3.6,74.69,3.3,Yes,Good
Bihar,Patna,01-09-2019,2019,September,28367,2935,47956.81,Temple,1.53,107,8272.84,Art Fair,Cloudy,Bus,4041.29,No,7.6,75.71,4.7,No,Poor
Bihar,Patna,01-10-2019,2019,October,8827,4024,19580.23,Fort,1.52,102,3288.28,Dance Festival,Sunny,Bus,7016.28,No,2.2,50.37,3.5,No,Poor
Bihar,Patna,01-11-2019,2019,November,21993,2430,37439.91,Temple,1.53,277,5640.18,Music Festival,Sunny,Train,7470.9,No,2.2,58.23,4.8,Yes,Average
Bihar,Patna,01-12-2019,2019,December,6420,3908,14880.1,River Rafting,1.44,341,1589.75,Food Festival,Snowy,Car,3372.46,Yes,12.6,90.02,4.2,No,Poor
Bihar,Patna,01-01-2020,2020,January,35657,1216,22887.71,Cultural Festival,0.62,380,6134.71,Music Festival,Cold,Train,1511.1,No,5.4,59.47,3.5,Yes,Good
Bihar,Patna,01-02-2020,2020,February,12231,3345,20645.47,Backwaters,1.33,90,7493.44,Dance Festival,Rainy,Bike,4675.16,No,7.8,82.09,3.5,Yes,Poor
Bihar,Patna,01-03-2020,2020,March,36137,925,29089.09,Temple,0.78,51,9427.7,Crafts Mela,Cloudy,Boat,770.59,No,3.2,70.73,3.7,Yes,Poor
Bihar,Patna,01-04-2020,2020,April,41252,580,64614.59,Desert Safari,1.54,363,9501.7,Festival,Cold,Flight,4676.18,No,3.7,62.51,4,No,Average
Bihar,Patna,01-05-2020,2020,May,14759,2048,20031.24,Cultural Festival,1.19,327,3310.44,Festival,Sunny,Boat,727.18,Yes,3.7,92.24,3.8,Yes,Poor
Bihar,Patna,01-06-2020,2020,June,34414,3875,57233.79,Museum,1.49,143,4351.13,Crafts Mela,Humid,Bus,1944.33,No,9.4,59.63,3.7,No,Good
Bihar,Patna,01-07-2020,2020,July,49246,522,56058.99,Backwaters,1.13,126,3242.68,Dance Festival,Humid,Train,6950.63,No,5.1,76.22,4.9,No,Good
Bihar,Patna,01-08-2020,2020,August,14025,4253,22098,Beach,1.21,58,2403.8,Music Festival,Cloudy,Boat,7673.34,Yes,10.4,85.55,4.7,No,Average
Bihar,Patna,01-09-2020,2020,September,14315,4085,22811,Temple,1.24,292,6417.67,Art Fair,Rainy,Boat,4581.13,No,12.1,78.34,4.4,No,Average
Bihar,Patna,01-10-2020,2020,October,29194,4348,60309.12,Backwaters,1.8,407,7862.69,Sports Event,Sunny,Bike,5243.75,No,11.1,54.17,3.5,Yes,Average
Bihar,Patna,01-11-2020,2020,November,15847,2611,27664.16,River Rafting,1.5,157,3335.99,Art Fair,Sunny,Boat,7168.78,No,4.8,75.36,3.3,Yes,Good
Bihar,Patna,01-12-2020,2020,December,36931,855,38754.28,River Rafting,1.03,117,7976.11,Religious Event,Humid,Boat,1146.39,No,5.8,64.77,4.7,No,Good
Bihar,Patna,01-01-2021,2021,January,30929,4087,32505.19,Desert Safari,0.93,69,5139.76,Religious Event,Sunny,Bus,3262.61,No,3.1,65.69,4.4,No,Average
Bihar,Patna,01-02-2021,2021,February,44772,1163,67856.18,Beach,1.48,404,4433.17,Religious Event,Cold,Boat,6153.97,No,10.2,59.55,4.5,No,Good
Bihar,Patna,01-03-2021,2021,March,14705,3409,18864.62,Backwaters,1.04,480,7490.14,Sports Event,Rainy,Train,2635.09,Yes,5.2,71.18,5,Yes,Good
Bihar,Patna,01-04-2021,2021,April,47289,998,29846.13,Cultural Festival,0.62,282,3527.55,Sports Event,Humid,Car,4666,No,12.4,70.64,4.9,No,Average
Bihar,Patna,01-05-2021,2021,May,41268,2385,33227.37,Backwaters,0.76,103,2884.08,Crafts Mela,Snowy,Bus,4557.27,No,2.9,55.98,4.5,No,Poor
Bihar,Patna,01-06-2021,2021,June,43496,4273,71505.5,Hill Station,1.5,117,9656.32,Sports Event,Rainy,Bike,5082.98,No,13.9,63.75,4.3,No,Good
Bihar,Patna,01-07-2021,2021,July,48948,825,56129.48,Wildlife Sanctuary,1.13,331,8524.66,Dance Festival,Sunny,Bike,2504.53,Yes,7.3,57.79,4.4,Yes,Poor
Bihar,Patna,01-08-2021,2021,August,22584,2394,31094.26,Backwaters,1.24,367,7407.7,Festival,Cold,Bike,3782.82,Yes,7.9,86.79,3.4,Yes,Good
Bihar,Patna,01-09-2021,2021,September,31828,4271,51384.19,Beach,1.42,321,8816.63,Crafts Mela,Cold,Flight,3087.07,No,9.8,79.44,4.6,Yes,Poor
Bihar,Patna,01-10-2021,2021,October,6539,4820,16701.53,Fort,1.47,460,6062.69,Crafts Mela,Snowy,Bike,7505.7,Yes,7.1,85.86,4.4,No,Average
Bihar,Patna,01-11-2021,2021,November,23149,4528,37643.43,Backwaters,1.36,188,7308.1,Dance Festival,Sunny,Car,4365.44,Yes,3.5,75.58,4.4,Yes,Average
Bihar,Patna,01-12-2021,2021,December,34377,4689,42823.15,Hill Station,1.1,78,3427.98,Religious Event,Cold,Flight,1022.25,Yes,12.2,60.01,3,No,Average
Bihar,Patna,01-01-2022,2022,January,7321,3545,27475.23,Hill Station,2.53,50,3748.6,Art Fair,Cold,Bike,6418.78,Yes,14.8,86.43,4,No,Average
Bihar,Patna,01-02-2022,2022,February,15652,1535,28051.79,Backwaters,1.63,315,4166.4,Music Festival,Cloudy,Bus,3217.25,Yes,3.8,83.02,4.4,Yes,Good
Bihar,Patna,01-03-2022,2022,March,43689,4663,78285.24,Cultural Festival,1.62,162,6742.51,Dance Festival,Snowy,Boat,1797.94,Yes,7.8,55.71,4.7,No,Good
Bihar,Patna,01-04-2022,2022,April,45327,4942,81808.29,Desert Safari,1.63,431,1773.6,Crafts Mela,Snowy,Flight,1939.6,Yes,8.6,73.42,4.8,Yes,Average
Bihar,Patna,01-05-2022,2022,May,34790,1173,32446.46,Fort,0.9,296,8360.66,Crafts Mela,Sunny,Bus,5077.23,No,5.4,86.95,3.3,Yes,Average
Bihar,Patna,01-06-2022,2022,June,24077,4262,44373.26,River Rafting,1.57,392,6947.97,Art Fair,Cloudy,Flight,1745.9,No,11.9,89.45,3.8,No,Good
Bihar,Patna,01-07-2022,2022,July,7928,903,14868.01,Cultural Festival,1.68,431,3175.63,Food Festival,Snowy,Car,5528.2,No,12.9,93.07,3.4,Yes,Good
Bihar,Patna,01-08-2022,2022,August,44665,4159,51077.56,Desert Safari,1.05,304,6254.17,Food Festival,Humid,Bike,6216.08,No,7,67.85,3.6,Yes,Average
Bihar,Patna,01-09-2022,2022,September,43342,3245,31836.51,Beach,0.68,450,4480.69,Dance Festival,Sunny,Bike,7516.13,Yes,13.6,68.93,3.4,Yes,Average
Bihar,Patna,01-10-2022,2022,October,24479,4111,46474.4,Cultural Festival,1.63,302,7996.55,Dance Festival,Cloudy,Bus,2062.2,No,12.1,71.48,4,No,Poor
Bihar,Patna,01-11-2022,2022,November,6469,1100,6579.65,Wildlife Sanctuary,0.87,319,5005.36,Religious Event,Snowy,Bus,3988.15,Yes,5.4,60.28,4.2,No,Average
Bihar,Patna,01-12-2022,2022,December,41600,4434,50497.62,Beach,1.1,171,8913.5,Sports Event,Cold,Bike,2532.01,No,11.8,79.28,3.3,Yes,Poor
Bihar,Patna,01-01-2023,2023,January,48327,2108,43313.21,Hill Station,0.86,449,6254.9,Sports Event,Snowy,Car,1893.05,No,13.6,89.88,4.9,Yes,Good
Bihar,Patna,01-02-2023,2023,February,40031,4815,40618.24,Backwaters,0.91,380,2440.33,Sports Event,Humid,Bike,5361.73,Yes,13.5,79.61,3.9,Yes,Average
Bihar,Patna,01-03-2023,2023,March,42821,3837,54107.98,Cultural Festival,1.16,364,5425.25,Music Festival,Rainy,Bike,2409.76,Yes,8.9,81.7,4.8,Yes,Average
Bihar,Patna,01-04-2023,2023,April,44850,3108,37672.5,Museum,0.79,436,6781.19,Food Festival,Snowy,Flight,1106.51,No,8.7,87.13,4.8,No,Average
Bihar,Patna,01-05-2023,2023,May,27420,4722,57888.48,River Rafting,1.8,385,6352.49,Festival,Snowy,Bus,2247.09,No,12.9,60.61,3.4,Yes,Good
Bihar,Patna,01-06-2023,2023,June,13425,3109,31634.49,Backwaters,1.91,391,6090.53,Music Festival,Snowy,Bus,4092.23,Yes,4.1,64.85,4.8,Yes,Good
Bihar,Patna,01-07-2023,2023,July,17843,2508,32669.12,River Rafting,1.61,193,3338.04,Sports Event,Snowy,Bike,1330.28,Yes,6.3,55.8,3.9,No,Good
Bihar,Patna,01-08-2023,2023,August,47088,3019,72545.25,Cultural Festival,1.45,414,9897.22,Dance Festival,Humid,Train,2667.68,No,11.7,87.99,4.8,Yes,Good
Bihar,Patna,01-09-2023,2023,September,34313,528,36116.34,Desert Safari,1.04,231,4354.5,Festival,Cloudy,Bus,2324.61,Yes,2.2,88.13,3.3,Yes,Good
Bihar,Patna,01-10-2023,2023,October,40303,3406,43778.07,Museum,1,417,7581.09,Art Fair,Cold,Bus,2556.84,No,5,64.25,4.3,Yes,Poor
Bihar,Patna,01-11-2023,2023,November,27458,2066,45232.24,River Rafting,1.53,494,9755.18,Festival,Cloudy,Bus,3641.91,No,13.2,88.92,3.7,Yes,Good
Bihar,Patna,01-12-2023,2023,December,26245,933,24800.39,Museum,0.91,357,3159.15,Crafts Mela,Cloudy,Boat,5714.72,No,6.7,70.98,4.9,No,Average
Bihar,Gaya,01-01-2019,2019,January,12048,503,9406.47,Wildlife Sanctuary,0.75,244,3635.88,Religious Event,Rainy,Car,3585.52,Yes,9,66.09,4.7,No,Good
Bihar,Gaya,01-02-2019,2019,February,6491,4948,27555.87,Backwaters,2.41,157,1653.74,Festival,Rainy,Flight,4648.81,No,11.8,86.53,4.8,Yes,Poor
Bihar,Gaya,01-03-2019,2019,March,21943,1118,17359.87,Museum,0.75,447,5545.31,Festival,Snowy,Flight,7717.91,No,3,68.1,4.8,No,Average
Bihar,Gaya,01-04-2019,2019,April,23731,806,36149.56,Beach,1.47,248,3900.28,Festival,Rainy,Car,3184.98,Yes,4.6,66.41,4.4,Yes,Poor
Bihar,Gaya,01-05-2019,2019,May,46921,1107,64924.1,Desert Safari,1.35,119,6974.84,Art Fair,Cold,Flight,7546.68,No,7.2,58.49,4.9,Yes,Average
Bihar,Gaya,01-06-2019,2019,June,46535,4140,77861.13,Backwaters,1.54,426,8980.15,Crafts Mela,Humid,Bike,903.22,No,3.3,76.14,3.4,Yes,Poor
Bihar,Gaya,01-07-2019,2019,July,33840,4915,58658.46,Temple,1.51,266,4736.67,Religious Event,Rainy,Bike,3159.03,Yes,12.7,62.14,4.4,Yes,Poor
Bihar,Gaya,01-08-2019,2019,August,25895,2677,28912.79,Desert Safari,1.01,311,7910,Festival,Sunny,Bus,7059.49,No,12.1,73.56,3.1,No,Poor
Bihar,Gaya,01-09-2019,2019,September,20845,3785,32667.24,Beach,1.33,267,1766.03,Festival,Snowy,Bike,5584.83,No,11,79.39,3.2,Yes,Good
Bihar,Gaya,01-10-2019,2019,October,15969,2931,25871.15,Hill Station,1.37,156,9636.63,Food Festival,Snowy,Bus,3521.79,No,7.1,72.96,3.4,No,Average
Bihar,Gaya,01-11-2019,2019,November,45537,566,60598.52,Temple,1.31,287,6839.91,Crafts Mela,Snowy,Train,668.18,Yes,10.6,82.2,3.1,Yes,Poor
Bihar,Gaya,01-12-2019,2019,December,34646,559,40206.12,River Rafting,1.14,111,2678.54,Festival,Humid,Boat,2822.29,Yes,2.8,72.89,3.3,No,Poor
Bihar,Gaya,01-01-2020,2020,January,9767,2773,16726.61,Fort,1.33,336,4101.45,Art Fair,Sunny,Train,997.57,Yes,13.4,75.54,4,No,Average
Bihar,Gaya,01-02-2020,2020,February,49105,4394,58704.01,Temple,1.1,98,3882.29,Crafts Mela,Sunny,Flight,2222.31,Yes,10.6,68.73,3.7,Yes,Poor
Bihar,Gaya,01-03-2020,2020,March,40506,3798,72067.11,Fort,1.63,500,9371.73,Religious Event,Cloudy,Flight,3012.64,Yes,8.4,78.94,5,Yes,Good
Bihar,Gaya,01-04-2020,2020,April,17925,4556,31994.24,Fort,1.42,309,6744.95,Art Fair,Rainy,Car,660.42,No,5,62.74,3.7,Yes,Average
Bihar,Gaya,01-05-2020,2020,May,9819,3182,21642.39,River Rafting,1.66,458,8465.66,Dance Festival,Cold,Train,6463.29,Yes,9.9,82.26,4.7,Yes,Poor
Bihar,Gaya,01-06-2020,2020,June,28773,4004,41111.51,Backwaters,1.25,330,7112.62,Food Festival,Sunny,Bus,6583.48,Yes,9.8,64.25,3.8,Yes,Poor
Bihar,Gaya,01-07-2020,2020,July,40646,2680,64331.5,River Rafting,1.48,469,2541.91,Festival,Cold,Boat,958.03,No,7.8,71.59,3.2,Yes,Average
Bihar,Gaya,01-08-2020,2020,August,41189,4244,48325.47,Hill Station,1.06,449,9152.37,Food Festival,Snowy,Train,2770.96,No,15,64.76,4.7,No,Poor
Bihar,Gaya,01-09-2020,2020,September,28317,2764,25981.72,Temple,0.84,250,7196.7,Dance Festival,Cold,Car,4648.88,No,12.4,50.72,3.3,No,Good
Bihar,Gaya,01-10-2020,2020,October,23380,4330,34275.22,Temple,1.24,321,7734.22,Religious Event,Humid,Car,2870.87,Yes,6,58.63,4.8,Yes,Good
Bihar,Gaya,01-11-2020,2020,November,46131,2086,73398.53,Backwaters,1.52,297,1776.5,Festival,Snowy,Car,4187.02,No,4.1,88.99,5,No,Good
Bihar,Gaya,01-12-2020,2020,December,26591,3245,28051.54,Wildlife Sanctuary,0.94,454,3540.88,Art Fair,Cold,Bike,2275.49,Yes,10.4,54.77,3.6,Yes,Average
Bihar,Gaya,01-01-2021,2021,January,15678,4110,33986.96,Hill Station,1.72,338,7872.11,Religious Event,Sunny,Car,7322.53,No,8.6,82.71,4.4,Yes,Poor
Bihar,Gaya,01-02-2021,2021,February,44750,1490,46952.72,Fort,1.02,172,6278.99,Art Fair,Cloudy,Car,1414.18,No,8.1,79.98,3.7,No,Good
Bihar,Gaya,01-03-2021,2021,March,17660,2444,25429.75,Hill Station,1.26,400,7932.52,Dance Festival,Cold,Boat,2123.64,No,3.8,93.48,3.8,No,Good
Bihar,Gaya,01-04-2021,2021,April,20524,4409,30644.65,Cultural Festival,1.23,366,7655.96,Religious Event,Cloudy,Car,5184.56,No,10.5,52.83,3.4,Yes,Average
Bihar,Gaya,01-05-2021,2021,May,17921,1167,15956.24,Cultural Festival,0.84,124,6152.15,Music Festival,Rainy,Bus,799.55,No,14.9,94.17,4.4,Yes,Poor
Bihar,Gaya,01-06-2021,2021,June,25289,1562,40413.39,Backwaters,1.51,389,2397.46,Food Festival,Cold,Bike,540.3,Yes,3.6,81.58,3.6,Yes,Average
Bihar,Gaya,01-07-2021,2021,July,14865,3152,27081.06,Backwaters,1.5,359,9117.43,Art Fair,Rainy,Train,1404.79,Yes,9.1,88.74,3.5,Yes,Poor
Bihar,Gaya,01-08-2021,2021,August,22235,2780,37644.01,Temple,1.5,499,9534.54,Festival,Snowy,Bike,7719.95,Yes,2.9,83.23,4.5,Yes,Average
Bihar,Gaya,01-09-2021,2021,September,12702,2872,27273.6,Wildlife Sanctuary,1.75,294,6833.49,Crafts Mela,Sunny,Train,5547.29,Yes,11.1,86.39,3.2,Yes,Good
Bihar,Gaya,01-10-2021,2021,October,39902,2925,46369.52,Backwaters,1.08,136,4464.01,Religious Event,Snowy,Boat,6045.1,No,13,90.36,3.2,No,Average
Bihar,Gaya,01-11-2021,2021,November,13687,1751,20651.13,Beach,1.34,101,2312.72,Religious Event,Cloudy,Train,6706.17,Yes,6.3,79.56,3.6,No,Poor
Bihar,Gaya,01-12-2021,2021,December,6339,3644,24582.97,Desert Safari,2.46,456,7183.85,Sports Event,Snowy,Car,1517.16,Yes,12.9,50.99,3.6,No,Average
Bihar,Gaya,01-01-2022,2022,January,12267,2500,26058.16,Backwaters,1.76,290,6571.79,Crafts Mela,Cloudy,Bus,5379.27,Yes,4.8,76.24,3.7,No,Average
Bihar,Gaya,01-02-2022,2022,February,27807,710,32317.46,Museum,1.13,161,8345.24,Sports Event,Rainy,Train,1720.1,No,10.6,86.45,4.6,No,Average
Bihar,Gaya,01-03-2022,2022,March,13167,4758,22075.01,Hill Station,1.23,392,5898.87,Crafts Mela,Sunny,Bike,1979.21,Yes,7.1,70.59,4.1,No,Average
Bihar,Gaya,01-04-2022,2022,April,26206,4900,41881.13,Museum,1.35,140,2907.97,Food Festival,Humid,Train,5643.51,No,11.5,57.22,3.4,No,Good
Bihar,Gaya,01-05-2022,2022,May,21283,1790,31626.08,Desert Safari,1.37,454,3013.34,Festival,Snowy,Bike,3495.24,No,5.8,61.5,3.7,Yes,Average
Bihar,Gaya,01-06-2022,2022,June,22087,1245,15690.86,Wildlife Sanctuary,0.67,149,5615.64,Religious Event,Snowy,Flight,7021.34,No,2,85.93,3.6,Yes,Good
Bihar,Gaya,01-07-2022,2022,July,42381,3164,33929.61,Wildlife Sanctuary,0.74,245,2221.97,Dance Festival,Snowy,Flight,5963.77,Yes,8.1,58.2,3.8,No,Poor
Bihar,Gaya,01-08-2022,2022,August,15174,1148,21008.15,River Rafting,1.29,80,7281.23,Festival,Snowy,Car,2186.71,No,7.4,89.26,3.2,Yes,Poor
Bihar,Gaya,01-09-2022,2022,September,6364,2274,13478.76,River Rafting,1.56,209,7934.23,Art Fair,Sunny,Train,1100.22,Yes,10.9,51.53,3.2,Yes,Good
Bihar,Gaya,01-10-2022,2022,October,11366,999,12209.95,Fort,0.99,481,9549,Crafts Mela,Rainy,Boat,1882.4,No,9.3,53.64,4.9,Yes,Poor
Bihar,Gaya,01-11-2022,2022,November,20601,893,31600.66,Desert Safari,1.47,228,6957.8,Dance Festival,Humid,Boat,2452.81,No,3.6,69.89,4.5,Yes,Good
Bihar,Gaya,01-12-2022,2022,December,45858,4822,85963.8,Wildlife Sanctuary,1.7,56,5805.33,Religious Event,Humid,Train,2455.25,Yes,6,69.75,4.6,Yes,Good
Bihar,Gaya,01-01-2023,2023,January,12831,4945,34277.87,Desert Safari,1.93,481,3526.21,Religious Event,Sunny,Train,2240.29,Yes,6.3,52.82,3.5,Yes,Good
Bihar,Gaya,01-02-2023,2023,February,44226,3586,65567.78,Temple,1.37,405,7792.36,Dance Festival,Humid,Bus,5949,No,9.1,63.68,4.6,Yes,Average
Bihar,Gaya,01-03-2023,2023,March,34292,876,39850.66,Fort,1.13,457,1685.95,Festival,Snowy,Bus,790.84,Yes,4.2,87.57,4.8,Yes,Average
Bihar,Gaya,01-04-2023,2023,April,16182,3416,31220.98,Museum,1.59,476,7727.33,Crafts Mela,Cloudy,Train,5419.87,No,8.1,94.54,4.4,No,Average
Bihar,Gaya,01-05-2023,2023,May,23499,4416,44854.07,River Rafting,1.61,365,8127.97,Crafts Mela,Snowy,Bus,3369.16,No,12.3,57.79,3.7,No,Average
Bihar,Gaya,01-06-2023,2023,June,40813,1115,52116.2,Hill Station,1.24,344,8870.08,Music Festival,Sunny,Boat,3703.68,No,5.4,61.48,4.6,No,Average
Bihar,Gaya,01-07-2023,2023,July,14645,3578,28468.45,Beach,1.56,187,5497.23,Music Festival,Cold,Bus,1534,Yes,4.5,93,4.5,Yes,Average
Bihar,Gaya,01-08-2023,2023,August,22580,1072,31212.6,Fort,1.32,493,6263.23,Crafts Mela,Rainy,Bus,7961.89,No,12.9,90.63,3.8,No,Poor
Bihar,Gaya,01-09-2023,2023,September,44236,2755,66278.4,Desert Safari,1.41,209,7450.45,Dance Festival,Rainy,Train,914.1,Yes,3.5,56.35,4.3,Yes,Poor
Bihar,Gaya,01-10-2023,2023,October,36553,1555,36405.15,Fort,0.96,197,8795.89,Sports Event,Cloudy,Bus,5822.45,No,3.6,52.64,3.2,No,Poor
Bihar,Gaya,01-11-2023,2023,November,23108,2490,45302.09,River Rafting,1.77,329,9013.31,Food Festival,Rainy,Train,513.94,Yes,6.9,94.95,3.2,Yes,Good
Bihar,Gaya,01-12-2023,2023,December,39081,4318,32674.21,Beach,0.75,60,1840.12,Religious Event,Cold,Bike,2957.72,No,13,82.32,4.3,No,Poor
Assam,Guwahati,01-01-2019,2019,January,21497,4133,20685.99,Wildlife Sanctuary,0.81,74,4727.18,Food Festival,Snowy,Boat,3674.29,No,2.4,71.73,4.8,Yes,Average
Assam,Guwahati,01-02-2019,2019,February,20531,2283,20458.41,Wildlife Sanctuary,0.9,159,9369.22,Food Festival,Sunny,Boat,5583.5,Yes,14,58.96,4.7,No,Poor
Assam,Guwahati,01-03-2019,2019,March,12323,1418,21655.91,Cultural Festival,1.58,271,5344.99,Food Festival,Rainy,Train,2198.3,No,7.3,56.14,3.1,No,Good
Assam,Guwahati,01-04-2019,2019,April,24164,965,19334.76,Beach,0.77,154,1795.36,Art Fair,Cold,Bike,4654.29,Yes,14.3,87.13,3.2,No,Average
Assam,Guwahati,01-05-2019,2019,May,40129,3541,73322.97,Hill Station,1.68,290,3631.28,Religious Event,Rainy,Car,4064.65,Yes,14.2,69.73,3.8,No,Good
Assam,Guwahati,01-06-2019,2019,June,48753,1569,65740.82,Hill Station,1.31,385,3281.79,Art Fair,Rainy,Flight,3187.91,Yes,13.8,85.16,4.6,No,Average
Assam,Guwahati,01-07-2019,2019,July,34282,2424,33985.8,Fort,0.93,257,7455.82,Crafts Mela,Humid,Flight,4824.75,No,9.9,85.32,3.8,No,Poor
Assam,Guwahati,01-08-2019,2019,August,33702,3095,50219.63,Cultural Festival,1.36,50,2056.49,Sports Event,Cloudy,Flight,6132.36,Yes,10.6,92.55,3.5,No,Good
Assam,Guwahati,01-09-2019,2019,September,25720,4388,47568.15,Museum,1.58,142,4456.02,Sports Event,Rainy,Boat,7961.06,Yes,12.8,58.42,4.8,Yes,Good
Assam,Guwahati,01-10-2019,2019,October,24429,3791,29506.28,Temple,1.05,491,5762.39,Crafts Mela,Snowy,Boat,997.96,No,2.1,82.81,4.5,No,Poor
Assam,Guwahati,01-11-2019,2019,November,12962,4662,23338.05,Fort,1.32,472,4602.6,Religious Event,Humid,Bike,7829.3,Yes,4.7,58.01,3.4,Yes,Good
Assam,Guwahati,01-12-2019,2019,December,6974,2535,13003.02,Temple,1.37,395,5149.15,Sports Event,Snowy,Car,6028.31,No,10.6,64.41,3.4,No,Good
Assam,Guwahati,01-01-2020,2020,January,29708,3970,45949.05,Hill Station,1.36,425,3843.5,Music Festival,Rainy,Train,6663.31,Yes,12.7,82.26,4.7,Yes,Average
Assam,Guwahati,01-02-2020,2020,February,33702,4145,31148.82,Cultural Festival,0.82,441,7501.7,Art Fair,Humid,Car,6504.27,Yes,6,77.86,4.1,No,Average
Assam,Guwahati,01-03-2020,2020,March,25301,2354,34352.28,Hill Station,1.24,435,2093.74,Crafts Mela,Humid,Flight,2993.49,No,9.7,91.19,3.8,No,Good
Assam,Guwahati,01-04-2020,2020,April,48994,1961,62124.16,Wildlife Sanctuary,1.22,146,3785.94,Art Fair,Humid,Train,4739.23,Yes,5,89.9,3.3,Yes,Good
Assam,Guwahati,01-05-2020,2020,May,37334,2596,55938.94,River Rafting,1.4,258,3737.7,Dance Festival,Cloudy,Bus,3440.75,No,15,52.17,4.6,No,Good
Assam,Guwahati,01-06-2020,2020,June,27958,2711,32522.94,Cultural Festival,1.06,254,8444.71,Art Fair,Humid,Train,7934.01,Yes,4.3,72.36,4.5,Yes,Good
Assam,Guwahati,01-07-2020,2020,July,37411,4846,58530.65,Cultural Festival,1.39,225,8687.39,Festival,Sunny,Boat,2819.3,No,12.6,78.55,3.7,No,Poor
Assam,Guwahati,01-08-2020,2020,August,49246,4902,96566.32,Museum,1.78,340,8455.99,Music Festival,Cold,Flight,2693.69,Yes,13.9,66.19,4.4,No,Average
Assam,Guwahati,01-09-2020,2020,September,41977,2800,64024.66,Backwaters,1.43,492,8386.02,Sports Event,Cloudy,Flight,4740.38,Yes,8,58.07,4.4,Yes,Average
Assam,Guwahati,01-10-2020,2020,October,10072,1741,11819.37,Desert Safari,1,372,3867.17,Festival,Humid,Bike,5232.07,Yes,11.2,88.74,3.2,Yes,Good
Assam,Guwahati,01-11-2020,2020,November,42792,4591,70186.2,Wildlife Sanctuary,1.48,496,9647.68,Crafts Mela,Rainy,Bike,3236.29,Yes,7.9,57.99,3.2,Yes,Good
Assam,Guwahati,01-12-2020,2020,December,49247,3563,78328.92,Desert Safari,1.48,76,8899.63,Religious Event,Snowy,Train,6248.99,No,4.9,54.75,4.3,Yes,Good
Assam,Guwahati,01-01-2021,2021,January,21847,2280,41634.08,Hill Station,1.73,266,6191.78,Festival,Cloudy,Flight,1351.05,No,13,68.9,4,No,Poor
Assam,Guwahati,01-02-2021,2021,February,41031,3846,48492.58,Desert Safari,1.08,214,2172.67,Art Fair,Cloudy,Flight,2384.32,No,3.1,80.98,3.4,Yes,Good
Assam,Guwahati,01-03-2021,2021,March,20196,4666,39005.9,Cultural Festival,1.57,471,3015.65,Festival,Sunny,Flight,879.57,No,12.4,56.45,3.2,No,Poor
Assam,Guwahati,01-04-2021,2021,April,48380,4522,61540.9,Museum,1.16,255,5899.37,Art Fair,Snowy,Flight,5483.94,No,4.9,90.99,4.6,No,Poor
Assam,Guwahati,01-05-2021,2021,May,15549,3912,20654.1,Backwaters,1.06,124,4351,Crafts Mela,Sunny,Car,1741.52,Yes,12.3,90.42,3.7,No,Good
Assam,Guwahati,01-06-2021,2021,June,43663,1725,58863.71,River Rafting,1.3,160,2096.88,Music Festival,Rainy,Car,6669.95,Yes,2.8,53.47,4.6,No,Good
Assam,Guwahati,01-07-2021,2021,July,10882,4877,19062.92,Desert Safari,1.21,252,8668.81,Festival,Humid,Flight,4308.84,Yes,9.6,70.61,3.7,No,Average
Assam,Guwahati,01-08-2021,2021,August,36017,891,41352.51,Temple,1.12,466,8281.42,Food Festival,Sunny,Car,2778.03,Yes,5.3,50.25,4.5,No,Average
Assam,Guwahati,01-09-2021,2021,September,23740,4395,48369.06,Fort,1.72,112,2642.46,Food Festival,Humid,Train,6057.96,Yes,11.6,54.22,3.9,Yes,Average
Assam,Guwahati,01-10-2021,2021,October,27133,1977,29943.99,Wildlife Sanctuary,1.03,451,7505.13,Sports Event,Cloudy,Bus,4404.8,No,4.1,56.82,4.8,No,Good
Assam,Guwahati,01-11-2021,2021,November,34174,4374,68458.83,River Rafting,1.78,224,3777.48,Music Festival,Humid,Flight,4754.2,Yes,2.9,62.86,3.6,Yes,Good
Assam,Guwahati,01-12-2021,2021,December,22987,4812,44413.7,Temple,1.6,406,6384.52,Sports Event,Rainy,Boat,5827.2,Yes,9.3,83.74,4.4,Yes,Poor
Assam,Guwahati,01-01-2022,2022,January,49809,4031,55470.73,River Rafting,1.03,496,7016.73,Food Festival,Rainy,Bike,2561.86,No,12.1,84.58,4.9,No,Good
Assam,Guwahati,01-02-2022,2022,February,46079,4715,56540.92,Cultural Festival,1.11,318,7354.6,Art Fair,Humid,Car,4434.04,Yes,13.1,54.67,4.1,Yes,Average
Assam,Guwahati,01-03-2022,2022,March,9322,4142,21425.36,Museum,1.59,103,2068.58,Crafts Mela,Cold,Flight,1807.26,Yes,12.4,93.28,4.7,Yes,Average
Assam,Guwahati,01-04-2022,2022,April,44092,3680,50010.88,Beach,1.05,345,9822.01,Crafts Mela,Cold,Flight,6541.39,No,8,62.11,3.4,Yes,Average
Assam,Guwahati,01-05-2022,2022,May,8801,2240,21890.64,Backwaters,1.98,95,8376.63,Religious Event,Cold,Car,2941.14,No,10.5,70.53,3.3,No,Average
Assam,Guwahati,01-06-2022,2022,June,8894,3213,22529.99,Desert Safari,1.86,344,5288.92,Dance Festival,Cloudy,Boat,3915.24,Yes,9.1,60.14,4.4,Yes,Average
Assam,Guwahati,01-07-2022,2022,July,45662,4247,50898.48,Museum,1.02,369,6512.14,Art Fair,Humid,Bike,6138.86,No,8.3,73.92,3.2,Yes,Good
Assam,Guwahati,01-08-2022,2022,August,8957,3261,20303.93,Backwaters,1.66,74,7159.47,Sports Event,Rainy,Flight,6103.13,No,5.7,87.76,4.1,No,Poor
Assam,Guwahati,01-09-2022,2022,September,48775,4584,51321.59,Hill Station,0.96,122,3776.23,Food Festival,Cloudy,Bus,1640.18,Yes,9.5,61.97,4.8,No,Poor
Assam,Guwahati,01-10-2022,2022,October,49383,3769,70552.95,Temple,1.33,113,7920.5,Sports Event,Cloudy,Flight,2729.86,Yes,6,53.27,3.7,Yes,Good
Assam,Guwahati,01-11-2022,2022,November,38999,1069,50632.19,River Rafting,1.26,450,5470.83,Religious Event,Sunny,Boat,4873.21,Yes,9.9,83.73,3.9,Yes,Average
Assam,Guwahati,01-12-2022,2022,December,30983,521,20759.66,River Rafting,0.66,462,2021.94,Dance Festival,Cold,Bus,650.86,Yes,9.1,81.16,4,No,Good
Assam,Guwahati,01-01-2023,2023,January,46708,1326,64992.9,Temple,1.35,133,2624.07,Art Fair,Rainy,Bike,1309.3,No,10.5,50.23,4,Yes,Poor
Assam,Guwahati,01-02-2023,2023,February,6396,3125,19876.96,River Rafting,2.09,349,7022.12,Dance Festival,Cloudy,Car,7526.4,No,11.6,70.52,3.8,Yes,Poor
Assam,Guwahati,01-03-2023,2023,March,9769,1321,11524.42,Wildlife Sanctuary,1.04,430,3873.6,Art Fair,Humid,Car,1865.97,Yes,14,82.63,4.5,No,Poor
Assam,Guwahati,01-04-2023,2023,April,8382,4035,22106.24,Fort,1.78,181,8408.91,Sports Event,Snowy,Bike,4237.7,No,12.7,56.21,4.2,Yes,Average
Assam,Guwahati,01-05-2023,2023,May,11529,3607,28057.4,Temple,1.85,88,7734.61,Sports Event,Snowy,Bike,3636.87,Yes,14.8,92.09,4.2,Yes,Poor
Assam,Guwahati,01-06-2023,2023,June,26075,2554,26179.56,Wildlife Sanctuary,0.91,202,7618.28,Art Fair,Snowy,Train,7940.37,No,9.4,89.35,4.7,Yes,Average
Assam,Guwahati,01-07-2023,2023,July,33271,4624,42563.62,Fort,1.12,68,5325.91,Music Festival,Sunny,Train,2063.12,No,12.5,64.89,3.7,Yes,Good
Assam,Guwahati,01-08-2023,2023,August,30576,2686,45617.33,Temple,1.37,322,8966.94,Music Festival,Humid,Bike,3586.59,No,13.6,92.23,3.6,No,Average
Assam,Guwahati,01-09-2023,2023,September,13019,4049,39341.78,Wildlife Sanctuary,2.31,89,2270.86,Art Fair,Sunny,Bike,5457.77,No,12.3,86.41,3.1,No,Good
Assam,Guwahati,01-10-2023,2023,October,26546,3772,48960.72,Beach,1.61,103,5587.62,Sports Event,Snowy,Bus,6861.97,Yes,6.5,56.11,3.1,Yes,Good
Assam,Guwahati,01-11-2023,2023,November,36084,4960,49832.67,Hill Station,1.21,403,7451.81,Art Fair,Rainy,Car,7569.17,No,6,64.99,4.1,Yes,Good
Assam,Guwahati,01-12-2023,2023,December,33555,2927,35489.57,Beach,0.97,296,8343.54,Music Festival,Rainy,Train,7283.36,No,11.2,85.24,4.4,No,Average
Assam,Tezpur,01-01-2019,2019,January,11488,3131,21948.04,River Rafting,1.5,364,3314.04,Dance Festival,Sunny,Train,4375.31,No,5,85.23,4.8,Yes,Average
Assam,Tezpur,01-02-2019,2019,February,14622,2751,17398.54,Cultural Festival,1,397,4881.31,Sports Event,Sunny,Bus,3386.6,Yes,4.2,70.35,4.7,Yes,Good
Assam,Tezpur,01-03-2019,2019,March,30179,4178,44899.92,Hill Station,1.31,81,6934.01,Food Festival,Cloudy,Flight,2100.61,No,12.5,55.01,4.1,No,Average
Assam,Tezpur,01-04-2019,2019,April,45246,2148,34848.81,Cultural Festival,0.74,189,7783.66,Religious Event,Snowy,Bus,1503.21,Yes,3.7,65.51,3.7,Yes,Poor
Assam,Tezpur,01-05-2019,2019,May,7081,535,9359.52,Cultural Festival,1.23,448,7656.67,Crafts Mela,Sunny,Bike,3071.96,No,10.9,90.84,3.9,No,Good
Assam,Tezpur,01-06-2019,2019,June,39456,1155,42287.43,Fort,1.04,230,4258.59,Sports Event,Snowy,Bus,5875.39,Yes,8.5,64.81,4.6,Yes,Poor
Assam,Tezpur,01-07-2019,2019,July,6020,3143,19842.51,Museum,2.17,382,4912.59,Food Festival,Humid,Flight,5023.96,No,12.4,56.06,4.9,Yes,Poor
Assam,Tezpur,01-08-2019,2019,August,14726,3555,32300.67,Cultural Festival,1.77,89,2331.38,Sports Event,Cloudy,Car,1613.83,No,8,66,3.9,No,Average
Assam,Tezpur,01-09-2019,2019,September,43597,3077,40372.86,Wildlife Sanctuary,0.86,311,4150.96,Art Fair,Sunny,Flight,7890.66,No,12.8,63.53,4.9,No,Good
Assam,Tezpur,01-10-2019,2019,October,47106,788,60891.96,Wildlife Sanctuary,1.27,363,9735.24,Festival,Cloudy,Bus,5876.76,Yes,5.7,65.76,4.3,No,Poor
Assam,Tezpur,01-11-2019,2019,November,38374,1916,48411.76,River Rafting,1.2,331,3956.17,Sports Event,Sunny,Car,7644.49,No,3.5,54.92,4.1,Yes,Average
Assam,Tezpur,01-12-2019,2019,December,48458,4200,90044.7,Wildlife Sanctuary,1.71,495,9321.26,Festival,Snowy,Boat,1168.63,No,3.6,81.64,4,Yes,Good
Assam,Tezpur,01-01-2020,2020,January,13230,3065,29232.97,Fort,1.79,398,5057.8,Music Festival,Rainy,Boat,539.36,No,11.3,66.62,3.3,No,Good
Assam,Tezpur,01-02-2020,2020,February,29974,548,33385.76,Beach,1.09,323,3804.65,Festival,Humid,Bus,2796.71,No,11.7,68.62,4.2,No,Poor
Assam,Tezpur,01-03-2020,2020,March,11549,3512,24084.9,Wildlife Sanctuary,1.6,241,5348.35,Food Festival,Sunny,Bus,1443.57,Yes,5.2,67.93,3.9,Yes,Poor
Assam,Tezpur,01-04-2020,2020,April,38463,1926,54799.75,Hill Station,1.36,175,8464.35,Religious Event,Humid,Train,3984.91,Yes,4.8,52.71,3.5,No,Average
Assam,Tezpur,01-05-2020,2020,May,34588,3324,58089.33,Museum,1.53,83,6046.72,Art Fair,Rainy,Flight,5754.43,Yes,7.7,58.44,4,Yes,Good
Assam,Tezpur,01-06-2020,2020,June,9064,4005,22157.21,Backwaters,1.7,298,8636.31,Crafts Mela,Cloudy,Train,3456.86,No,4.4,83.46,3,No,Poor
Assam,Tezpur,01-07-2020,2020,July,27913,989,30823.8,Wildlife Sanctuary,1.07,472,8986.08,Festival,Cloudy,Bike,7134.51,Yes,5.4,81.78,3.7,No,Average
Assam,Tezpur,01-08-2020,2020,August,28299,2939,33507.34,River Rafting,1.07,94,1845.16,Music Festival,Cloudy,Flight,1462.25,No,6.7,71.44,3.1,Yes,Poor
Assam,Tezpur,01-09-2020,2020,September,46150,1987,36599.97,Beach,0.76,410,9744.79,Festival,Sunny,Bike,5713.05,No,8.4,67.32,3.8,No,Good
Assam,Tezpur,01-10-2020,2020,October,29435,2156,24656.77,Cultural Festival,0.78,127,6888.41,Dance Festival,Humid,Boat,5372.37,Yes,14.6,69.82,3.7,No,Poor
Assam,Tezpur,01-11-2020,2020,November,33182,783,50054.63,Hill Station,1.47,305,3850.19,Dance Festival,Cold,Flight,1354.26,No,7.9,60.84,4.5,No,Average
Assam,Tezpur,01-12-2020,2020,December,24878,4556,32089.91,Cultural Festival,1.09,278,5544.6,Food Festival,Sunny,Train,3374.08,No,5.1,88.06,4.6,No,Average
Assam,Tezpur,01-01-2021,2021,January,22195,3180,34928.34,River Rafting,1.38,341,3089.65,Religious Event,Cold,Flight,5506.35,Yes,11.1,55.55,3.8,No,Poor
Assam,Tezpur,01-02-2021,2021,February,14451,1505,21988.34,Museum,1.38,365,2030.67,Food Festival,Snowy,Bike,766.33,No,14.8,86.06,3.8,No,Average
Assam,Tezpur,01-03-2021,2021,March,13041,780,16089.1,Temple,1.16,449,2353.07,Food Festival,Cold,Bike,2739.6,Yes,9,56.86,3.5,No,Poor
Assam,Tezpur,01-04-2021,2021,April,41533,3306,65183.79,Wildlife Sanctuary,1.45,270,4053.31,Dance Festival,Rainy,Car,1113.63,No,12.8,54.64,4.6,No,Average
Assam,Tezpur,01-05-2021,2021,May,42757,2270,32941.5,Wildlife Sanctuary,0.73,151,9202.87,Music Festival,Cloudy,Train,3978.72,Yes,4.2,74.65,4.3,Yes,Poor
Assam,Tezpur,01-06-2021,2021,June,14261,1183,25213.09,Cultural Festival,1.63,336,3677.73,Art Fair,Cloudy,Train,3649.95,Yes,9.9,89.26,3.3,Yes,Good
Assam,Tezpur,01-07-2021,2021,July,20926,1696,27383.21,Cultural Festival,1.21,59,8735.19,Sports Event,Cloudy,Boat,4640.29,Yes,11,70.18,4.5,Yes,Poor
Assam,Tezpur,01-08-2021,2021,August,19370,4761,24386.67,Beach,1.01,380,3048.94,Religious Event,Snowy,Boat,7697.09,Yes,4.4,94.61,4.8,No,Average
Assam,Tezpur,01-09-2021,2021,September,15508,4970,24771.72,Backwaters,1.21,154,2071.71,Crafts Mela,Humid,Bike,5715.91,Yes,6.7,68.57,3.8,No,Good
Assam,Tezpur,01-10-2021,2021,October,20181,2254,26167.41,Temple,1.17,435,8785.95,Food Festival,Sunny,Train,1976.03,No,13.7,87.76,3.6,No,Average
Assam,Tezpur,01-11-2021,2021,November,23733,871,27463.67,Backwaters,1.12,478,4099.24,Festival,Cold,Car,6072.38,Yes,13.4,72.45,3,No,Average
Assam,Tezpur,01-12-2021,2021,December,33959,4358,44343.69,Backwaters,1.16,155,2993.79,Dance Festival,Sunny,Boat,3187.05,Yes,5.9,79.84,3,No,Average
Assam,Tezpur,01-01-2022,2022,January,21715,4977,48782.55,River Rafting,1.83,281,7170.53,Crafts Mela,Humid,Bus,2290.94,No,14.4,81.22,4,No,Average
Assam,Tezpur,01-02-2022,2022,February,20369,4629,27348.94,Desert Safari,1.09,306,7601.22,Festival,Rainy,Car,5239.76,No,14.8,83.54,4.8,No,Good
Assam,Tezpur,01-03-2022,2022,March,9940,2596,19264.94,Temple,1.54,368,7395.4,Festival,Cold,Boat,7208.9,No,11,88.25,4.5,Yes,Average
Assam,Tezpur,01-04-2022,2022,April,11645,2316,19621.83,Temple,1.41,147,9632.18,Festival,Sunny,Boat,6618.81,Yes,3.8,91.51,4.5,Yes,Average
Assam,Tezpur,01-05-2022,2022,May,23722,979,18146.73,Hill Station,0.73,75,8538.95,Art Fair,Snowy,Flight,1357.49,No,8.1,63.43,4,Yes,Good
Assam,Tezpur,01-06-2022,2022,June,15715,700,15675.86,Backwaters,0.95,170,9791.18,Food Festival,Rainy,Boat,5472.3,Yes,2.8,80.31,3.6,No,Good
Assam,Tezpur,01-07-2022,2022,July,20305,3625,25244.5,Fort,1.05,283,9487.1,Crafts Mela,Sunny,Boat,561.44,Yes,12.4,56.4,4.1,No,Good
Assam,Tezpur,01-08-2022,2022,August,25770,4825,36065.3,River Rafting,1.18,259,2809.07,Art Fair,Cloudy,Car,1636.99,No,13.9,81.96,4.4,No,Average
Assam,Tezpur,01-09-2022,2022,September,36230,2276,42098.02,Temple,1.09,223,8414.22,Dance Festival,Sunny,Train,1005.77,Yes,2.3,64.78,3.3,Yes,Good
Assam,Tezpur,01-10-2022,2022,October,14764,988,22933.33,Fort,1.46,487,9201.19,Food Festival,Cold,Car,7766.87,Yes,10.3,55.18,3.1,Yes,Poor
Assam,Tezpur,01-11-2022,2022,November,49364,2588,73269.79,Cultural Festival,1.41,236,2486.63,Sports Event,Cloudy,Flight,1213.08,Yes,12.7,81.79,3.2,Yes,Average
Assam,Tezpur,01-12-2022,2022,December,40579,4834,71312.83,Temple,1.57,101,5139.65,Sports Event,Snowy,Bus,6610.45,No,11.1,81.93,4.9,No,Good
Assam,Tezpur,01-01-2023,2023,January,22291,4810,31432.17,Backwaters,1.16,285,1920.62,Dance Festival,Humid,Flight,4241.02,Yes,13.2,79.49,4,Yes,Good
Assam,Tezpur,01-02-2023,2023,February,14512,4380,36521.1,Beach,1.93,332,7637.94,Religious Event,Rainy,Boat,2469.68,No,3.7,79.82,4.4,No,Good
Assam,Tezpur,01-03-2023,2023,March,7588,2215,19098.84,Museum,1.95,313,4477.87,Religious Event,Cloudy,Boat,1847.02,No,11.4,67.16,3.6,No,Good
Assam,Tezpur,01-04-2023,2023,April,36102,4752,69212.52,River Rafting,1.69,225,5544.16,Art Fair,Snowy,Boat,2173.69,Yes,4.2,63.53,4.7,No,Good
Assam,Tezpur,01-05-2023,2023,May,7499,2391,12628.32,River Rafting,1.28,360,6713.05,Sports Event,Sunny,Car,3474.91,Yes,11.7,61.43,4.6,No,Average
Assam,Tezpur,01-06-2023,2023,June,22557,3925,26967.85,Cultural Festival,1.02,382,4261.09,Religious Event,Snowy,Flight,6866.54,No,5.6,90.78,5,Yes,Good
Assam,Tezpur,01-07-2023,2023,July,26961,3182,27028.14,Desert Safari,0.9,465,9119.2,Religious Event,Sunny,Boat,5159.47,Yes,14.9,93.12,4.6,No,Average
Assam,Tezpur,01-08-2023,2023,August,38704,3089,37381.04,Hill Station,0.89,215,5917.26,Sports Event,Humid,Bus,1389.57,No,9.9,89.63,4,No,Poor
Assam,Tezpur,01-09-2023,2023,September,35312,3046,37827.11,Wildlife Sanctuary,0.99,477,1743.1,Dance Festival,Cloudy,Train,5123.34,Yes,2.7,93.01,3.1,No,Average
Assam,Tezpur,01-10-2023,2023,October,22133,3913,43782.04,Hill Station,1.68,376,2587.76,Dance Festival,Sunny,Bus,5985.82,No,14.3,54.32,3.8,No,Good
Assam,Tezpur,01-11-2023,2023,November,13647,1517,17634.61,Temple,1.16,319,2944.82,Art Fair,Snowy,Boat,4303.25,Yes,8.4,75.93,3.5,No,Average
Assam,Tezpur,01-12-2023,2023,December,41855,4022,53713.85,Cultural Festival,1.17,105,2893.27,Sports Event,Snowy,Train,6003.87,Yes,13.7,55.83,4.6,Yes,Poor
Odisha,Bhubaneswar,01-01-2019,2019,January,37347,672,46860.1,Temple,1.23,461,3776.15,Crafts Mela,Sunny,Bike,4198.09,No,9.6,51.1,4.7,No,Poor
Odisha,Bhubaneswar,01-02-2019,2019,February,10951,4288,23872.07,Fort,1.57,159,7100.42,Food Festival,Cloudy,Bus,6554.07,Yes,5.2,65.03,4.6,No,Average
Odisha,Bhubaneswar,01-03-2019,2019,March,32939,3018,32864.71,Cultural Festival,0.91,177,9336.38,Crafts Mela,Cloudy,Flight,1770.43,Yes,12.2,65.71,3.9,No,Good
Odisha,Bhubaneswar,01-04-2019,2019,April,31110,4433,51583.32,Wildlife Sanctuary,1.45,424,3243.17,Art Fair,Sunny,Train,761.32,Yes,4.3,78.57,4,Yes,Good
Odisha,Bhubaneswar,01-05-2019,2019,May,36072,1273,46370.43,Desert Safari,1.24,342,8715.18,Art Fair,Cloudy,Bus,3314.98,No,2.2,51.23,3.9,No,Average
Odisha,Bhubaneswar,01-06-2019,2019,June,30690,1578,43033.42,Backwaters,1.33,231,4074.16,Dance Festival,Cold,Train,4945.41,Yes,14.4,78.8,3.3,No,Good
Odisha,Bhubaneswar,01-07-2019,2019,July,12855,2062,23969.43,Backwaters,1.61,317,1831.08,Religious Event,Humid,Flight,5424.1,Yes,12.7,55.58,4.7,Yes,Good
Odisha,Bhubaneswar,01-08-2019,2019,August,32502,4985,49250.48,Beach,1.31,485,6428.14,Religious Event,Cold,Flight,4763.97,No,6.5,87.69,3.6,Yes,Poor
Odisha,Bhubaneswar,01-09-2019,2019,September,5151,1714,7318.39,Fort,1.07,172,4898.21,Crafts Mela,Cold,Flight,4658.45,No,3.6,81.29,4.4,No,Average
Odisha,Bhubaneswar,01-10-2019,2019,October,32801,2536,53143.11,Beach,1.5,140,7542.42,Sports Event,Rainy,Car,631.79,Yes,9.1,91.88,4.6,No,Poor
Odisha,Bhubaneswar,01-11-2019,2019,November,36202,3332,46096.91,River Rafting,1.17,142,8044.88,Religious Event,Sunny,Flight,4242.65,No,8.8,84,3.2,Yes,Poor
Odisha,Bhubaneswar,01-12-2019,2019,December,42489,3064,46833.01,Temple,1.03,285,5698.42,Sports Event,Cloudy,Bike,1308.81,No,13.5,68.51,4.6,No,Poor
Odisha,Bhubaneswar,01-01-2020,2020,January,11001,3037,14270.05,Temple,1.02,99,9727.28,Religious Event,Rainy,Boat,3777.08,Yes,3.6,92.55,4,No,Poor
Odisha,Bhubaneswar,01-02-2020,2020,February,21891,963,32181.27,Desert Safari,1.41,479,8823.52,Crafts Mela,Sunny,Train,5642.05,Yes,6.2,63.01,4.7,No,Good
Odisha,Bhubaneswar,01-03-2020,2020,March,24343,2682,29414.02,Desert Safari,1.09,84,7395.42,Religious Event,Rainy,Flight,6148.92,Yes,5.9,50.16,4.2,No,Poor
Odisha,Bhubaneswar,01-04-2020,2020,April,42833,2621,42027.08,Museum,0.92,483,4982.14,Dance Festival,Humid,Flight,2400.9,No,13.8,78.99,4.1,Yes,Poor
Odisha,Bhubaneswar,01-05-2020,2020,May,47893,1160,58264.62,Temple,1.19,448,5995.3,Food Festival,Rainy,Bus,6041.73,No,13.9,57.03,4.5,No,Good
Odisha,Bhubaneswar,01-06-2020,2020,June,35662,4047,57319.11,Beach,1.44,386,4848.22,Crafts Mela,Sunny,Flight,4259.34,Yes,9.6,75.94,5,No,Good
Odisha,Bhubaneswar,01-07-2020,2020,July,43010,2383,58978.18,Beach,1.3,264,7889.61,Art Fair,Sunny,Car,1038.32,No,8.9,94.85,5,No,Average
Odisha,Bhubaneswar,01-08-2020,2020,August,45120,1981,73855.18,Fort,1.57,179,8197.3,Sports Event,Cold,Bike,730.73,Yes,13.8,61.49,4.4,Yes,Average
Odisha,Bhubaneswar,01-09-2020,2020,September,26291,2443,24607.77,River Rafting,0.86,195,3117.33,Sports Event,Rainy,Bus,2791.84,No,4.6,51.13,3.9,Yes,Poor
Odisha,Bhubaneswar,01-10-2020,2020,October,32602,2035,37074.35,Wildlife Sanctuary,1.07,465,7661.81,Dance Festival,Sunny,Train,6738.51,Yes,4.1,89.28,3.6,No,Good
Odisha,Bhubaneswar,01-11-2020,2020,November,15404,4765,31434.9,Fort,1.56,300,7876.69,Sports Event,Sunny,Car,742.92,No,14,80.88,4.6,Yes,Average
Odisha,Bhubaneswar,01-12-2020,2020,December,34070,1839,51835.24,River Rafting,1.44,470,2635.32,Food Festival,Snowy,Flight,7996.02,No,7.2,60.75,4.2,No,Poor
Odisha,Bhubaneswar,01-01-2021,2021,January,20603,4279,49700,Hill Station,2,237,4209.47,Crafts Mela,Rainy,Flight,3805.27,No,14.6,62.94,3.9,Yes,Average
Odisha,Bhubaneswar,01-02-2021,2021,February,9437,2863,18688.52,Hill Station,1.52,224,7528.78,Food Festival,Cold,Bike,4021.66,No,8.1,93.52,4.8,No,Average
Odisha,Bhubaneswar,01-03-2021,2021,March,33660,3138,37959.66,Hill Station,1.03,141,4829.88,Art Fair,Cloudy,Car,6072.08,No,5.7,66.69,4.6,Yes,Average
Odisha,Bhubaneswar,01-04-2021,2021,April,9695,4119,18678.15,Desert Safari,1.35,250,8705.81,Festival,Rainy,Bus,3561.78,No,11.1,81.93,3.8,Yes,Poor
Odisha,Bhubaneswar,01-05-2021,2021,May,7200,2402,16630.71,Fort,1.73,71,4744.28,Religious Event,Humid,Flight,1234.24,No,14.5,57.01,4.6,No,Average
Odisha,Bhubaneswar,01-06-2021,2021,June,16079,3871,31362.37,Desert Safari,1.57,179,6293.29,Food Festival,Snowy,Car,3698.13,Yes,2.7,81.85,4.5,No,Average
Odisha,Bhubaneswar,01-07-2021,2021,July,10331,2788,22509.48,Hill Station,1.72,276,4534.35,Sports Event,Humid,Bike,500.22,Yes,3.4,64.93,4.4,No,Good
Odisha,Bhubaneswar,01-08-2021,2021,August,17998,1654,18490.32,Museum,0.94,387,3466.64,Food Festival,Sunny,Car,1113.58,No,14,91.25,3.6,No,Poor
Odisha,Bhubaneswar,01-09-2021,2021,September,43845,1155,43854.6,Temple,0.97,462,6811.69,Sports Event,Sunny,Flight,7226.49,Yes,7.7,73.87,4.9,No,Good
Odisha,Bhubaneswar,01-10-2021,2021,October,12938,2013,16789.56,Museum,1.12,489,8348.81,Food Festival,Sunny,Train,4117.95,No,15,57.2,5,Yes,Poor
Odisha,Bhubaneswar,01-11-2021,2021,November,46527,3448,76039.25,Hill Station,1.52,314,4961.9,Food Festival,Snowy,Bike,3541.12,Yes,11.9,85.69,4.9,No,Poor
Odisha,Bhubaneswar,01-12-2021,2021,December,47796,2353,41672.54,Temple,0.83,495,7699.4,Religious Event,Cold,Boat,1852.54,No,14.7,81.81,3.6,Yes,Good
Odisha,Bhubaneswar,01-01-2022,2022,January,34561,1096,35391.32,Museum,0.99,347,5890.39,Religious Event,Sunny,Train,6324.35,Yes,14.3,62.75,4.8,No,Good
Odisha,Bhubaneswar,01-02-2022,2022,February,18217,540,17178.48,Hill Station,0.92,251,1625.62,Festival,Sunny,Flight,2271.03,Yes,14,81.5,4,Yes,Average
Odisha,Bhubaneswar,01-03-2022,2022,March,21755,1792,26080.62,Desert Safari,1.11,450,6513.24,Food Festival,Snowy,Car,5967.04,Yes,4.6,93.63,4.8,No,Good
Odisha,Bhubaneswar,01-04-2022,2022,April,48689,3954,71667.64,Temple,1.36,490,3646.49,Crafts Mela,Cloudy,Boat,4150.49,No,4,50.28,3.2,Yes,Average
Odisha,Bhubaneswar,01-05-2022,2022,May,45220,4869,76171.22,Cultural Festival,1.52,113,6500.98,Food Festival,Cold,Car,669.95,No,12.2,86.87,4,Yes,Average
Odisha,Bhubaneswar,01-06-2022,2022,June,20749,4843,37768.84,Hill Station,1.48,113,9277.92,Music Festival,Rainy,Flight,2075.37,Yes,9,51.86,4.5,No,Good
Odisha,Bhubaneswar,01-07-2022,2022,July,29821,2281,33845.74,Cultural Festival,1.05,500,2975.81,Food Festival,Snowy,Flight,1057.56,No,8.1,58.37,3,No,Poor
Odisha,Bhubaneswar,01-08-2022,2022,August,28840,4004,57103.99,Desert Safari,1.74,172,6568.78,Religious Event,Rainy,Car,4319.13,Yes,2.8,71.96,4.9,Yes,Poor
Odisha,Bhubaneswar,01-09-2022,2022,September,41554,1176,31042.23,Wildlife Sanctuary,0.73,369,8199.47,Festival,Sunny,Bus,7448.28,No,12.7,67.03,4.5,Yes,Poor
Odisha,Bhubaneswar,01-10-2022,2022,October,32187,3110,28889.05,Beach,0.82,276,9378.42,Crafts Mela,Rainy,Bike,1586.71,No,6.7,66.85,3.3,Yes,Poor
Odisha,Bhubaneswar,01-11-2022,2022,November,43281,4886,74043.87,Museum,1.54,97,8307.34,Crafts Mela,Snowy,Train,1580.47,No,10.5,83.93,4.9,No,Good
Odisha,Bhubaneswar,01-12-2022,2022,December,29745,2266,28789.4,River Rafting,0.9,273,7051.64,Art Fair,Humid,Car,5489.16,No,7.3,86.96,4.8,No,Poor
Odisha,Bhubaneswar,01-01-2023,2023,January,49516,1359,74579.01,Beach,1.47,352,4981.86,Dance Festival,Cloudy,Bus,5045.57,No,5.2,60.03,3.2,No,Poor
Odisha,Bhubaneswar,01-02-2023,2023,February,17414,4362,38637.62,Hill Station,1.77,447,8680.05,Art Fair,Sunny,Bike,5991.13,Yes,9.7,91.02,3.3,No,Average
Odisha,Bhubaneswar,01-03-2023,2023,March,37877,4580,65029.88,Museum,1.53,481,1793.67,Art Fair,Cold,Train,2375.28,No,7.9,89.68,4.3,No,Average
Odisha,Bhubaneswar,01-04-2023,2023,April,20586,3638,32785.51,River Rafting,1.35,76,1781.77,Religious Event,Snowy,Car,1476.32,Yes,12.6,66.01,4.7,Yes,Good
Odisha,Bhubaneswar,01-05-2023,2023,May,38011,1130,60973.79,Desert Safari,1.56,211,4050.09,Art Fair,Snowy,Train,1223.32,No,13.2,64.58,3.8,No,Good
Odisha,Bhubaneswar,01-06-2023,2023,June,30995,4302,37436.95,Temple,1.06,208,5151.56,Festival,Cloudy,Bike,7844.79,Yes,4.5,51.47,5,No,Poor
Odisha,Bhubaneswar,01-07-2023,2023,July,14459,1066,21398.89,Beach,1.38,223,2033.12,Dance Festival,Humid,Bike,6519.17,Yes,6.6,57.41,4.1,Yes,Poor
Odisha,Bhubaneswar,01-08-2023,2023,August,24393,891,16662.62,Cultural Festival,0.66,53,9474.15,Music Festival,Rainy,Bus,7600.81,No,8.1,72.31,4.1,Yes,Good
Odisha,Bhubaneswar,01-09-2023,2023,September,27584,4351,40448.07,Cultural Festival,1.27,425,1763.15,Art Fair,Cloudy,Car,5189.97,Yes,10,68.29,3.4,Yes,Poor
Odisha,Bhubaneswar,01-10-2023,2023,October,12072,1812,22823.33,River Rafting,1.64,486,4357.33,Dance Festival,Rainy,Bike,5791.87,No,3.9,94.93,3.9,Yes,Average
Odisha,Bhubaneswar,01-11-2023,2023,November,34120,2301,30941.95,Desert Safari,0.85,138,9643.67,Music Festival,Rainy,Flight,2893.87,No,11.2,51.78,4.4,Yes,Good
Odisha,Bhubaneswar,01-12-2023,2023,December,5051,3953,18778.51,Wildlife Sanctuary,2.09,380,3379.86,Dance Festival,Snowy,Bus,1338.23,No,14,78.54,3.1,Yes,Poor
Odisha,Puri,01-01-2019,2019,January,48671,3708,79196.03,Temple,1.51,175,5314.9,Music Festival,Humid,Flight,746.25,No,7.3,79.98,3.9,No,Poor
Odisha,Puri,01-02-2019,2019,February,28811,2605,45166.73,Beach,1.44,346,3454.52,Music Festival,Cold,Boat,6003.91,Yes,8,65.37,4,Yes,Average
Odisha,Puri,01-03-2019,2019,March,16177,3111,26216.95,Museum,1.36,272,3477.65,Sports Event,Rainy,Bus,899.81,Yes,11.1,79.62,3.8,Yes,Poor
Odisha,Puri,01-04-2019,2019,April,5308,2201,16266.96,Temple,2.17,408,7225.74,Sports Event,Humid,Train,3883.77,Yes,7.1,54.2,3.9,Yes,Average
Odisha,Puri,01-05-2019,2019,May,37222,4124,58913.37,Fort,1.42,151,7423.03,Art Fair,Rainy,Train,4149.71,Yes,13.7,66.87,4.3,No,Good
Odisha,Puri,01-06-2019,2019,June,38992,3976,56837.49,Backwaters,1.32,356,3488.52,Crafts Mela,Rainy,Train,1845.24,Yes,13.7,54.11,4.6,No,Poor
Odisha,Puri,01-07-2019,2019,July,33055,4519,46609.53,Cultural Festival,1.24,473,2621.26,Dance Festival,Sunny,Flight,4040.85,Yes,11.9,53.45,4.6,No,Poor
Odisha,Puri,01-08-2019,2019,August,47919,2539,61396.37,Hill Station,1.22,360,2313.58,Art Fair,Cold,Train,7546.07,No,10.1,84.11,3,No,Average
Odisha,Puri,01-09-2019,2019,September,43206,2362,40845.49,Beach,0.9,235,9251.52,Festival,Humid,Flight,4531.32,No,8.8,65.67,4.5,No,Average
Odisha,Puri,01-10-2019,2019,October,12822,4232,31022.58,River Rafting,1.82,368,9920.6,Art Fair,Sunny,Flight,4133.23,Yes,4.7,58.32,3.6,No,Good
Odisha,Puri,01-11-2019,2019,November,46969,2372,64973.34,Cultural Festival,1.32,232,4633.46,Dance Festival,Cold,Bus,2041.53,No,8.8,89.12,3.9,No,Average
Odisha,Puri,01-12-2019,2019,December,8276,1637,19578.7,Hill Station,1.98,215,5443.24,Art Fair,Rainy,Flight,3305.15,No,7.3,88.32,4.9,Yes,Average
Odisha,Puri,01-01-2020,2020,January,13821,880,15183.06,River Rafting,1.03,155,3676.14,Festival,Humid,Bus,3733.72,No,8.3,80.76,3.6,No,Average
Odisha,Puri,01-02-2020,2020,February,48710,2457,57479.27,Temple,1.12,179,7267.62,Art Fair,Humid,Bus,2018.47,No,2.8,91.05,4,Yes,Poor
Odisha,Puri,01-03-2020,2020,March,20191,819,26975.73,Desert Safari,1.28,175,9397,Sports Event,Humid,Bus,3192.97,No,11.2,83.12,4.7,Yes,Good
Odisha,Puri,01-04-2020,2020,April,11188,4792,23112.13,River Rafting,1.45,438,8393.42,Sports Event,Sunny,Train,6771.11,Yes,11.2,59.55,3.4,No,Poor
Odisha,Puri,01-05-2020,2020,May,41743,3506,47260.77,River Rafting,1.04,234,7611.65,Dance Festival,Snowy,Bus,5510.06,No,7,86.87,3.5,Yes,Average
Odisha,Puri,01-06-2020,2020,June,48333,542,65816.26,Wildlife Sanctuary,1.35,222,2720.24,Religious Event,Cold,Flight,1522.39,Yes,12.1,86.15,4.1,No,Average
Odisha,Puri,01-07-2020,2020,July,42753,4700,63462.72,Cultural Festival,1.34,273,6102.8,Sports Event,Humid,Boat,3209.45,No,13,61.59,3.9,No,Poor
Odisha,Puri,01-08-2020,2020,August,29167,3090,43684.23,Hill Station,1.35,495,8947.42,Music Festival,Sunny,Boat,6043.78,Yes,6.5,85.66,4.4,Yes,Good
Odisha,Puri,01-09-2020,2020,September,42166,1053,58142.61,Wildlife Sanctuary,1.35,332,5873,Food Festival,Cloudy,Boat,2917.86,Yes,9,75.16,3.3,Yes,Average
Odisha,Puri,01-10-2020,2020,October,34821,4307,69156.19,Desert Safari,1.77,384,3514.14,Art Fair,Humid,Boat,6069.52,Yes,10.5,56.88,4.3,Yes,Good
Odisha,Puri,01-11-2020,2020,November,17777,3928,36966.54,Backwaters,1.7,282,9887.97,Crafts Mela,Cold,Car,5577.12,Yes,7.5,62.25,4,No,Good
Odisha,Puri,01-12-2020,2020,December,8138,3954,20916.63,Wildlife Sanctuary,1.73,79,1806.98,Festival,Cloudy,Bus,5778.88,No,9.4,94.12,4.9,Yes,Poor
Odisha,Puri,01-01-2021,2021,January,7138,3553,14673.02,Wildlife Sanctuary,1.37,421,9755.84,Crafts Mela,Humid,Bus,7299.06,No,12.1,85.08,3.1,Yes,Average
Odisha,Puri,01-02-2021,2021,February,19991,1283,21977.79,Cultural Festival,1.03,113,3717.97,Festival,Snowy,Car,4949.23,No,14.7,74.41,4.9,No,Average
Odisha,Puri,01-03-2021,2021,March,19448,1658,18502.51,Desert Safari,0.88,483,9046.25,Sports Event,Cloudy,Boat,7132.62,Yes,8,94.93,3.1,No,Poor
Odisha,Puri,01-04-2021,2021,April,5710,4734,19972.43,Desert Safari,1.91,51,1895.67,Art Fair,Cold,Car,3692.82,No,6.4,63.7,4.4,No,Good
Odisha,Puri,01-05-2021,2021,May,41240,2185,58727.32,River Rafting,1.35,60,4539.91,Crafts Mela,Cloudy,Train,3059.79,No,11.9,81.44,3.6,No,Poor
Odisha,Puri,01-06-2021,2021,June,39659,1865,49315.89,Beach,1.19,404,5950.75,Festival,Cold,Car,1507.53,No,3.7,84.56,4.7,No,Good
Odisha,Puri,01-07-2021,2021,July,42488,3722,72718.15,Museum,1.57,256,6514.04,Food Festival,Rainy,Car,2889.75,No,5.8,72.08,3.3,No,Poor
Odisha,Puri,01-08-2021,2021,August,9432,4855,30782.79,Fort,2.15,247,7592.05,Dance Festival,Snowy,Train,5131,Yes,14.2,55.26,4.8,No,Average
Odisha,Puri,01-09-2021,2021,September,24933,2526,19395.12,Hill Station,0.71,82,2685.74,Sports Event,Rainy,Flight,7477.43,Yes,2.1,75.98,4.9,Yes,Good
Odisha,Puri,01-10-2021,2021,October,11545,565,15127.59,Museum,1.25,275,2506.12,Dance Festival,Cloudy,Flight,7976.22,Yes,3,75.45,3,No,Poor
Odisha,Puri,01-11-2021,2021,November,22475,2378,29055.04,Beach,1.17,177,7581.39,Dance Festival,Sunny,Train,7969.04,Yes,6.4,51.36,3.1,Yes,Good
Odisha,Puri,01-12-2021,2021,December,48316,1827,55396.05,Backwaters,1.1,377,6885.9,Food Festival,Snowy,Boat,7344.91,Yes,10.3,80.81,4.3,Yes,Poor
Odisha,Puri,01-01-2022,2022,January,39005,799,37295.97,Desert Safari,0.94,389,8140.63,Food Festival,Snowy,Train,1959.74,Yes,6,59.75,3.1,No,Poor
Odisha,Puri,01-02-2022,2022,February,42366,1476,33467.58,Desert Safari,0.76,284,5250.42,Dance Festival,Cloudy,Bike,1680.9,Yes,8.1,50.75,3.3,Yes,Good
Odisha,Puri,01-03-2022,2022,March,47776,4400,63913.78,Desert Safari,1.22,377,8331.35,Crafts Mela,Sunny,Car,4170.6,No,2.8,63.81,3.8,Yes,Poor
Odisha,Puri,01-04-2022,2022,April,46792,3961,66465.59,Wildlife Sanctuary,1.31,210,1825,Festival,Rainy,Car,7567.98,No,10.3,76.14,4.3,Yes,Good
Odisha,Puri,01-05-2022,2022,May,20024,4607,36455.84,Desert Safari,1.48,78,6251.52,Art Fair,Rainy,Car,4214.4,No,5.7,79.7,4.7,Yes,Poor
Odisha,Puri,01-06-2022,2022,June,46730,4577,81509.24,Museum,1.59,279,5224.44,Art Fair,Cold,Boat,4171.7,Yes,10.8,71.02,4.1,Yes,Good
Odisha,Puri,01-07-2022,2022,July,40439,4560,44737.35,Cultural Festival,0.99,477,5420.16,Food Festival,Cold,Bus,711.86,Yes,9.7,75.65,4.1,No,Good
Odisha,Puri,01-08-2022,2022,August,35396,947,31005.28,Temple,0.85,267,9331.98,Art Fair,Snowy,Train,3722.95,No,6,88.39,4.9,No,Average
Odisha,Puri,01-09-2022,2022,September,32616,854,50310.17,Hill Station,1.5,155,6122.61,Food Festival,Cold,Boat,3289.71,Yes,10.2,76.93,3,No,Average
Odisha,Puri,01-10-2022,2022,October,26710,2569,28211.96,Backwaters,0.96,434,7942.56,Crafts Mela,Snowy,Train,2494.18,No,9.6,60.48,4.4,No,Good
Odisha,Puri,01-11-2022,2022,November,26963,2988,40865.59,Fort,1.36,366,5979.41,Dance Festival,Cloudy,Boat,6583.82,Yes,7.7,56.63,4.4,Yes,Average
Odisha,Puri,01-12-2022,2022,December,40880,4349,48144.45,Desert Safari,1.06,70,6665.55,Food Festival,Cold,Car,690.43,No,6.6,77.85,4,Yes,Average
Odisha,Puri,01-01-2023,2023,January,15261,3742,35219.74,Museum,1.85,375,5278.83,Crafts Mela,Snowy,Bus,3025.85,Yes,14.7,63.25,3.3,No,Average
Odisha,Puri,01-02-2023,2023,February,6802,4358,24369.88,Hill Station,2.18,460,8765.26,Crafts Mela,Cold,Boat,6756.13,Yes,4.3,65.86,4.9,Yes,Average
Odisha,Puri,01-03-2023,2023,March,8097,2170,15700.03,Fort,1.53,115,7954.19,Art Fair,Rainy,Train,1014.01,Yes,11.4,62.34,4.1,No,Poor
Odisha,Puri,01-04-2023,2023,April,15555,1252,12494.47,Fort,0.74,419,1569.37,Dance Festival,Snowy,Train,4841.24,Yes,3.6,77.04,4.3,Yes,Average
Odisha,Puri,01-05-2023,2023,May,6540,3352,18465.5,Desert Safari,1.87,473,6178.58,Music Festival,Cold,Car,3013.97,Yes,5.8,55.14,4.8,Yes,Average
Odisha,Puri,01-06-2023,2023,June,14631,3210,22512.88,Beach,1.26,492,7145.77,Dance Festival,Humid,Boat,2888.56,No,10.6,66.34,3,Yes,Poor
Odisha,Puri,01-07-2023,2023,July,38990,1915,48420.64,Desert Safari,1.18,186,3114.85,Food Festival,Snowy,Bus,3939.03,Yes,12.6,50.38,3,No,Poor
Odisha,Puri,01-08-2023,2023,August,16659,999,24908.67,Hill Station,1.41,375,7041.69,Religious Event,Cold,Bus,2716.32,Yes,13.8,55.23,4.3,No,Good
Odisha,Puri,01-09-2023,2023,September,38129,3805,47202.15,Wildlife Sanctuary,1.13,170,8616.45,Food Festival,Rainy,Flight,777.11,Yes,9.9,80.25,3.5,No,Average
Odisha,Puri,01-10-2023,2023,October,14251,2620,18220.4,Museum,1.08,166,8219.37,Music Festival,Snowy,Car,901.34,No,3.8,59.6,3.6,Yes,Average
Odisha,Puri,01-11-2023,2023,November,5193,3937,16508.12,Backwaters,1.81,55,2443.81,Art Fair,Snowy,Boat,4455.66,Yes,3.3,63.2,3.2,Yes,Good
Odisha,Puri,01-12-2023,2023,December,13672,1057,12309.01,Cultural Festival,0.84,398,2117.15,Festival,Sunny,Boat,6689.6,No,5.8,72.97,4.8,Yes,Good
Jharkhand,Ranchi,01-01-2019,2019,January,19743,2785,31451.43,Museum,1.4,311,9621.5,Sports Event,Humid,Bus,1186.32,Yes,13.1,75.13,4.1,No,Good
Jharkhand,Ranchi,01-02-2019,2019,February,27659,2798,33536.68,Wildlife Sanctuary,1.1,217,8333.5,Art Fair,Cold,Boat,5288.98,No,5.6,78.42,4.8,Yes,Average
Jharkhand,Ranchi,01-03-2019,2019,March,14405,1259,21160.71,Cultural Festival,1.35,228,8966.99,Music Festival,Cold,Bike,7104.68,Yes,8.5,93.67,3,Yes,Poor
Jharkhand,Ranchi,01-04-2019,2019,April,47826,2441,41446.02,Museum,0.82,298,9614.65,Crafts Mela,Cold,Car,7134.72,No,3,58.72,4.4,Yes,Average
Jharkhand,Ranchi,01-05-2019,2019,May,47214,3946,53542.14,Backwaters,1.05,487,3895.93,Festival,Cold,Boat,863.17,Yes,2.6,55.65,3.1,Yes,Poor
Jharkhand,Ranchi,01-06-2019,2019,June,19923,2217,33658.31,Beach,1.52,340,2489.12,Crafts Mela,Sunny,Bike,3556.48,Yes,7.3,63.59,3.1,No,Good
Jharkhand,Ranchi,01-07-2019,2019,July,20720,4221,43334.79,Cultural Festival,1.74,304,9038.79,Art Fair,Humid,Bus,4750.66,Yes,13.5,59.22,4.5,No,Poor
Jharkhand,Ranchi,01-08-2019,2019,August,24912,1667,33448.78,Museum,1.26,307,6861.13,Festival,Cold,Flight,7639.15,No,7.6,77.76,3.5,Yes,Poor
Jharkhand,Ranchi,01-09-2019,2019,September,26614,2772,34292.47,Temple,1.17,66,4185.43,Music Festival,Cold,Boat,3407.27,No,7.1,81.87,4.1,No,Poor
Jharkhand,Ranchi,01-10-2019,2019,October,19037,4889,38608.5,Hill Station,1.61,432,2266.56,Dance Festival,Sunny,Flight,2531.9,Yes,10.8,52.56,3.8,Yes,Poor
Jharkhand,Ranchi,01-11-2019,2019,November,46014,2200,71301.99,Fort,1.48,391,1962.65,Religious Event,Humid,Bus,6247.07,Yes,7.3,50.4,3.7,No,Average
Jharkhand,Ranchi,01-12-2019,2019,December,34274,517,27897.27,Temple,0.8,272,5459.14,Crafts Mela,Rainy,Bus,941.79,No,9.6,70.28,3.5,Yes,Average
Jharkhand,Ranchi,01-01-2020,2020,January,17263,1428,28908.77,River Rafting,1.55,482,6628.69,Sports Event,Cloudy,Boat,4921.35,No,4.5,89.94,4.4,No,Average
Jharkhand,Ranchi,01-02-2020,2020,February,48949,3321,78118.65,River Rafting,1.49,328,4376.05,Crafts Mela,Cold,Bus,7426.25,No,14.6,57.94,4.6,Yes,Average
Jharkhand,Ranchi,01-03-2020,2020,March,6139,3152,19824.39,Cultural Festival,2.13,307,6208.57,Religious Event,Cloudy,Boat,1591.6,Yes,7.7,78.23,3.1,No,Good
Jharkhand,Ranchi,01-04-2020,2020,April,7181,3550,20467.65,Temple,1.91,292,5839.11,Sports Event,Snowy,Boat,4249.84,No,11.5,76.81,4.9,No,Good
Jharkhand,Ranchi,01-05-2020,2020,May,48602,3604,41913.32,Fort,0.8,128,6778.85,Food Festival,Cloudy,Car,1699.48,Yes,14.6,55.1,4.3,Yes,Poor
Jharkhand,Ranchi,01-06-2020,2020,June,9154,1209,15347.15,Beach,1.48,175,4437.09,Sports Event,Snowy,Boat,3630.47,Yes,12.2,58.12,3.3,No,Good
Jharkhand,Ranchi,01-07-2020,2020,July,48656,2021,29929.18,Beach,0.59,447,2016.31,Art Fair,Humid,Bus,3161.34,Yes,7.4,82.54,3.7,Yes,Poor
Jharkhand,Ranchi,01-08-2020,2020,August,27551,1405,36155.78,Cultural Festival,1.25,171,4789.21,Crafts Mela,Sunny,Boat,6342.17,No,7.2,78.97,3.1,No,Good
Jharkhand,Ranchi,01-09-2020,2020,September,18520,4669,30574.49,Beach,1.32,167,2106.54,Sports Event,Sunny,Car,5720.62,Yes,4.1,86.9,4.1,No,Poor
Jharkhand,Ranchi,01-10-2020,2020,October,35788,685,20781.18,Desert Safari,0.57,198,5861,Crafts Mela,Cloudy,Train,5603.18,Yes,6.9,90.05,3.3,Yes,Average
Jharkhand,Ranchi,01-11-2020,2020,November,29266,3067,52210.5,Fort,1.61,128,1617.44,Festival,Humid,Bus,3397.1,No,4.2,78.14,4.8,No,Average
Jharkhand,Ranchi,01-12-2020,2020,December,31248,3325,28688.8,Museum,0.83,287,4084.37,Crafts Mela,Cloudy,Bike,2742.68,No,6.7,79.48,4.4,No,Good
Jharkhand,Ranchi,01-01-2021,2021,January,47520,2153,39689.03,River Rafting,0.8,416,4230.75,Sports Event,Snowy,Bike,6627.55,Yes,8.2,73.57,3.7,Yes,Poor
Jharkhand,Ranchi,01-02-2021,2021,February,30013,2761,43295.83,River Rafting,1.32,373,1614.71,Crafts Mela,Cold,Bike,563.97,No,12.8,58.91,4.9,Yes,Good
Jharkhand,Ranchi,01-03-2021,2021,March,13726,1044,17844.4,Wildlife Sanctuary,1.21,262,4022.38,Crafts Mela,Sunny,Bus,6205.13,Yes,10.2,51.8,4.6,No,Poor
Jharkhand,Ranchi,01-04-2021,2021,April,42605,3085,63324.16,Hill Station,1.39,477,1901.35,Dance Festival,Humid,Car,854.26,Yes,13.7,79.72,4.8,No,Poor
Jharkhand,Ranchi,01-05-2021,2021,May,14168,3657,19476.86,Fort,1.09,220,6328.82,Crafts Mela,Cloudy,Car,1872.6,Yes,10.9,51.75,4.9,Yes,Poor
Jharkhand,Ranchi,01-06-2021,2021,June,21515,3956,36278.89,Hill Station,1.42,81,1570.56,Art Fair,Rainy,Train,2945.44,Yes,14.6,60.8,3.2,No,Average
Jharkhand,Ranchi,01-07-2021,2021,July,15152,2072,22756.03,River Rafting,1.32,250,5265.42,Festival,Rainy,Car,7455.52,Yes,2.8,89.84,4.5,No,Poor
Jharkhand,Ranchi,01-08-2021,2021,August,36807,2422,50387.9,Fort,1.28,206,6297.56,Festival,Cold,Train,4290.15,Yes,6,58.59,3.5,Yes,Good
Jharkhand,Ranchi,01-09-2021,2021,September,33755,3234,57172.03,Hill Station,1.55,197,2461.44,Art Fair,Snowy,Car,3051.65,No,11.8,67.5,3.1,No,Poor
Jharkhand,Ranchi,01-10-2021,2021,October,10653,4656,30499.55,Fort,1.99,383,2306.21,Sports Event,Snowy,Train,2946.12,No,13,71.69,3.5,Yes,Poor
Jharkhand,Ranchi,01-11-2021,2021,November,27065,4376,46772.57,River Rafting,1.49,207,9852.85,Religious Event,Humid,Bike,2942.8,Yes,4.5,50.16,4.4,Yes,Poor
Jharkhand,Ranchi,01-12-2021,2021,December,23979,2167,23203.47,Backwaters,0.89,121,5751.45,Festival,Cloudy,Train,2029.39,Yes,14.8,52.34,3.7,No,Average
Jharkhand,Ranchi,01-01-2022,2022,January,28067,1434,19783.06,Beach,0.67,185,6644.9,Sports Event,Rainy,Flight,2846.97,Yes,6,93.35,3.9,Yes,Good
Jharkhand,Ranchi,01-02-2022,2022,February,18078,1138,21045.29,Fort,1.1,482,3196.97,Religious Event,Sunny,Bike,6508.39,Yes,5.8,84.31,3.3,No,Good
Jharkhand,Ranchi,01-03-2022,2022,March,32963,1530,43583.23,Cultural Festival,1.26,424,6229.52,Crafts Mela,Rainy,Bus,1276.17,Yes,10.3,52.09,4.6,Yes,Average
Jharkhand,Ranchi,01-04-2022,2022,April,40346,4544,40119.23,Beach,0.89,57,2047.26,Art Fair,Humid,Flight,5507.45,No,6.3,78.73,3.1,No,Poor
Jharkhand,Ranchi,01-05-2022,2022,May,14792,4329,32055.93,Beach,1.68,416,9753.14,Crafts Mela,Humid,Bike,5127.16,Yes,9.7,94.15,3,No,Average
Jharkhand,Ranchi,01-06-2022,2022,June,36763,3216,50323.3,River Rafting,1.26,118,8846.14,Religious Event,Snowy,Bike,5354.95,No,14,85.71,3.8,Yes,Good
Jharkhand,Ranchi,01-07-2022,2022,July,49569,4234,64066.29,Wildlife Sanctuary,1.19,405,1796.72,Religious Event,Sunny,Flight,6764.58,Yes,7.5,87.67,4.1,No,Good
Jharkhand,Ranchi,01-08-2022,2022,August,28219,1987,44531.83,Museum,1.47,418,9742.23,Food Festival,Sunny,Bike,4524.33,Yes,7,86.55,3.9,Yes,Good
Jharkhand,Ranchi,01-09-2022,2022,September,5109,4909,24775.38,River Rafting,2.47,465,6002.58,Music Festival,Cloudy,Boat,1201.58,No,9.1,66.39,4.8,No,Average
Jharkhand,Ranchi,01-10-2022,2022,October,16206,819,15405.6,Wildlife Sanctuary,0.9,416,1815.09,Sports Event,Cloudy,Train,732.91,No,13.6,55.97,4.6,No,Average
Jharkhand,Ranchi,01-11-2022,2022,November,31087,1230,47218.86,Museum,1.46,227,6570.32,Religious Event,Cloudy,Bike,3634.95,No,12,52.86,3.8,Yes,Good
Jharkhand,Ranchi,01-12-2022,2022,December,15732,2161,22988.93,Backwaters,1.28,170,8440.25,Art Fair,Snowy,Bike,5983.07,Yes,4.5,67.67,4,No,Average
Jharkhand,Ranchi,01-01-2023,2023,January,38955,514,43106.08,Fort,1.09,105,2755.45,Food Festival,Cold,Bus,5034.22,Yes,2.1,74.54,4.3,No,Poor
Jharkhand,Ranchi,01-02-2023,2023,February,16427,2383,18371.03,Wildlife Sanctuary,0.98,368,3767.76,Dance Festival,Snowy,Flight,7758.35,Yes,4,51.79,3.4,No,Poor
Jharkhand,Ranchi,01-03-2023,2023,March,45964,2596,55968.7,Museum,1.15,419,1737.42,Dance Festival,Cloudy,Car,3288.47,No,10.9,83.75,4.4,Yes,Poor
Jharkhand,Ranchi,01-04-2023,2023,April,9803,3151,24992.06,Temple,1.93,251,7725.87,Sports Event,Humid,Bike,7284.12,No,6.5,62.53,3.4,No,Good
Jharkhand,Ranchi,01-05-2023,2023,May,12440,3485,26663.1,Hill Station,1.67,252,9952.25,Crafts Mela,Sunny,Bike,6161.18,Yes,9.5,92.95,4.7,Yes,Poor
Jharkhand,Ranchi,01-06-2023,2023,June,11611,4682,23143.5,Beach,1.42,113,3963.19,Festival,Cold,Boat,5050.66,No,3.8,67.26,5,Yes,Good
Jharkhand,Ranchi,01-07-2023,2023,July,35391,2516,40058.98,Hill Station,1.06,233,8345.65,Sports Event,Cold,Boat,4405.26,No,8.8,93.34,3.6,No,Average
Jharkhand,Ranchi,01-08-2023,2023,August,41695,2661,41094.04,Cultural Festival,0.93,265,7274.49,Food Festival,Snowy,Bus,5584.4,No,3.4,87.26,4.3,Yes,Poor
Jharkhand,Ranchi,01-09-2023,2023,September,19376,661,25889.17,Beach,1.29,427,3294.11,Sports Event,Rainy,Train,5675.43,No,4.8,78.5,4.6,No,Poor
Jharkhand,Ranchi,01-10-2023,2023,October,33833,3897,33785.97,Temple,0.9,118,3637.64,Crafts Mela,Cold,Flight,4822.56,Yes,13.2,50.16,4.8,No,Average
Jharkhand,Ranchi,01-11-2023,2023,November,45896,4332,69219.47,Temple,1.38,320,8257.02,Crafts Mela,Snowy,Bike,693.08,No,7,64.81,4.1,No,Good
Jharkhand,Ranchi,01-12-2023,2023,December,45475,4484,75925.15,River Rafting,1.52,327,8456.92,Festival,Cloudy,Bus,7086.64,Yes,7.7,55.19,3.8,No,Average
Jharkhand,Jamshedpur,01-01-2019,2019,January,21877,1838,23619.71,Fort,1,155,8159.38,Food Festival,Snowy,Flight,1911.06,Yes,10.3,59.13,3.8,No,Poor
Jharkhand,Jamshedpur,01-02-2019,2019,February,19072,4475,44887.95,Wildlife Sanctuary,1.91,483,9994.13,Art Fair,Humid,Boat,3710.52,Yes,3.4,77.31,3.6,Yes,Average
Jharkhand,Jamshedpur,01-03-2019,2019,March,49755,659,41592.92,Fort,0.83,395,7259.14,Festival,Cold,Bus,4708.86,No,11.4,81.78,4.7,No,Poor
Jharkhand,Jamshedpur,01-04-2019,2019,April,26270,2726,42713.27,Temple,1.47,235,9762.45,Festival,Snowy,Car,1722.57,No,3.3,63.54,3.6,Yes,Average
Jharkhand,Jamshedpur,01-05-2019,2019,May,37234,2694,57236.61,Wildlife Sanctuary,1.43,129,3540.8,Food Festival,Snowy,Bus,4024.51,Yes,8.7,56.85,3.1,No,Good
Jharkhand,Jamshedpur,01-06-2019,2019,June,35903,4324,62889.07,Wildlife Sanctuary,1.56,215,3197.53,Sports Event,Cloudy,Train,5619.89,Yes,9.9,89.54,3.3,Yes,Good
Jharkhand,Jamshedpur,01-07-2019,2019,July,10450,3747,24425.94,Backwaters,1.72,208,7915.96,Art Fair,Cold,Boat,4189.92,No,4.1,63.8,3,Yes,Poor
Jharkhand,Jamshedpur,01-08-2019,2019,August,6677,4416,15726.82,Temple,1.42,449,4074.2,Crafts Mela,Sunny,Flight,7489.34,No,6.1,66.77,3.6,Yes,Average
Jharkhand,Jamshedpur,01-09-2019,2019,September,12098,3067,28192.29,Temple,1.86,303,5623.46,Festival,Humid,Bike,2945.33,Yes,6.4,50.83,4.1,Yes,Poor
Jharkhand,Jamshedpur,01-10-2019,2019,October,25599,1158,28583.04,Wildlife Sanctuary,1.07,80,5519.16,Food Festival,Cloudy,Car,5197.53,No,13.9,65.22,4.4,Yes,Good
Jharkhand,Jamshedpur,01-11-2019,2019,November,30082,1859,46351.6,Fort,1.45,413,9335.48,Dance Festival,Rainy,Flight,5913,No,9.5,83.15,3,Yes,Good
Jharkhand,Jamshedpur,01-12-2019,2019,December,45039,3874,51924.88,Museum,1.06,338,6634.26,Food Festival,Cold,Flight,6759.18,No,13.8,71.94,3.5,No,Poor
Jharkhand,Jamshedpur,01-01-2020,2020,January,49671,2327,41052.21,Hill Station,0.79,160,6468.49,Festival,Humid,Bike,5648.8,Yes,2.6,77.8,4.2,No,Good
Jharkhand,Jamshedpur,01-02-2020,2020,February,38324,4159,52745.85,Hill Station,1.24,393,7013.66,Food Festival,Rainy,Bike,2145.6,No,12.2,86.87,4.4,Yes,Average
Jharkhand,Jamshedpur,01-03-2020,2020,March,40504,3400,34245.69,Hill Station,0.78,388,4955.55,Food Festival,Snowy,Car,4816.12,Yes,9.5,94.23,3.5,Yes,Good
Jharkhand,Jamshedpur,01-04-2020,2020,April,43929,2693,46720.58,Temple,1,467,7250.37,Art Fair,Snowy,Train,7230.4,No,14.8,74.6,4.6,No,Average
Jharkhand,Jamshedpur,01-05-2020,2020,May,42619,2481,31903.16,Hill Station,0.71,58,9082.55,Crafts Mela,Humid,Bus,1149.66,Yes,2.2,69.31,4.3,No,Average
Jharkhand,Jamshedpur,01-06-2020,2020,June,10351,1509,17208.85,Backwaters,1.45,412,5638.47,Food Festival,Snowy,Bike,4393.02,Yes,3.2,60.99,4,Yes,Good
Jharkhand,Jamshedpur,01-07-2020,2020,July,35894,3765,38152.19,Museum,0.96,90,7561.89,Crafts Mela,Snowy,Bus,5732.08,No,5.1,89.04,3.5,Yes,Average
Jharkhand,Jamshedpur,01-08-2020,2020,August,31450,2782,32866.45,River Rafting,0.96,415,2944.94,Sports Event,Humid,Boat,2808.47,No,9.5,58.16,5,No,Poor
Jharkhand,Jamshedpur,01-09-2020,2020,September,13147,2553,24246.67,Desert Safari,1.54,396,3636.6,Sports Event,Sunny,Boat,3995.93,No,6.4,74.34,3.7,No,Good
Jharkhand,Jamshedpur,01-10-2020,2020,October,39083,1756,24656.21,Backwaters,0.6,154,3112.84,Crafts Mela,Rainy,Bike,3453.7,No,13.2,55.94,4.2,No,Good
Jharkhand,Jamshedpur,01-11-2020,2020,November,49297,1336,78660.22,Museum,1.55,218,7318.41,Crafts Mela,Snowy,Car,3611.62,Yes,14.4,59.94,3.5,No,Good
Jharkhand,Jamshedpur,01-12-2020,2020,December,26983,4754,59467.21,Backwaters,1.87,290,1943.63,Religious Event,Humid,Bus,7237.68,No,9.1,94.25,4.1,No,Average
Jharkhand,Jamshedpur,01-01-2021,2021,January,15714,1242,28284.11,Museum,1.67,445,7532.64,Music Festival,Sunny,Car,6371.75,No,3.4,58.55,4.6,Yes,Average
Jharkhand,Jamshedpur,01-02-2021,2021,February,5948,1424,8739.47,Cultural Festival,1.19,122,4260.88,Sports Event,Snowy,Train,4836.59,Yes,14.7,50.1,4.5,Yes,Average
Jharkhand,Jamshedpur,01-03-2021,2021,March,44200,4793,55630.62,River Rafting,1.14,61,8881.29,Crafts Mela,Cloudy,Bike,4248.65,Yes,8.5,92.24,4.1,Yes,Average
Jharkhand,Jamshedpur,01-04-2021,2021,April,24595,691,35441.95,Temple,1.4,85,7322.35,Crafts Mela,Snowy,Boat,6161.04,Yes,8.8,69.41,3.1,Yes,Average
Jharkhand,Jamshedpur,01-05-2021,2021,May,21162,1743,23770.93,Beach,1.04,306,9907.34,Sports Event,Humid,Flight,1363.37,No,2.4,86.07,4.6,No,Poor
Jharkhand,Jamshedpur,01-06-2021,2021,June,33380,2380,36247.19,Wildlife Sanctuary,1.01,115,5806.04,Crafts Mela,Humid,Car,1492.2,No,6.1,54.5,3.5,No,Average
Jharkhand,Jamshedpur,01-07-2021,2021,July,10722,4116,30641.34,Backwaters,2.07,204,5448.57,Religious Event,Sunny,Bus,2083.53,Yes,6.7,66.18,3.4,Yes,Good
Jharkhand,Jamshedpur,01-08-2021,2021,August,41463,3780,74889.34,Wildlife Sanctuary,1.66,334,2840.34,Dance Festival,Rainy,Boat,1164.76,Yes,12.4,87.89,3.6,No,Average
Jharkhand,Jamshedpur,01-09-2021,2021,September,16260,590,16227.7,Beach,0.96,76,3123.41,Music Festival,Snowy,Flight,5009.62,Yes,8.5,72.98,4.1,Yes,Average
Jharkhand,Jamshedpur,01-10-2021,2021,October,45426,3508,42989.52,Hill Station,0.88,348,7784.37,Dance Festival,Cloudy,Train,1094.88,Yes,5.4,92.05,3.7,Yes,Average
Jharkhand,Jamshedpur,01-11-2021,2021,November,20227,3791,43064.29,Museum,1.79,188,1891.81,Music Festival,Sunny,Car,2548.34,Yes,7.5,69.24,3.5,No,Good
Jharkhand,Jamshedpur,01-12-2021,2021,December,31949,1631,23118.31,Desert Safari,0.69,64,2066.81,Religious Event,Snowy,Bike,4490.44,Yes,4.6,52.73,4.9,No,Poor
Jharkhand,Jamshedpur,01-01-2022,2022,January,37178,1377,45825.69,Fort,1.19,111,8827.59,Crafts Mela,Cloudy,Flight,6182.43,No,15,92.19,3.5,Yes,Poor
Jharkhand,Jamshedpur,01-02-2022,2022,February,33683,2041,39109.43,Temple,1.09,220,4008.24,Religious Event,Sunny,Boat,7370.16,No,14.3,69.41,3.9,No,Poor
Jharkhand,Jamshedpur,01-03-2022,2022,March,41465,1176,45193.19,Wildlife Sanctuary,1.06,409,6056.36,Dance Festival,Snowy,Boat,2269.75,Yes,14.3,84.49,3.2,No,Average
Jharkhand,Jamshedpur,01-04-2022,2022,April,16589,863,26716.59,River Rafting,1.53,69,5042.74,Food Festival,Cloudy,Flight,2024.66,No,8.5,56.73,4.8,Yes,Good
Jharkhand,Jamshedpur,01-05-2022,2022,May,26416,1920,30284.63,River Rafting,1.07,406,5034.36,Music Festival,Cloudy,Bus,4459.77,No,5.8,64.27,4.8,No,Good
Jharkhand,Jamshedpur,01-06-2022,2022,June,44271,2644,55792.15,Fort,1.19,131,6667.73,Religious Event,Snowy,Flight,2274.12,Yes,2.6,71.77,3.8,No,Poor
Jharkhand,Jamshedpur,01-07-2022,2022,July,5971,4743,17749.49,Museum,1.66,426,8022.66,Festival,Sunny,Flight,4695.61,Yes,3.1,69.56,4.1,Yes,Average
Jharkhand,Jamshedpur,01-08-2022,2022,August,18997,1597,18434.7,Temple,0.9,461,9974.54,Sports Event,Cloudy,Train,6118.11,No,14.4,72.21,4.9,No,Good
Jharkhand,Jamshedpur,01-09-2022,2022,September,21597,776,16052.08,Beach,0.72,490,2509.03,Food Festival,Cloudy,Bike,1628.47,Yes,2.6,85.55,4.8,No,Poor
Jharkhand,Jamshedpur,01-10-2022,2022,October,42031,4548,74990.19,Museum,1.61,284,5774.86,Music Festival,Cold,Boat,1069.93,Yes,3.8,62.5,3.4,Yes,Average
Jharkhand,Jamshedpur,01-11-2022,2022,November,11556,4251,27383.26,Fort,1.73,318,3537.54,Dance Festival,Snowy,Bus,2902.22,No,3.5,85.44,4.6,No,Poor
Jharkhand,Jamshedpur,01-12-2022,2022,December,48691,2993,65320.73,River Rafting,1.26,436,9449.12,Sports Event,Snowy,Car,2544.28,No,10.4,81.66,4.9,No,Good
Jharkhand,Jamshedpur,01-01-2023,2023,January,28790,815,41710.43,Wildlife Sanctuary,1.41,296,4095.65,Sports Event,Rainy,Bike,1677.59,No,6,86.43,4.2,No,Average
Jharkhand,Jamshedpur,01-02-2023,2023,February,26608,4230,42776.08,Desert Safari,1.39,71,3827.78,Music Festival,Snowy,Bike,2066.22,No,13.3,73.52,3.1,No,Average
Jharkhand,Jamshedpur,01-03-2023,2023,March,25355,1577,30695.74,River Rafting,1.14,248,7810.88,Religious Event,Cold,Train,5897.86,No,6.6,79.77,3.2,Yes,Good
Jharkhand,Jamshedpur,01-04-2023,2023,April,38872,1904,57873.99,Hill Station,1.42,164,3556.13,Religious Event,Sunny,Train,1005.11,Yes,3.1,52.54,4.4,No,Good
Jharkhand,Jamshedpur,01-05-2023,2023,May,49357,2337,79643.26,Temple,1.54,239,7438.76,Art Fair,Snowy,Bus,6943.83,Yes,3.8,71.26,3.7,No,Poor
Jharkhand,Jamshedpur,01-06-2023,2023,June,6761,3359,13869.54,River Rafting,1.37,493,7582.99,Crafts Mela,Rainy,Bike,1784.38,Yes,8.4,64.33,3.8,No,Average
Jharkhand,Jamshedpur,01-07-2023,2023,July,43963,3636,35545.38,Temple,0.75,485,7902.51,Sports Event,Humid,Bike,722.96,No,9.1,87.39,3.7,No,Good
Jharkhand,Jamshedpur,01-08-2023,2023,August,29801,1246,34212.3,Hill Station,1.1,168,3258.85,Crafts Mela,Rainy,Bike,6134.79,Yes,12.7,87.65,4.5,No,Average
Jharkhand,Jamshedpur,01-09-2023,2023,September,13949,702,22812.79,Desert Safari,1.56,208,6142.47,Art Fair,Cold,Car,1627.09,No,6.7,72.3,4.6,Yes,Average
Jharkhand,Jamshedpur,01-10-2023,2023,October,34756,4936,48408.97,Desert Safari,1.22,343,2959.39,Crafts Mela,Cold,Boat,4928.24,No,14.2,56.86,3.3,No,Average
Jharkhand,Jamshedpur,01-11-2023,2023,November,40612,4312,51241.62,Temple,1.14,322,5655.5,Food Festival,Snowy,Flight,2513.43,No,8.6,50.85,4.2,Yes,Poor
Jharkhand,Jamshedpur,01-12-2023,2023,December,39434,2776,69951.61,Desert Safari,1.66,326,9025.2,Religious Event,Humid,Bike,691.45,Yes,13.7,91.77,3.5,No,Average
Chhattisgarh,Raipur,01-01-2019,2019,January,18489,585,19916.47,Beach,1.04,435,7594.83,Crafts Mela,Rainy,Bus,4354.74,No,3.5,66.28,3.9,Yes,Poor
Chhattisgarh,Raipur,01-02-2019,2019,February,33234,2150,32960.76,Backwaters,0.93,136,7980.51,Music Festival,Snowy,Bus,5022.06,No,9.6,72.73,4.7,No,Poor
Chhattisgarh,Raipur,01-03-2019,2019,March,46734,4455,57848.18,Cultural Festival,1.13,368,6325.92,Music Festival,Cloudy,Bike,3228.31,Yes,6.8,69.55,4.7,Yes,Poor
Chhattisgarh,Raipur,01-04-2019,2019,April,15234,2411,19880.48,Hill Station,1.13,53,5745.39,Festival,Cold,Bus,4610.52,No,12.8,64.65,4.9,No,Good
Chhattisgarh,Raipur,01-05-2019,2019,May,16240,2331,25337.29,Hill Station,1.36,423,4159.56,Music Festival,Rainy,Bike,6201.99,Yes,9.4,63.58,4,No,Good
Chhattisgarh,Raipur,01-06-2019,2019,June,14585,3857,30768.42,Backwaters,1.67,210,2546.38,Art Fair,Rainy,Car,7457.32,No,10.8,85.7,3.5,No,Good
Chhattisgarh,Raipur,01-07-2019,2019,July,16613,3112,25974.11,Backwaters,1.32,463,7256.86,Dance Festival,Cold,Flight,2050.04,Yes,2.2,54.24,4.8,Yes,Good
Chhattisgarh,Raipur,01-08-2019,2019,August,26957,4018,57695.28,River Rafting,1.86,57,4845.58,Art Fair,Sunny,Train,599.77,Yes,6.8,70.51,4.2,Yes,Poor
Chhattisgarh,Raipur,01-09-2019,2019,September,18219,2165,31427.96,Backwaters,1.54,141,3973.13,Crafts Mela,Sunny,Car,2547.81,Yes,5.3,55.31,4.1,Yes,Poor
Chhattisgarh,Raipur,01-10-2019,2019,October,13001,3760,30906.05,Backwaters,1.84,367,9281.33,Sports Event,Cloudy,Bike,2891.33,Yes,14.4,55.28,4.1,Yes,Good
Chhattisgarh,Raipur,01-11-2019,2019,November,42343,1732,28868.89,Fort,0.65,288,9516.75,Art Fair,Rainy,Bus,5226.23,Yes,10.3,53.3,3.8,No,Poor
Chhattisgarh,Raipur,01-12-2019,2019,December,8246,1751,16881.18,Backwaters,1.69,353,5224.07,Music Festival,Sunny,Car,2017.25,No,5.5,75.7,3.5,No,Average
Chhattisgarh,Raipur,01-01-2020,2020,January,41342,1758,49997.24,Wildlife Sanctuary,1.16,284,9751.32,Crafts Mela,Snowy,Bus,6875.43,Yes,11.8,64.71,4.7,Yes,Good
Chhattisgarh,Raipur,01-02-2020,2020,February,19109,2054,32486.06,Cultural Festival,1.54,372,8752.41,Religious Event,Sunny,Bus,5922.21,No,3,60.93,4.9,Yes,Poor
Chhattisgarh,Raipur,01-03-2020,2020,March,36634,2024,57344.58,Cultural Festival,1.48,367,2110.99,Dance Festival,Cloudy,Bus,3717.28,No,12.9,80.25,4.1,Yes,Poor
Chhattisgarh,Raipur,01-04-2020,2020,April,26085,3594,42943.06,Backwaters,1.45,379,6627.17,Art Fair,Cold,Car,7884.43,Yes,14.6,58.89,4.5,No,Good
Chhattisgarh,Raipur,01-05-2020,2020,May,33566,3935,30264.26,Desert Safari,0.81,258,4578.33,Festival,Cold,Boat,5891.33,Yes,14.3,53.84,3.7,Yes,Average
Chhattisgarh,Raipur,01-06-2020,2020,June,24699,4144,45327.65,Temple,1.57,186,1797.84,Crafts Mela,Sunny,Boat,7032.97,No,4.3,64.48,3.4,No,Average
Chhattisgarh,Raipur,01-07-2020,2020,July,26380,4393,51455.32,Backwaters,1.67,323,3342.28,Religious Event,Cloudy,Bus,1142.18,No,9.6,77.92,4,No,Poor
Chhattisgarh,Raipur,01-08-2020,2020,August,11640,1703,13961.72,Cultural Festival,1.05,242,1909.62,Art Fair,Snowy,Car,7320.98,Yes,12.6,84.83,3.1,Yes,Average
Chhattisgarh,Raipur,01-09-2020,2020,September,7602,945,10225.88,Backwaters,1.2,486,8552.1,Music Festival,Sunny,Train,3720.39,No,10.6,84.9,4.8,Yes,Average
Chhattisgarh,Raipur,01-10-2020,2020,October,40646,625,26437.27,Temple,0.64,125,9053.54,Festival,Humid,Car,2663.43,No,7.3,86.83,3.6,Yes,Good
Chhattisgarh,Raipur,01-11-2020,2020,November,22715,2717,43012.18,Wildlife Sanctuary,1.69,98,7974,Crafts Mela,Sunny,Bus,1540.76,No,13.5,79.64,4.3,No,Poor
Chhattisgarh,Raipur,01-12-2020,2020,December,40862,3692,47033.69,River Rafting,1.06,92,1974.5,Festival,Rainy,Flight,676.96,No,14.6,90.7,4.9,Yes,Average
Chhattisgarh,Raipur,01-01-2021,2021,January,18449,4848,42590.45,Desert Safari,1.83,113,7915.38,Crafts Mela,Snowy,Flight,7549.91,No,2.6,85.17,4.4,No,Poor
Chhattisgarh,Raipur,01-02-2021,2021,February,13231,971,14898.37,Wildlife Sanctuary,1.05,134,5291.21,Food Festival,Humid,Bus,3315.5,Yes,6.3,91.81,4.7,No,Average
Chhattisgarh,Raipur,01-03-2021,2021,March,29825,2412,29698.22,River Rafting,0.92,353,9912.62,Food Festival,Rainy,Bike,2840.24,Yes,8.6,86.26,4.2,No,Good
Chhattisgarh,Raipur,01-04-2021,2021,April,29926,809,25547.24,Desert Safari,0.83,193,3944.63,Dance Festival,Snowy,Car,4775.83,Yes,2.9,66.4,4.8,No,Good
Chhattisgarh,Raipur,01-05-2021,2021,May,48819,4704,80788.23,Museum,1.51,275,9398.17,Music Festival,Humid,Flight,6834.85,No,11.6,80.32,3.6,Yes,Good
Chhattisgarh,Raipur,01-06-2021,2021,June,48089,2743,48665.9,Museum,0.96,190,3910.24,Festival,Cloudy,Flight,5616.7,Yes,9.2,71.7,3.2,No,Average
Chhattisgarh,Raipur,01-07-2021,2021,July,32945,2323,25331.11,River Rafting,0.72,481,7093.93,Art Fair,Cold,Flight,2331.38,No,4.3,52.54,4.6,Yes,Average
Chhattisgarh,Raipur,01-08-2021,2021,August,26676,2754,28786.61,Fort,0.98,96,9914.04,Music Festival,Rainy,Car,7461.73,Yes,4.5,80.8,3.7,No,Poor
Chhattisgarh,Raipur,01-09-2021,2021,September,17830,3462,27905.49,Temple,1.31,310,5361.39,Religious Event,Cold,Bike,6961.1,Yes,3.5,74.63,3,Yes,Poor
Chhattisgarh,Raipur,01-10-2021,2021,October,35389,1298,48204.51,Museum,1.31,445,5060.49,Religious Event,Rainy,Boat,4519.77,Yes,7.4,50.13,4.3,Yes,Poor
Chhattisgarh,Raipur,01-11-2021,2021,November,44812,1817,35485.24,Temple,0.76,69,4991.77,Sports Event,Cloudy,Flight,2197.18,No,13.3,86.63,4.9,No,Good
Chhattisgarh,Raipur,01-12-2021,2021,December,30664,2538,43824.83,Temple,1.32,57,4025.44,Festival,Cold,Bike,3512.55,Yes,14,67.37,3.5,Yes,Good
Chhattisgarh,Raipur,01-01-2022,2022,January,30478,3859,40569.73,Temple,1.18,457,7534.86,Music Festival,Humid,Flight,3023.61,Yes,14.7,93.72,3.6,No,Good
Chhattisgarh,Raipur,01-02-2022,2022,February,37382,4806,41008.78,Beach,0.97,209,4652.13,Festival,Humid,Car,3018.4,Yes,9.6,75.54,4.6,No,Poor
Chhattisgarh,Raipur,01-03-2022,2022,March,27082,4669,45682.43,River Rafting,1.44,317,1798.29,Art Fair,Sunny,Car,5490.99,No,10.7,65.82,4.3,No,Poor
Chhattisgarh,Raipur,01-04-2022,2022,April,43859,975,56199.4,Desert Safari,1.25,437,3704.01,Religious Event,Humid,Bus,3499.27,No,11.6,74.97,4.4,No,Good
Chhattisgarh,Raipur,01-05-2022,2022,May,43018,2613,33974.63,Backwaters,0.74,292,2155.78,Dance Festival,Humid,Boat,5399.67,No,14.3,67.56,4.6,Yes,Good
Chhattisgarh,Raipur,01-06-2022,2022,June,38805,3831,63113.05,Wildlife Sanctuary,1.48,172,5071.02,Crafts Mela,Rainy,Car,3253.65,No,13.7,68.2,3.6,No,Average
Chhattisgarh,Raipur,01-07-2022,2022,July,24770,3809,35957.1,Fort,1.26,446,9464.34,Crafts Mela,Snowy,Flight,4519.08,No,13,74.04,3.5,Yes,Good
Chhattisgarh,Raipur,01-08-2022,2022,August,46184,2450,56831.59,Temple,1.17,325,3002.22,Crafts Mela,Humid,Train,5518.29,No,4.5,78.3,4.7,No,Good
Chhattisgarh,Raipur,01-09-2022,2022,September,31466,3022,42658.97,Museum,1.24,354,8072.79,Art Fair,Cloudy,Boat,2538.35,No,2.2,67.76,3.6,Yes,Poor
Chhattisgarh,Raipur,01-10-2022,2022,October,36795,3905,57282.84,Cultural Festival,1.41,269,8424.55,Sports Event,Rainy,Flight,1505.18,Yes,2.5,54.34,3,Yes,Poor
Chhattisgarh,Raipur,01-11-2022,2022,November,45700,3077,50928.31,Fort,1.04,310,5326.42,Food Festival,Humid,Flight,2116.07,Yes,11.1,71.97,4.1,Yes,Good
Chhattisgarh,Raipur,01-12-2022,2022,December,49419,1160,70262.8,Backwaters,1.39,462,2155.81,Sports Event,Sunny,Bus,6309.09,No,10.5,57.68,4.8,Yes,Average
Chhattisgarh,Raipur,01-01-2023,2023,January,29269,3980,45751.84,Backwaters,1.38,283,4024.86,Festival,Snowy,Car,2112.39,No,11.4,53.09,4.3,No,Poor
Chhattisgarh,Raipur,01-02-2023,2023,February,45793,3224,39230.49,Desert Safari,0.8,379,4248.33,Festival,Cloudy,Bus,4965.15,Yes,3.2,84.52,4.4,No,Average
Chhattisgarh,Raipur,01-03-2023,2023,March,23443,1509,30457.85,Temple,1.22,90,7299.52,Food Festival,Humid,Boat,7544.85,Yes,13.6,82.43,3.6,No,Poor
Chhattisgarh,Raipur,01-04-2023,2023,April,7663,2419,19203.15,Fort,1.9,167,7252.06,Crafts Mela,Cold,Car,3308.76,Yes,4.8,73.52,4.9,Yes,Average
Chhattisgarh,Raipur,01-05-2023,2023,May,38683,4180,64679.78,Backwaters,1.51,388,5904.85,Dance Festival,Snowy,Boat,3687.1,Yes,9.5,83.89,3.3,Yes,Good
Chhattisgarh,Raipur,01-06-2023,2023,June,9259,4374,24193.55,Wildlife Sanctuary,1.77,75,6180.2,Art Fair,Sunny,Bus,2510.07,No,14.4,93.79,3.1,Yes,Good
Chhattisgarh,Raipur,01-07-2023,2023,July,27753,3475,47985.8,Desert Safari,1.54,464,7626.14,Sports Event,Sunny,Bus,2828.89,Yes,10,68.97,3.3,No,Poor
Chhattisgarh,Raipur,01-08-2023,2023,August,33510,520,35291.98,Museum,1.04,432,7392.96,Sports Event,Sunny,Car,1494.62,No,6.7,81.42,3.6,Yes,Good
Chhattisgarh,Raipur,01-09-2023,2023,September,24366,1437,39633.71,Cultural Festival,1.54,96,4696.62,Dance Festival,Cold,Flight,753.28,No,14.4,54.51,3,Yes,Poor
Chhattisgarh,Raipur,01-10-2023,2023,October,33724,3686,38875.19,Desert Safari,1.04,204,2345.54,Sports Event,Rainy,Car,1029.6,No,9.4,70.91,4.1,No,Average
Chhattisgarh,Raipur,01-11-2023,2023,November,24009,3407,31482.77,Temple,1.15,436,5426.53,Music Festival,Snowy,Car,4050.71,Yes,11.8,61.66,4.6,No,Good
Chhattisgarh,Raipur,01-12-2023,2023,December,9300,4535,24062.64,River Rafting,1.74,194,2985.65,Crafts Mela,Cloudy,Car,2061,Yes,12,91.18,4.9,Yes,Average
Chhattisgarh,Bilaspur,01-01-2019,2019,January,26221,2204,19606.75,Fort,0.69,150,8183.99,Dance Festival,Rainy,Flight,1127.13,Yes,12.4,87.19,4.7,No,Poor
Chhattisgarh,Bilaspur,01-02-2019,2019,February,14493,4292,26212.08,Beach,1.4,62,5778.75,Music Festival,Cold,Car,1596.78,No,12.2,59.87,5,Yes,Average
Chhattisgarh,Bilaspur,01-03-2019,2019,March,43029,4014,53336.74,Desert Safari,1.13,212,2077.81,Art Fair,Cloudy,Train,4946.9,No,12.4,88.53,4.6,Yes,Average
Chhattisgarh,Bilaspur,01-04-2019,2019,April,22933,4987,52451.77,Cultural Festival,1.88,352,6421.36,Sports Event,Sunny,Bike,3672.16,No,11.4,72.27,3,No,Poor
Chhattisgarh,Bilaspur,01-05-2019,2019,May,19575,1858,32747.87,Desert Safari,1.53,168,7111.34,Sports Event,Humid,Bike,4050.29,Yes,2.7,78.5,3.5,Yes,Poor
Chhattisgarh,Bilaspur,01-06-2019,2019,June,22094,4271,29729.24,Fort,1.13,50,5593.02,Dance Festival,Sunny,Flight,943.95,Yes,7.5,90.88,3.1,Yes,Good
Chhattisgarh,Bilaspur,01-07-2019,2019,July,35971,1180,48751.55,Wildlife Sanctuary,1.31,438,6259.72,Dance Festival,Humid,Bus,2705.93,Yes,6.8,58.52,4.7,No,Poor
Chhattisgarh,Bilaspur,01-08-2019,2019,August,9325,2203,16629.53,Temple,1.44,464,6411.52,Sports Event,Cold,Bus,1679.11,Yes,12.7,61.24,3.4,No,Poor
Chhattisgarh,Bilaspur,01-09-2019,2019,September,18747,4384,42151.27,Cultural Festival,1.82,62,6525.3,Festival,Snowy,Train,5827.49,No,5.6,90.66,4.9,No,Average
Chhattisgarh,Bilaspur,01-10-2019,2019,October,48918,1809,48156.48,Temple,0.95,499,8680.2,Art Fair,Sunny,Train,6715.33,No,5,51.94,3.1,Yes,Average
Chhattisgarh,Bilaspur,01-11-2019,2019,November,41088,3040,58066.58,Fort,1.32,129,3937.44,Religious Event,Humid,Flight,5621.74,No,6.1,68.04,4.4,No,Average
Chhattisgarh,Bilaspur,01-12-2019,2019,December,31083,3095,57277.65,Museum,1.68,108,3176.9,Dance Festival,Cloudy,Bike,3784.04,No,3.5,50.47,4.2,No,Average
Chhattisgarh,Bilaspur,01-01-2020,2020,January,33634,1967,36974.25,Temple,1.04,215,3787.91,Music Festival,Snowy,Car,2987.48,No,9.5,56.3,3.3,No,Poor
Chhattisgarh,Bilaspur,01-02-2020,2020,February,18006,2225,20718.24,Backwaters,1.02,101,5994.47,Sports Event,Cold,Train,4268.26,Yes,10.9,61.62,4.3,No,Average
Chhattisgarh,Bilaspur,01-03-2020,2020,March,40560,2892,63996.82,Wildlife Sanctuary,1.47,213,2258.37,Food Festival,Rainy,Boat,6477.18,No,5.1,93.3,4.4,Yes,Good
Chhattisgarh,Bilaspur,01-04-2020,2020,April,38116,3679,53955.97,River Rafting,1.29,54,2505.93,Music Festival,Sunny,Flight,3130.3,No,14.4,76.91,4.4,No,Good
Chhattisgarh,Bilaspur,01-05-2020,2020,May,7480,1473,16773.08,Fort,1.87,63,4620.24,Food Festival,Humid,Boat,3021.94,Yes,13.7,71.59,4.2,No,Poor
Chhattisgarh,Bilaspur,01-06-2020,2020,June,47560,2925,71234.12,Wildlife Sanctuary,1.41,293,8796.14,Religious Event,Cold,Train,751.14,No,4.3,60.85,3.2,No,Poor
Chhattisgarh,Bilaspur,01-07-2020,2020,July,25566,4235,47848.19,Fort,1.61,58,1853.23,Art Fair,Sunny,Bike,7675.37,No,14.8,67.31,4.3,Yes,Average
Chhattisgarh,Bilaspur,01-08-2020,2020,August,22369,3934,30650.59,Hill Station,1.17,448,3167.57,Dance Festival,Cloudy,Flight,6371.65,No,12.1,91.68,3.4,Yes,Average
Chhattisgarh,Bilaspur,01-09-2020,2020,September,44994,3027,61852.93,Temple,1.29,337,6353.54,Art Fair,Sunny,Bus,1050.54,No,13,85.57,4.9,No,Average
Chhattisgarh,Bilaspur,01-10-2020,2020,October,40107,3061,40907.19,Museum,0.95,336,9367.66,Religious Event,Cloudy,Bike,4655.37,No,12.1,84.25,3.7,No,Average
Chhattisgarh,Bilaspur,01-11-2020,2020,November,40075,4975,66184.66,Fort,1.47,473,1726.99,Festival,Sunny,Bike,3705.04,Yes,14.2,71.68,3.7,No,Average
Chhattisgarh,Bilaspur,01-12-2020,2020,December,43647,1075,28907.44,Desert Safari,0.65,411,9905.89,Art Fair,Rainy,Bike,2063.4,Yes,13.4,84.16,4.4,Yes,Average
Chhattisgarh,Bilaspur,01-01-2021,2021,January,40914,4732,54159.02,River Rafting,1.19,455,7161.67,Festival,Humid,Boat,7413.42,No,2.6,73.37,4,No,Average
Chhattisgarh,Bilaspur,01-02-2021,2021,February,45295,2449,51542.68,Cultural Festival,1.08,191,2153.76,Music Festival,Sunny,Car,3332.94,Yes,10.9,56,4.8,Yes,Good
Chhattisgarh,Bilaspur,01-03-2021,2021,March,48620,4866,38141.3,Wildlife Sanctuary,0.71,408,2836.84,Religious Event,Rainy,Boat,6266.46,No,13.5,90.86,3.1,Yes,Good
Chhattisgarh,Bilaspur,01-04-2021,2021,April,32132,3036,34325.46,Cultural Festival,0.98,288,6573.49,Art Fair,Sunny,Car,4884.43,No,2.7,71.11,4.7,No,Poor
Chhattisgarh,Bilaspur,01-05-2021,2021,May,46557,4124,60779.9,Cultural Festival,1.2,477,8075.35,Dance Festival,Humid,Flight,1174.93,No,12.9,86.94,3.5,Yes,Good
Chhattisgarh,Bilaspur,01-06-2021,2021,June,32116,1983,23633.8,Museum,0.69,124,3401.71,Art Fair,Humid,Train,3833.22,No,7.9,69.21,4.5,No,Average
Chhattisgarh,Bilaspur,01-07-2021,2021,July,30247,4411,34524.44,Cultural Festival,1,106,9902.36,Crafts Mela,Humid,Car,7394.48,No,2.7,89.75,4.6,Yes,Average
Chhattisgarh,Bilaspur,01-08-2021,2021,August,16167,1178,14255.5,Backwaters,0.82,186,8771.6,Religious Event,Snowy,Boat,7698.21,No,4.8,81.17,4,Yes,Poor
Chhattisgarh,Bilaspur,01-09-2021,2021,September,48742,3821,63974.55,River Rafting,1.22,107,8658.5,Crafts Mela,Cloudy,Flight,1826.24,No,13.3,59.89,3.9,Yes,Average
Chhattisgarh,Bilaspur,01-10-2021,2021,October,39159,3960,58248.94,Cultural Festival,1.35,354,3248.86,Art Fair,Cloudy,Car,2793.93,Yes,12.8,88.56,3.9,No,Average
Chhattisgarh,Bilaspur,01-11-2021,2021,November,20461,2535,27383.8,Beach,1.19,390,6987.49,Music Festival,Cold,Boat,6928.28,Yes,12.5,82.89,4.5,No,Poor
Chhattisgarh,Bilaspur,01-12-2021,2021,December,26173,3652,27137.58,Beach,0.91,270,8569.1,Sports Event,Humid,Car,4381.12,No,5.4,87.17,3.1,No,Average
Chhattisgarh,Bilaspur,01-01-2022,2022,January,40451,4685,74761.95,River Rafting,1.66,427,1620.86,Religious Event,Cloudy,Bus,3766.68,No,13.7,93.67,4.8,No,Good
Chhattisgarh,Bilaspur,01-02-2022,2022,February,40692,3880,72174.92,Cultural Festival,1.62,110,9445.38,Dance Festival,Sunny,Boat,1533.14,Yes,3,72.67,3.5,Yes,Poor
Chhattisgarh,Bilaspur,01-03-2022,2022,March,18740,864,28047.9,Hill Station,1.43,284,1576.62,Food Festival,Rainy,Car,4108.05,Yes,3.1,58.18,3.5,Yes,Good
Chhattisgarh,Bilaspur,01-04-2022,2022,April,30274,1967,30772.07,Desert Safari,0.95,444,3599.64,Sports Event,Cloudy,Boat,2011.04,Yes,11.5,93.46,4.4,Yes,Good
Chhattisgarh,Bilaspur,01-05-2022,2022,May,13101,1745,12742.48,Fort,0.86,158,6469.61,Religious Event,Snowy,Boat,7088.1,Yes,10.4,56.76,4.8,Yes,Good
Chhattisgarh,Bilaspur,01-06-2022,2022,June,38915,2262,50595.82,Hill Station,1.23,299,8333.66,Religious Event,Humid,Train,1778.27,No,5.5,88.82,3.1,No,Good
Chhattisgarh,Bilaspur,01-07-2022,2022,July,20536,4183,25963.08,Cultural Festival,1.05,116,4632.58,Crafts Mela,Cloudy,Car,5778.16,Yes,14.8,93.3,3.9,Yes,Poor
Chhattisgarh,Bilaspur,01-08-2022,2022,August,33134,1306,48712.35,Wildlife Sanctuary,1.41,474,2923.75,Festival,Rainy,Bike,7487.25,No,5.4,88.8,3.5,Yes,Poor
Chhattisgarh,Bilaspur,01-09-2022,2022,September,48713,4650,40170.3,Wildlife Sanctuary,0.75,427,8966.86,Art Fair,Snowy,Flight,2498.36,No,7.4,61.53,3.4,No,Good
Chhattisgarh,Bilaspur,01-10-2022,2022,October,35334,2265,33890.48,Temple,0.9,349,8147.57,Festival,Sunny,Boat,5777.96,No,2.7,73.43,4.2,No,Poor
Chhattisgarh,Bilaspur,01-11-2022,2022,November,36631,1740,30104.68,River Rafting,0.78,262,2902.48,Dance Festival,Humid,Train,7867.12,No,5.5,69.11,4,No,Good
Chhattisgarh,Bilaspur,01-12-2022,2022,December,24747,3100,48189.88,River Rafting,1.73,161,3486.72,Art Fair,Cloudy,Bus,2566.46,No,7.6,82.99,4.6,Yes,Good
Chhattisgarh,Bilaspur,01-01-2023,2023,January,26326,4742,54872.26,River Rafting,1.77,246,5596.54,Religious Event,Cloudy,Bus,4624.51,No,4.3,52.81,4.1,No,Good
Chhattisgarh,Bilaspur,01-02-2023,2023,February,37399,1265,28005.73,Beach,0.72,444,9274.63,Music Festival,Rainy,Bus,7298.4,No,10.4,76.73,4,No,Average
Chhattisgarh,Bilaspur,01-03-2023,2023,March,27750,1047,22683.41,Fort,0.79,331,4944.58,Dance Festival,Cold,Boat,6758.12,Yes,11.7,62.17,4.8,Yes,Good
Chhattisgarh,Bilaspur,01-04-2023,2023,April,47694,4852,42268.23,Cultural Festival,0.8,75,4692.14,Music Festival,Cold,Car,6202.99,No,2.1,50.52,3.9,Yes,Good
Chhattisgarh,Bilaspur,01-05-2023,2023,May,11263,1340,20940.54,Desert Safari,1.66,200,6169.37,Dance Festival,Rainy,Car,1973.86,Yes,14.8,63.54,4.6,No,Average
Chhattisgarh,Bilaspur,01-06-2023,2023,June,16377,1756,23902.16,Temple,1.32,178,5716.05,Festival,Snowy,Car,4193.71,No,8.8,68.41,3.7,No,Good
Chhattisgarh,Bilaspur,01-07-2023,2023,July,44890,4235,60483.67,Backwaters,1.23,117,4853.6,Religious Event,Cold,Boat,6610.81,No,13.6,84.93,4.9,Yes,Good
Chhattisgarh,Bilaspur,01-08-2023,2023,August,36967,4892,60071.93,Museum,1.44,78,1625.56,Sports Event,Rainy,Train,2059.41,Yes,14.2,60.27,4,Yes,Poor
Chhattisgarh,Bilaspur,01-09-2023,2023,September,12859,4684,22154.67,Desert Safari,1.26,487,9429.92,Food Festival,Snowy,Flight,5896.9,Yes,7.9,50.54,4.3,No,Poor
Chhattisgarh,Bilaspur,01-10-2023,2023,October,7684,919,9220.93,Hill Station,1.07,73,9856.61,Festival,Cloudy,Bus,3738.46,No,2.4,90.93,3.9,Yes,Poor
Chhattisgarh,Bilaspur,01-11-2023,2023,November,7639,1414,8583.14,Cultural Festival,0.95,125,2602.25,Music Festival,Snowy,Car,4720.79,Yes,12.7,71.91,3.3,No,Good
Chhattisgarh,Bilaspur,01-12-2023,2023,December,48603,1337,39084.56,Wildlife Sanctuary,0.78,212,6539.6,Music Festival,Cold,Bike,3858.13,Yes,10.9,82.73,3.7,Yes,Average
Haryana,Gurgaon,01-01-2019,2019,January,46838,2294,37718.45,Museum,0.77,242,5158.03,Art Fair,Cold,Flight,5540.67,Yes,5.6,85.14,3.3,Yes,Poor
Haryana,Gurgaon,01-02-2019,2019,February,23412,2603,29962.7,River Rafting,1.15,310,7684.26,Religious Event,Sunny,Flight,5935.89,Yes,4.6,71.53,4.7,No,Good
Haryana,Gurgaon,01-03-2019,2019,March,49665,1700,78615.48,Beach,1.53,173,9272.66,Dance Festival,Sunny,Flight,633.76,Yes,5.3,79.87,3.6,Yes,Average
Haryana,Gurgaon,01-04-2019,2019,April,35125,3382,44699.25,Museum,1.16,65,3399.51,Sports Event,Sunny,Bike,4430.92,Yes,7.7,63.77,3.5,No,Poor
Haryana,Gurgaon,01-05-2019,2019,May,14354,2857,32669.44,Desert Safari,1.9,61,4210.7,Religious Event,Rainy,Bus,1267.07,No,2.4,57.49,5,No,Average
Haryana,Gurgaon,01-06-2019,2019,June,34339,1306,25270.49,Museum,0.71,258,6845.18,Sports Event,Cold,Boat,4259.04,No,6.8,87.26,4.7,Yes,Average
Haryana,Gurgaon,01-07-2019,2019,July,32321,1726,38368.69,Desert Safari,1.13,127,3067.37,Sports Event,Rainy,Train,5202.65,No,14.1,94.57,3.8,Yes,Poor
Haryana,Gurgaon,01-08-2019,2019,August,10403,2626,18637.74,Fort,1.43,340,2804.62,Music Festival,Rainy,Bus,7056.52,No,7.8,62.38,3.9,Yes,Good
Haryana,Gurgaon,01-09-2019,2019,September,36176,3730,38315.44,Wildlife Sanctuary,0.96,132,2832.32,Art Fair,Sunny,Train,7714.8,No,14.1,71.19,4.4,No,Good
Haryana,Gurgaon,01-10-2019,2019,October,36486,2608,28542.95,Temple,0.73,353,3681.69,Sports Event,Cloudy,Train,2540.07,No,6.9,50.39,3.8,No,Good
Haryana,Gurgaon,01-11-2019,2019,November,24655,3873,27826.23,Beach,0.98,415,9825.31,Music Festival,Rainy,Train,6979.2,No,11.4,67.4,3.9,No,Average
Haryana,Gurgaon,01-12-2019,2019,December,37352,4433,63493.93,Hill Station,1.52,148,1924.34,Crafts Mela,Cloudy,Car,7220.09,No,6.8,85.91,3.7,Yes,Average
Haryana,Gurgaon,01-01-2020,2020,January,22931,975,26137.58,Cultural Festival,1.09,79,7426.19,Music Festival,Cloudy,Boat,5583.22,No,12.5,88.22,4.5,No,Average
Haryana,Gurgaon,01-02-2020,2020,February,35813,4633,33404.07,Beach,0.83,405,6243.35,Dance Festival,Rainy,Boat,2496.93,Yes,2.8,89.04,4.2,Yes,Poor
Haryana,Gurgaon,01-03-2020,2020,March,25206,1940,31249.04,Cultural Festival,1.15,126,4126.31,Sports Event,Sunny,Bus,1235.95,Yes,5.4,56.58,3.1,Yes,Poor
Haryana,Gurgaon,01-04-2020,2020,April,47049,1021,39720.18,Wildlife Sanctuary,0.83,180,1678.74,Crafts Mela,Sunny,Boat,1399.27,Yes,11.8,60.16,4.8,Yes,Good
Haryana,Gurgaon,01-05-2020,2020,May,46763,550,57588.74,Backwaters,1.22,310,9366.42,Food Festival,Rainy,Boat,1556.85,Yes,9.3,76.05,4.9,Yes,Good
Haryana,Gurgaon,01-06-2020,2020,June,12989,3993,27918.2,Backwaters,1.64,444,5049.21,Dance Festival,Snowy,Bike,5481.86,Yes,4.4,92.83,3.7,Yes,Average
Haryana,Gurgaon,01-07-2020,2020,July,44670,2547,77072.69,Hill Station,1.63,51,2461.06,Religious Event,Humid,Train,3218.11,No,7.9,84.71,3.5,No,Poor
Haryana,Gurgaon,01-08-2020,2020,August,12447,4888,22823.2,Fort,1.32,240,5995.98,Music Festival,Snowy,Car,2228.18,No,7.5,89.05,4.9,No,Average
Haryana,Gurgaon,01-09-2020,2020,September,44319,944,55700.94,River Rafting,1.23,271,6276.06,Sports Event,Rainy,Car,1011.37,No,13.2,62.78,3.8,No,Poor
Haryana,Gurgaon,01-10-2020,2020,October,6968,1899,17291.25,Desert Safari,1.95,134,8547.82,Food Festival,Cold,Boat,3165.28,No,14.6,75.18,4.4,No,Poor
Haryana,Gurgaon,01-11-2020,2020,November,18892,2529,28747.35,River Rafting,1.34,214,4891.96,Music Festival,Rainy,Bus,4889.25,No,12.6,52.44,3.4,No,Good
Haryana,Gurgaon,01-12-2020,2020,December,40311,2220,38124.59,Backwaters,0.9,341,9562.17,Religious Event,Sunny,Train,5134.09,No,3.7,58.65,3.9,Yes,Poor
Haryana,Gurgaon,01-01-2021,2021,January,7649,548,7512.67,Cultural Festival,0.92,161,3922.67,Festival,Cloudy,Bus,7119.37,Yes,3.7,58.72,3.3,Yes,Poor
Haryana,Gurgaon,01-02-2021,2021,February,21527,4672,35887.93,Wildlife Sanctuary,1.37,79,1881.67,Religious Event,Humid,Flight,4675.14,Yes,4.1,92.74,4.3,Yes,Good
Haryana,Gurgaon,01-03-2021,2021,March,25987,1441,32892.55,Beach,1.2,306,6720.2,Religious Event,Rainy,Boat,2059.23,Yes,5.3,67.09,4.9,Yes,Good
Haryana,Gurgaon,01-04-2021,2021,April,37405,4337,52203.93,River Rafting,1.25,421,5738.94,Crafts Mela,Cloudy,Boat,3335.88,Yes,12.1,60.66,3.1,No,Poor
Haryana,Gurgaon,01-05-2021,2021,May,11118,2611,17420.06,Beach,1.27,164,4033.38,Festival,Rainy,Bus,2116.94,Yes,6.5,73.3,3.2,No,Poor
Haryana,Gurgaon,01-06-2021,2021,June,42250,4036,59029.79,River Rafting,1.28,174,7341.03,Crafts Mela,Humid,Flight,5670.33,Yes,11.4,66.57,4.7,No,Poor
Haryana,Gurgaon,01-07-2021,2021,July,40182,1289,32852.11,Cultural Festival,0.79,300,3821.75,Sports Event,Sunny,Boat,4099.54,Yes,13.9,58.36,3.8,Yes,Average
Haryana,Gurgaon,01-08-2021,2021,August,7662,4620,23596.45,Cultural Festival,1.92,119,3431.02,Sports Event,Cold,Bike,3488.42,Yes,2.6,67.44,4.7,No,Poor
Haryana,Gurgaon,01-09-2021,2021,September,8555,1538,16779.94,Wildlife Sanctuary,1.66,145,5038.97,Art Fair,Snowy,Bike,1424.31,Yes,4.8,89.5,3.8,Yes,Average
Haryana,Gurgaon,01-10-2021,2021,October,11917,2456,21945.64,River Rafting,1.53,153,1856.98,Food Festival,Cloudy,Car,2256.47,No,11.3,52.89,3.7,Yes,Good
Haryana,Gurgaon,01-11-2021,2021,November,44829,4333,59546.71,Temple,1.21,480,4282.37,Food Festival,Sunny,Car,1926.2,Yes,5.9,91.98,3.7,No,Good
Haryana,Gurgaon,01-12-2021,2021,December,13875,994,20613.83,Desert Safari,1.39,484,3724.54,Food Festival,Snowy,Bus,4035.54,No,11.3,55.17,3.1,No,Average
Haryana,Gurgaon,01-01-2022,2022,January,13415,3054,18998.62,Hill Station,1.15,285,6256.3,Crafts Mela,Cold,Boat,6684.12,Yes,8.8,88.35,4.1,Yes,Average
Haryana,Gurgaon,01-02-2022,2022,February,14843,4842,35949.85,Fort,1.83,123,6409.23,Food Festival,Snowy,Car,2691.41,No,7.7,79.65,4,No,Average
Haryana,Gurgaon,01-03-2022,2022,March,39904,4387,43366.35,Desert Safari,0.98,52,6292.96,Religious Event,Humid,Bus,5980.72,No,13.9,57.01,4.8,Yes,Poor
Haryana,Gurgaon,01-04-2022,2022,April,6584,1315,9353.53,Beach,1.18,78,7662.87,Dance Festival,Sunny,Car,4324.57,No,8.9,90.37,4.1,No,Poor
Haryana,Gurgaon,01-05-2022,2022,May,11240,517,11215.69,River Rafting,0.95,384,4439.4,Art Fair,Sunny,Boat,4574.42,Yes,7.8,62.18,3.4,No,Poor
Haryana,Gurgaon,01-06-2022,2022,June,26296,3503,39003.47,Cultural Festival,1.31,411,7304.17,Art Fair,Rainy,Bus,7659.28,No,13.2,52.75,3.3,Yes,Good
Haryana,Gurgaon,01-07-2022,2022,July,41804,4372,43311.95,River Rafting,0.94,111,2622.89,Dance Festival,Humid,Bike,6880.73,Yes,10.7,83.37,4.4,Yes,Poor
Haryana,Gurgaon,01-08-2022,2022,August,19005,1061,25131.83,Hill Station,1.25,94,2434.5,Sports Event,Rainy,Boat,7697.25,No,8,68.02,4.7,Yes,Good
Haryana,Gurgaon,01-09-2022,2022,September,46873,1126,73416.12,River Rafting,1.53,470,5491.4,Sports Event,Snowy,Bike,637.32,No,13.5,72.74,4.9,No,Good
Haryana,Gurgaon,01-10-2022,2022,October,14320,2714,22990.5,Backwaters,1.35,172,4559.03,Festival,Cloudy,Boat,1680.2,No,3.5,56.87,4.9,Yes,Poor
Haryana,Gurgaon,01-11-2022,2022,November,26897,3898,43785.57,River Rafting,1.42,352,7914.13,Sports Event,Rainy,Train,3199.28,Yes,12.8,63.04,3.6,No,Good
Haryana,Gurgaon,01-12-2022,2022,December,17528,4053,37420,Cultural Festival,1.73,397,9590.75,Music Festival,Cloudy,Flight,1903.86,No,2.7,59.62,4.9,Yes,Average
Haryana,Gurgaon,01-01-2023,2023,January,31774,1853,48909.7,Fort,1.45,401,8613.54,Festival,Humid,Bike,678.63,No,10.8,76.54,4.9,Yes,Average
Haryana,Gurgaon,01-02-2023,2023,February,19193,989,14569.43,River Rafting,0.72,96,8099.63,Crafts Mela,Sunny,Bike,4332.37,No,7.6,72.93,4.5,No,Average
Haryana,Gurgaon,01-03-2023,2023,March,31836,3728,55690.71,Fort,1.57,110,3241.54,Sports Event,Cold,Boat,3690.87,No,7,54.9,4.1,Yes,Good
Haryana,Gurgaon,01-04-2023,2023,April,34922,4365,53817.71,Cultural Festival,1.37,369,6356.62,Sports Event,Snowy,Train,7095.94,No,4.6,74.34,4.3,No,Good
Haryana,Gurgaon,01-05-2023,2023,May,16939,3940,28952.09,Backwaters,1.39,362,2916.91,Art Fair,Sunny,Boat,5704.7,Yes,11.4,71.46,4.7,No,Average
Haryana,Gurgaon,01-06-2023,2023,June,36804,865,56154,Museum,1.49,172,7186.68,Sports Event,Snowy,Bike,5618.68,No,11.5,86.8,3.1,No,Poor
Haryana,Gurgaon,01-07-2023,2023,July,25212,4883,30037.03,Beach,1,320,6334.79,Religious Event,Snowy,Flight,3983.91,No,2.4,50.46,4.7,No,Poor
Haryana,Gurgaon,01-08-2023,2023,August,40612,559,32675.58,Temple,0.79,348,2840.48,Dance Festival,Cold,Bus,3764.73,Yes,11.4,53.96,4.9,Yes,Poor
Haryana,Gurgaon,01-09-2023,2023,September,37204,3920,56086.09,River Rafting,1.36,444,9476.29,Music Festival,Sunny,Car,6599.26,Yes,13.9,93.34,4.8,No,Good
Haryana,Gurgaon,01-10-2023,2023,October,46264,2631,52386.87,Beach,1.07,350,6403.11,Music Festival,Cloudy,Bus,4168.05,No,5.8,50.23,3.5,Yes,Poor
Haryana,Gurgaon,01-11-2023,2023,November,40638,1747,33366.53,Beach,0.79,201,3852.48,Art Fair,Cloudy,Train,6776.93,Yes,5.5,77.91,4.7,No,Average
Haryana,Gurgaon,01-12-2023,2023,December,20933,4902,38608.22,Desert Safari,1.49,311,8607.69,Art Fair,Snowy,Bike,5985.87,Yes,8.7,92.76,3.5,Yes,Average
Haryana,Faridabad,01-01-2019,2019,January,6719,1287,10367.42,River Rafting,1.29,438,2336.73,Festival,Sunny,Boat,4740.43,No,8.3,63.41,4,No,Average
Haryana,Faridabad,01-02-2019,2019,February,42091,3349,67495.41,Desert Safari,1.49,158,2838.77,Music Festival,Rainy,Bus,4404.25,No,13,83.24,3.6,No,Good
Haryana,Faridabad,01-03-2019,2019,March,11217,3294,29453.56,River Rafting,2.03,237,3959.15,Sports Event,Cold,Train,3306.84,No,12.5,86.21,4.9,No,Good
Haryana,Faridabad,01-04-2019,2019,April,24244,2969,26220.82,Desert Safari,0.96,237,2160.45,Sports Event,Humid,Flight,4003.72,No,13.5,50.33,4.4,Yes,Poor
Haryana,Faridabad,01-05-2019,2019,May,45516,1859,59870.93,Museum,1.26,461,3631.41,Food Festival,Cloudy,Train,3111.45,No,4.5,61.69,3.6,No,Good
Haryana,Faridabad,01-06-2019,2019,June,43159,2689,50287.76,Hill Station,1.1,221,8120.33,Sports Event,Rainy,Flight,5829.62,No,8.6,81.59,3.7,No,Poor
Haryana,Faridabad,01-07-2019,2019,July,38706,1049,24974.72,Wildlife Sanctuary,0.63,322,7701.49,Dance Festival,Cloudy,Car,6720.63,No,7.4,76.9,4.5,Yes,Poor
Haryana,Faridabad,01-08-2019,2019,August,27723,644,17450.15,Desert Safari,0.62,328,5785.57,Religious Event,Rainy,Car,2415.39,No,13.1,61.1,4.4,Yes,Average
Haryana,Faridabad,01-09-2019,2019,September,26914,1986,43039.4,Desert Safari,1.49,448,6461.45,Crafts Mela,Cold,Boat,3962.28,No,8.4,55.01,4.7,Yes,Good
Haryana,Faridabad,01-10-2019,2019,October,49135,581,62619.99,River Rafting,1.26,460,2264.99,Dance Festival,Cold,Bike,639.83,Yes,9.4,57.62,4.7,No,Good
Haryana,Faridabad,01-11-2019,2019,November,8438,3963,28535.33,Wildlife Sanctuary,2.3,410,3312.71,Crafts Mela,Cloudy,Train,5405.3,No,4.4,58.92,3.3,No,Poor
Haryana,Faridabad,01-12-2019,2019,December,33593,4408,69532.75,Museum,1.83,185,1805.2,Art Fair,Rainy,Car,5356.43,Yes,10.7,66.16,4,No,Average
Haryana,Faridabad,01-01-2020,2020,January,10000,861,17918.02,Hill Station,1.65,53,7432.31,Food Festival,Snowy,Train,2641.75,Yes,11.2,76.3,4.8,No,Good
Haryana,Faridabad,01-02-2020,2020,February,14924,1635,21214.86,Beach,1.28,163,4449.73,Music Festival,Snowy,Flight,7910.28,No,14.5,82.29,3.1,No,Average
Haryana,Faridabad,01-03-2020,2020,March,23874,1914,41182.46,Temple,1.6,111,8626.95,Food Festival,Cloudy,Flight,2863.01,No,13,85.79,3.7,No,Average
Haryana,Faridabad,01-04-2020,2020,April,25290,4145,48180.6,River Rafting,1.64,324,6235.99,Religious Event,Humid,Bike,7986.7,Yes,12.2,68.8,3.2,No,Good
Haryana,Faridabad,01-05-2020,2020,May,16055,1668,16564.39,Cultural Festival,0.93,308,7328.97,Festival,Rainy,Train,7209.3,No,11.3,63.88,3.9,Yes,Average
Haryana,Faridabad,01-06-2020,2020,June,31239,3331,33304.99,Temple,0.96,434,1831.27,Music Festival,Snowy,Bike,4146.86,Yes,9.3,93.76,4.6,Yes,Average
Haryana,Faridabad,01-07-2020,2020,July,27346,4599,57564.37,Backwaters,1.8,218,7521.19,Dance Festival,Sunny,Bus,7167.67,Yes,5.1,71.38,3.1,No,Good
Haryana,Faridabad,01-08-2020,2020,August,27118,2252,48497.39,Beach,1.65,162,9128.54,Religious Event,Snowy,Bike,4486.51,No,3.8,82.51,3.6,Yes,Good
Haryana,Faridabad,01-09-2020,2020,September,9514,1532,17656.82,Wildlife Sanctuary,1.6,236,2774.09,Festival,Rainy,Bus,5390.78,Yes,6.9,67.11,3.5,No,Good
Haryana,Faridabad,01-10-2020,2020,October,14996,3418,34054.35,Beach,1.85,488,8186.27,Art Fair,Humid,Bike,1458.03,No,7.1,51.93,3.8,No,Good
Haryana,Faridabad,01-11-2020,2020,November,27976,1024,20672.51,Museum,0.71,274,2610.79,Dance Festival,Snowy,Train,1272.76,Yes,5.5,79.06,3.4,No,Good
Haryana,Faridabad,01-12-2020,2020,December,7477,1273,15016.16,Wildlife Sanctuary,1.72,53,5675.91,Crafts Mela,Sunny,Train,2945.9,No,8.2,66.14,4.3,No,Poor
Haryana,Faridabad,01-01-2021,2021,January,34160,4096,47428.99,Museum,1.24,311,9644.86,Art Fair,Humid,Bus,4454.41,No,9.3,81.28,4.8,Yes,Good
Haryana,Faridabad,01-02-2021,2021,February,49002,4973,61395.07,River Rafting,1.14,471,1709.42,Sports Event,Cloudy,Flight,5954.43,Yes,4.5,72.09,4.1,Yes,Good
Haryana,Faridabad,01-03-2021,2021,March,38513,2227,35855.3,Cultural Festival,0.88,240,3894.74,Art Fair,Humid,Bike,1079.23,No,2.4,77.57,4.1,Yes,Good
Haryana,Faridabad,01-04-2021,2021,April,27773,2099,42434.76,Desert Safari,1.42,124,9288.17,Food Festival,Cloudy,Bike,4728.73,No,2.6,56.5,3.2,Yes,Average
Haryana,Faridabad,01-05-2021,2021,May,43138,619,27278.76,Hill Station,0.62,314,5319.89,Sports Event,Humid,Bike,5389.65,No,13.2,88.15,3.8,Yes,Good
Haryana,Faridabad,01-06-2021,2021,June,40500,1718,34455.44,Fort,0.82,372,6735.75,Music Festival,Sunny,Train,7520.38,Yes,7.9,89.15,4.9,No,Average
Haryana,Faridabad,01-07-2021,2021,July,11199,3590,17388.8,Desert Safari,1.18,488,9883.99,Religious Event,Rainy,Boat,2597.77,No,12.1,75.38,3.6,Yes,Poor
Haryana,Faridabad,01-08-2021,2021,August,10496,4842,35735.26,Beach,2.33,453,3088.14,Festival,Sunny,Car,1782.27,No,5.1,55.79,3.1,Yes,Average
Haryana,Faridabad,01-09-2021,2021,September,46949,4188,37491.43,Wildlife Sanctuary,0.73,279,6807.12,Dance Festival,Humid,Bike,4927.57,Yes,8.5,84.93,4.7,Yes,Average
Haryana,Faridabad,01-10-2021,2021,October,38876,543,23709.45,Cultural Festival,0.6,184,6323.42,Food Festival,Snowy,Bike,1227.43,Yes,14.1,67.54,3.8,No,Poor
Haryana,Faridabad,01-11-2021,2021,November,42415,909,51031.8,Cultural Festival,1.18,100,2975.78,Sports Event,Humid,Boat,4195.13,Yes,9.8,85.47,3.4,No,Average
Haryana,Faridabad,01-12-2021,2021,December,43801,1925,69421.64,River Rafting,1.52,404,2438.61,Dance Festival,Sunny,Bus,2257.73,No,10.5,62.02,4.5,Yes,Poor
Haryana,Faridabad,01-01-2022,2022,January,39426,2684,72487.8,Beach,1.72,76,9828.13,Crafts Mela,Snowy,Car,1753.1,No,8.6,59.74,4.6,No,Good
Haryana,Faridabad,01-02-2022,2022,February,45327,4805,46854.17,Museum,0.93,245,8193.26,Religious Event,Cold,Car,3934.37,No,10,68.7,4.3,No,Average
Haryana,Faridabad,01-03-2022,2022,March,6585,2425,12010.91,Cultural Festival,1.33,245,2228.41,Dance Festival,Rainy,Bus,7440.09,Yes,11.8,92.53,4.7,No,Average
Haryana,Faridabad,01-04-2022,2022,April,45434,3403,74267.7,Hill Station,1.52,261,3893.5,Art Fair,Cold,Car,3757.05,No,7.5,90.8,3.7,No,Poor
Haryana,Faridabad,01-05-2022,2022,May,38484,653,56650.73,Backwaters,1.45,253,1853.63,Food Festival,Sunny,Train,3669.97,Yes,8.9,59.06,4.6,Yes,Good
Haryana,Faridabad,01-06-2022,2022,June,34233,3337,45501.71,Fort,1.21,495,7767.76,Art Fair,Rainy,Bus,4193.17,Yes,11.1,72.66,4.5,Yes,Average
Haryana,Faridabad,01-07-2022,2022,July,19751,1502,25895.51,Hill Station,1.22,106,3769.58,Crafts Mela,Rainy,Train,7946.53,No,8.4,87.89,3.1,Yes,Good
Haryana,Faridabad,01-08-2022,2022,August,28315,3501,53521.82,Hill Station,1.68,157,4424.01,Art Fair,Cloudy,Boat,5053.44,No,14.5,86.86,4.6,No,Average
Haryana,Faridabad,01-09-2022,2022,September,35078,2116,51167.57,Fort,1.38,467,7916.44,Dance Festival,Humid,Bike,5988.17,Yes,4.9,60.79,5,No,Average
Haryana,Faridabad,01-10-2022,2022,October,42847,732,43986.48,Cultural Festival,1.01,108,9069.17,Music Festival,Sunny,Boat,3549.41,Yes,9.8,85.43,4.3,Yes,Average
Haryana,Faridabad,01-11-2022,2022,November,19983,1196,19946.07,River Rafting,0.94,479,3531.11,Dance Festival,Cloudy,Bus,7636.17,Yes,4.1,51.44,3.4,No,Average
Haryana,Faridabad,01-12-2022,2022,December,36085,2973,44228.18,Hill Station,1.13,52,8244.65,Art Fair,Snowy,Train,1284.69,No,4.9,63.66,3.3,Yes,Good
Haryana,Faridabad,01-01-2023,2023,January,38877,1598,63882.74,River Rafting,1.58,104,9101.05,Sports Event,Cold,Boat,3811.31,No,12.5,61.9,4,Yes,Poor
Haryana,Faridabad,01-02-2023,2023,February,13636,772,14994.91,Desert Safari,1.04,221,5359.59,Music Festival,Humid,Car,1629.85,No,13.4,82.73,3.5,No,Poor
Haryana,Faridabad,01-03-2023,2023,March,5395,2344,12473.11,River Rafting,1.61,162,5462.31,Festival,Humid,Bus,3853.11,Yes,14.7,64.1,3.9,No,Good
Haryana,Faridabad,01-04-2023,2023,April,31355,3823,28385.92,Temple,0.81,433,9901.14,Dance Festival,Rainy,Flight,5291.41,No,2.7,72.74,3.9,Yes,Good
Haryana,Faridabad,01-05-2023,2023,May,24475,1201,34520.24,Museum,1.34,299,6042.54,Sports Event,Sunny,Bus,7367.32,Yes,8,62.98,4.7,Yes,Good
Haryana,Faridabad,01-06-2023,2023,June,46412,1724,48527.76,Hill Station,1.01,312,7202.28,Religious Event,Cloudy,Flight,1518.33,No,9.2,61.37,4.6,Yes,Average
Haryana,Faridabad,01-07-2023,2023,July,33586,1808,41580.83,Museum,1.17,400,2396.68,Dance Festival,Cold,Bus,5178.93,Yes,10.7,79.57,3.7,Yes,Poor
Haryana,Faridabad,01-08-2023,2023,August,6438,4466,17751.2,Hill Station,1.63,302,8313.3,Crafts Mela,Humid,Bike,1477.32,Yes,5.2,57.5,3.7,No,Good
Haryana,Faridabad,01-09-2023,2023,September,35275,3876,46664.64,Cultural Festival,1.19,308,8592.95,Festival,Rainy,Car,1706.76,Yes,4.3,78.64,3.4,No,Average
Haryana,Faridabad,01-10-2023,2023,October,45719,907,51434.27,Fort,1.1,276,9258.88,Sports Event,Rainy,Train,2038.19,Yes,12.5,59.01,4.5,Yes,Good
Haryana,Faridabad,01-11-2023,2023,November,38277,3521,29118.93,Wildlife Sanctuary,0.7,282,1571.62,Religious Event,Humid,Bike,7822.97,No,11.2,91.95,3.1,No,Average
Haryana,Faridabad,01-12-2023,2023,December,30408,1228,20265.1,River Rafting,0.64,158,8560.7,Food Festival,Sunny,Bus,4628.93,Yes,2.2,65.69,3.9,Yes,Poor
Telangana,Hyderabad,01-01-2019,2019,January,46251,4007,80547.92,Beach,1.6,104,9075.87,Music Festival,Humid,Car,7920.55,Yes,3.2,79.19,4.9,No,Average
Telangana,Hyderabad,01-02-2019,2019,February,46703,2799,59305.38,Wildlife Sanctuary,1.2,458,7912.65,Festival,Rainy,Boat,7668.11,Yes,12.2,74.55,3.7,No,Average
Telangana,Hyderabad,01-03-2019,2019,March,39440,1438,28760.33,Wildlife Sanctuary,0.7,357,5203.65,Religious Event,Snowy,Bus,4078.57,Yes,3.8,81.05,3.2,Yes,Good
Telangana,Hyderabad,01-04-2019,2019,April,36082,3713,61662.18,River Rafting,1.55,72,2356.86,Sports Event,Cold,Train,6813.55,Yes,11.4,56.85,4.5,No,Average
Telangana,Hyderabad,01-05-2019,2019,May,10775,4563,23600.94,Beach,1.54,196,8126.06,Dance Festival,Cold,Train,5760.27,No,5.9,94.99,3.6,Yes,Good
Telangana,Hyderabad,01-06-2019,2019,June,7774,4573,18303.53,Museum,1.48,263,2104.43,Religious Event,Humid,Boat,5470.5,No,5.7,62.57,4.1,No,Average
Telangana,Hyderabad,01-07-2019,2019,July,35912,1161,27949.8,Hill Station,0.75,445,9380.92,Festival,Rainy,Bike,3665.02,Yes,4.7,84.53,3.6,Yes,Good
Telangana,Hyderabad,01-08-2019,2019,August,27353,4615,45908.94,Wildlife Sanctuary,1.44,248,1875.89,Crafts Mela,Snowy,Boat,730.76,Yes,11,89.97,3.4,No,Poor
Telangana,Hyderabad,01-09-2019,2019,September,10732,2468,20940.55,Cultural Festival,1.59,64,7360.42,Crafts Mela,Snowy,Bike,3031.7,Yes,6.2,67.77,3.7,No,Good
Telangana,Hyderabad,01-10-2019,2019,October,15846,1826,14944.61,Backwaters,0.85,175,6834.56,Crafts Mela,Sunny,Bus,644.97,No,4.6,70.58,4,No,Good
Telangana,Hyderabad,01-11-2019,2019,November,33265,3334,51713.64,Museum,1.41,153,9796.65,Sports Event,Cold,Boat,1460.11,No,2.9,74.87,3.3,No,Good
Telangana,Hyderabad,01-12-2019,2019,December,33235,576,27873.98,Hill Station,0.82,73,3783.81,Music Festival,Rainy,Boat,3066.69,No,10.1,53.9,4.2,Yes,Good
Telangana,Hyderabad,01-01-2020,2020,January,35553,4049,33739.87,Wildlife Sanctuary,0.85,430,3414.67,Sports Event,Cloudy,Bike,2319.44,Yes,12.3,76.25,3,Yes,Poor
Telangana,Hyderabad,01-02-2020,2020,February,38228,4184,60920.71,Beach,1.44,365,7916.18,Sports Event,Humid,Boat,1444.2,No,2.5,55.05,4.7,Yes,Average
Telangana,Hyderabad,01-03-2020,2020,March,43302,524,59594.82,Wildlife Sanctuary,1.36,222,3929.4,Art Fair,Sunny,Bike,7935.26,No,11.1,61.27,4.1,Yes,Poor
Telangana,Hyderabad,01-04-2020,2020,April,47237,2106,61104.98,Fort,1.24,458,3153.29,Art Fair,Rainy,Bus,591.08,No,7.7,87.45,4.1,Yes,Poor
Telangana,Hyderabad,01-05-2020,2020,May,43728,4021,48716.89,Hill Station,1.02,130,2420.53,Crafts Mela,Cold,Train,2501.83,No,12,94.05,3.4,No,Average
Telangana,Hyderabad,01-06-2020,2020,June,22772,2472,21362.1,Fort,0.85,344,8673.25,Music Festival,Rainy,Boat,5271.1,No,6.7,87.21,3.8,Yes,Poor
Telangana,Hyderabad,01-07-2020,2020,July,37597,1320,41144.95,Beach,1.06,436,8141.92,Sports Event,Rainy,Train,546.07,Yes,10.9,79.52,3.7,Yes,Poor
Telangana,Hyderabad,01-08-2020,2020,August,48627,1193,33547.19,Temple,0.67,81,1882.29,Food Festival,Snowy,Bike,681.02,No,6.6,63.68,3.8,No,Average
Telangana,Hyderabad,01-09-2020,2020,September,48036,1168,48050.77,Beach,0.98,272,4031.8,Crafts Mela,Cloudy,Flight,4485.12,No,3.6,82.98,3.7,Yes,Poor
Telangana,Hyderabad,01-10-2020,2020,October,11691,3873,26494.61,Hill Station,1.7,438,4336.36,Festival,Sunny,Flight,7738.36,Yes,4.3,84.76,4.3,No,Average
Telangana,Hyderabad,01-11-2020,2020,November,27483,4515,43083.64,Beach,1.35,295,7490.98,Music Festival,Rainy,Car,1757.5,No,7.4,54.47,4.8,No,Poor
Telangana,Hyderabad,01-12-2020,2020,December,45817,739,37148.02,Museum,0.8,208,7016.23,Music Festival,Sunny,Train,7944.06,Yes,8.7,52.26,4.8,No,Good
Telangana,Hyderabad,01-01-2021,2021,January,37841,2889,39447.14,Fort,0.97,296,2746.57,Crafts Mela,Rainy,Car,7296.2,No,6.9,52.61,3.8,Yes,Poor
Telangana,Hyderabad,01-02-2021,2021,February,39424,3521,42736.97,Museum,1,339,4009.26,Art Fair,Sunny,Flight,542.66,Yes,13.8,53.41,5,Yes,Good
Telangana,Hyderabad,01-03-2021,2021,March,17481,670,21736.83,Fort,1.2,479,1532.66,Crafts Mela,Snowy,Car,2190.37,No,8.9,54.21,4.9,Yes,Poor
Telangana,Hyderabad,01-04-2021,2021,April,11446,2765,14355.63,River Rafting,1.01,495,1545.53,Religious Event,Cloudy,Train,4540.04,Yes,13.8,85.42,3.3,Yes,Poor
Telangana,Hyderabad,01-05-2021,2021,May,26887,4715,38695.62,Hill Station,1.22,163,5619.39,Dance Festival,Humid,Train,1054.82,No,7.1,73.24,4.6,Yes,Average
Telangana,Hyderabad,01-06-2021,2021,June,16117,2741,22645,Fort,1.2,204,2635.86,Festival,Snowy,Boat,7183.57,Yes,6.8,93.64,3.3,No,Good
Telangana,Hyderabad,01-07-2021,2021,July,39830,2580,65018.46,Wildlife Sanctuary,1.53,222,1855.18,Crafts Mela,Snowy,Train,2073.17,Yes,11,88.01,3.1,Yes,Good
Telangana,Hyderabad,01-08-2021,2021,August,37343,4286,37867.15,Cultural Festival,0.91,399,7644.16,Art Fair,Snowy,Bike,6789.45,Yes,14.4,63.94,4.7,No,Average
Telangana,Hyderabad,01-09-2021,2021,September,14043,741,18893.5,Cultural Festival,1.28,278,2083.37,Religious Event,Cloudy,Car,4682.07,Yes,11.6,89.47,3.3,No,Average
Telangana,Hyderabad,01-10-2021,2021,October,19390,2440,20463.37,Hill Station,0.94,219,2252.06,Religious Event,Cloudy,Car,4589.88,Yes,10.5,94.07,3.2,No,Average
Telangana,Hyderabad,01-11-2021,2021,November,14005,3142,16738.21,Wildlife Sanctuary,0.98,217,1814.82,Dance Festival,Cloudy,Flight,6979.38,Yes,5,61.04,4.9,Yes,Good
Telangana,Hyderabad,01-12-2021,2021,December,48503,1343,40074.95,River Rafting,0.8,127,2245.75,Dance Festival,Cloudy,Boat,5872.61,Yes,5.9,66.28,4.3,No,Good
Telangana,Hyderabad,01-01-2022,2022,January,11013,2870,13783.28,River Rafting,0.99,114,7297.71,Sports Event,Rainy,Boat,6162.09,No,10.6,51.6,4.1,No,Poor
Telangana,Hyderabad,01-02-2022,2022,February,12160,869,15730.65,River Rafting,1.21,67,3820.95,Religious Event,Snowy,Boat,3891.28,No,14.8,86.49,3.5,No,Average
Telangana,Hyderabad,01-03-2022,2022,March,16246,2150,21222.44,Beach,1.15,499,8623.7,Art Fair,Cloudy,Boat,6787.23,No,13.5,56.52,4.1,Yes,Good
Telangana,Hyderabad,01-04-2022,2022,April,13266,3712,32444.78,Temple,1.91,124,6445.07,Music Festival,Humid,Bus,4426.2,No,3.5,83.78,3.3,No,Poor
Telangana,Hyderabad,01-05-2022,2022,May,36857,1231,30007.85,Beach,0.79,462,2540.84,Dance Festival,Snowy,Car,2886.81,No,7.2,78.58,4.6,Yes,Poor
Telangana,Hyderabad,01-06-2022,2022,June,39869,1501,57732.64,Wildlife Sanctuary,1.4,195,2500.42,Food Festival,Cloudy,Bike,924.61,No,6.3,72.76,3.7,Yes,Poor
Telangana,Hyderabad,01-07-2022,2022,July,34601,4623,56602.06,Museum,1.44,369,9905.75,Music Festival,Cold,Flight,811.18,No,2.2,58.73,4.7,Yes,Good
Telangana,Hyderabad,01-08-2022,2022,August,37946,1554,26656.08,Desert Safari,0.67,410,3264.63,Dance Festival,Rainy,Train,7213.14,Yes,5.6,55.33,3.4,No,Poor
Telangana,Hyderabad,01-09-2022,2022,September,37713,4364,57631.87,Museum,1.37,435,6995.76,Food Festival,Rainy,Flight,4269.5,No,2.7,59.77,4.2,No,Average
Telangana,Hyderabad,01-10-2022,2022,October,26582,2382,47064.56,Wildlife Sanctuary,1.62,251,7946.43,Crafts Mela,Snowy,Bus,1013,Yes,6.5,56.14,4.9,Yes,Poor
Telangana,Hyderabad,01-11-2022,2022,November,20136,1694,32842.24,Backwaters,1.5,419,3863.66,Dance Festival,Snowy,Car,5035.69,Yes,3.2,56.29,4.2,No,Poor
Telangana,Hyderabad,01-12-2022,2022,December,19872,1238,24370.79,River Rafting,1.15,428,5403.34,Crafts Mela,Snowy,Boat,3838.19,No,2.2,54.33,3.7,No,Average
Telangana,Hyderabad,01-01-2023,2023,January,27949,1616,44046.4,Cultural Festival,1.49,77,8794.83,Dance Festival,Snowy,Bus,2689.92,Yes,7.3,55.57,3.5,No,Poor
Telangana,Hyderabad,01-02-2023,2023,February,21276,4344,36143.17,Beach,1.41,141,7203,Sports Event,Snowy,Bus,2497.23,Yes,3.4,79.96,3,No,Average
Telangana,Hyderabad,01-03-2023,2023,March,5606,749,4806.27,River Rafting,0.76,215,8624.74,Festival,Humid,Bus,2166.66,No,12.7,91.78,4.9,No,Good
Telangana,Hyderabad,01-04-2023,2023,April,26131,1009,33519.01,River Rafting,1.24,378,5139.39,Sports Event,Snowy,Train,1761.39,No,14.5,84.14,3.4,No,Good
Telangana,Hyderabad,01-05-2023,2023,May,37936,2520,61350.25,River Rafting,1.52,395,3445.1,Sports Event,Cloudy,Bike,1024.56,No,13.7,74.44,4.8,No,Poor
Telangana,Hyderabad,01-06-2023,2023,June,36579,3632,48249.78,Temple,1.2,207,7061.9,Music Festival,Sunny,Bus,4095.27,Yes,13,86.98,4.4,Yes,Good
Telangana,Hyderabad,01-07-2023,2023,July,6309,4455,28370.59,Cultural Festival,2.64,159,2644.53,Art Fair,Rainy,Train,1586.85,Yes,14.6,51.42,3.2,Yes,Average
Telangana,Hyderabad,01-08-2023,2023,August,33967,860,38147.2,Desert Safari,1.1,76,7055.61,Art Fair,Cold,Train,1743.04,No,13.2,61.03,3,No,Good
Telangana,Hyderabad,01-09-2023,2023,September,11108,1163,18430.07,Cultural Festival,1.5,257,2688.45,Food Festival,Sunny,Car,2990.83,No,3.6,51.1,3.6,Yes,Average
Telangana,Hyderabad,01-10-2023,2023,October,16683,4752,34419.29,Wildlife Sanctuary,1.61,152,1742.03,Festival,Cold,Flight,3323.03,Yes,8.2,56.29,4.3,No,Poor
Telangana,Hyderabad,01-11-2023,2023,November,18724,2685,33233.78,Beach,1.55,63,2872.43,Sports Event,Humid,Train,3037.93,Yes,11.6,79.01,3.9,No,Good
Telangana,Hyderabad,01-12-2023,2023,December,45265,2101,70995.82,Temple,1.5,158,4599.66,Music Festival,Cold,Flight,1359,Yes,4.3,89.32,4,No,Average
Andhra Pradesh,Visakhapatnam,01-01-2019,2019,January,26143,877,25238.74,Backwaters,0.93,246,7223.75,Dance Festival,Sunny,Flight,3164.76,Yes,12.5,89.91,4.6,No,Poor
Andhra Pradesh,Visakhapatnam,01-02-2019,2019,February,13959,2246,17611.32,River Rafting,1.09,499,8554.16,Food Festival,Cold,Train,6006.63,No,8.7,55.45,4.6,No,Good
Andhra Pradesh,Visakhapatnam,01-03-2019,2019,March,28470,2846,35301.89,Fort,1.13,352,4767.16,Sports Event,Sunny,Boat,1345.15,Yes,3,69.1,3.4,Yes,Good
Andhra Pradesh,Visakhapatnam,01-04-2019,2019,April,46279,4595,42651.93,Museum,0.84,59,4140.52,Music Festival,Humid,Bike,978.47,No,2.9,93.43,3.9,No,Average
Andhra Pradesh,Visakhapatnam,01-05-2019,2019,May,44005,2485,41981.37,River Rafting,0.9,256,8759.73,Music Festival,Cloudy,Bike,825.89,Yes,10.5,67.13,4.8,Yes,Average
Andhra Pradesh,Visakhapatnam,01-06-2019,2019,June,16038,745,14363.85,Beach,0.86,459,7117.8,Festival,Humid,Train,5360.96,Yes,3.5,52.93,3.7,No,Poor
Andhra Pradesh,Visakhapatnam,01-07-2019,2019,July,25832,2477,30409.18,Desert Safari,1.07,128,8781.15,Crafts Mela,Cloudy,Bike,3054.07,No,9.4,76.26,3.2,Yes,Poor
Andhra Pradesh,Visakhapatnam,01-08-2019,2019,August,28782,3622,32177.61,Wildlife Sanctuary,0.99,413,3685.54,Festival,Cold,Boat,5631.62,Yes,13.5,59.54,4.8,No,Poor
Andhra Pradesh,Visakhapatnam,01-09-2019,2019,September,36972,2625,39688.74,Beach,1,241,6808.83,Crafts Mela,Rainy,Car,5165.65,No,7.2,78.67,3.8,Yes,Poor
Andhra Pradesh,Visakhapatnam,01-10-2019,2019,October,9065,1423,11391.66,Backwaters,1.09,106,2167.44,Dance Festival,Humid,Car,7854.01,No,9.2,93,4.9,Yes,Average
Andhra Pradesh,Visakhapatnam,01-11-2019,2019,November,16534,3328,34663.09,Wildlife Sanctuary,1.75,408,7779.63,Art Fair,Snowy,Train,1607.87,Yes,3.6,81.4,4.9,No,Poor
Andhra Pradesh,Visakhapatnam,01-12-2019,2019,December,17506,3830,26771.24,Wildlife Sanctuary,1.25,408,7995.67,Festival,Snowy,Boat,3515.95,Yes,2.8,65.06,3.3,Yes,Good
Andhra Pradesh,Visakhapatnam,01-01-2020,2020,January,31816,3677,52743.01,Fort,1.49,104,2288.01,Religious Event,Sunny,Bike,689.42,No,13.5,53.36,4.1,No,Good
Andhra Pradesh,Visakhapatnam,01-02-2020,2020,February,28398,4048,41589.61,Museum,1.28,301,3629.74,Festival,Rainy,Train,2493.98,Yes,3.4,63.91,4.4,No,Average
Andhra Pradesh,Visakhapatnam,01-03-2020,2020,March,7058,1759,9573.06,Beach,1.09,179,9039.5,Art Fair,Snowy,Boat,4690.62,No,14.4,54.32,4.4,Yes,Good
Andhra Pradesh,Visakhapatnam,01-04-2020,2020,April,22799,661,34868.67,Museum,1.49,373,1782.23,Music Festival,Snowy,Bike,2195.47,Yes,7.2,50.86,3.6,Yes,Good
Andhra Pradesh,Visakhapatnam,01-05-2020,2020,May,38026,4254,60262.67,Cultural Festival,1.43,218,9968.98,Sports Event,Sunny,Train,995.87,No,2.9,94.39,3.4,No,Good
Andhra Pradesh,Visakhapatnam,01-06-2020,2020,June,47038,4514,78945.63,Backwaters,1.53,244,8705.66,Crafts Mela,Snowy,Bike,656.91,No,7,88.48,3.2,Yes,Good
Andhra Pradesh,Visakhapatnam,01-07-2020,2020,July,45557,1833,42033.33,Desert Safari,0.89,292,5961.52,Food Festival,Rainy,Train,6186.77,No,4.8,83.98,3.2,No,Good
Andhra Pradesh,Visakhapatnam,01-08-2020,2020,August,46887,2664,56005.37,Museum,1.13,252,8113.87,Religious Event,Humid,Bike,4336.6,Yes,12.4,74.89,3.3,Yes,Average
Andhra Pradesh,Visakhapatnam,01-09-2020,2020,September,38707,896,58351.19,Fort,1.47,223,2923.73,Religious Event,Cold,Flight,6529.18,No,6.6,72.94,4.6,No,Average
Andhra Pradesh,Visakhapatnam,01-10-2020,2020,October,9683,4901,23265.73,Fort,1.6,94,3563.23,Dance Festival,Cold,Train,7825.3,Yes,10.6,89.25,4.3,Yes,Average
Andhra Pradesh,Visakhapatnam,01-11-2020,2020,November,25137,1639,21293.87,Wildlife Sanctuary,0.8,215,1914.35,Sports Event,Snowy,Bike,1969.31,No,12.2,67.09,3.4,No,Average
Andhra Pradesh,Visakhapatnam,01-12-2020,2020,December,6713,1404,12557.51,Beach,1.55,420,7256.95,Food Festival,Cold,Flight,4059.12,No,4.1,91.75,4.3,No,Average
Andhra Pradesh,Visakhapatnam,01-01-2021,2021,January,43151,2811,36948.52,Desert Safari,0.8,126,5372.58,Art Fair,Snowy,Bike,7211.63,No,11.6,53.14,4.7,No,Poor
Andhra Pradesh,Visakhapatnam,01-02-2021,2021,February,27113,3171,26299.05,River Rafting,0.87,334,3478.46,Religious Event,Sunny,Boat,5535.25,No,10.9,94.94,3.8,Yes,Average
Andhra Pradesh,Visakhapatnam,01-03-2021,2021,March,18709,1725,24254.77,Temple,1.19,198,2036.38,Art Fair,Rainy,Train,686.58,No,2.3,56.18,3.6,No,Average
Andhra Pradesh,Visakhapatnam,01-04-2021,2021,April,11599,2774,12925.77,Beach,0.9,355,7952.31,Crafts Mela,Snowy,Bus,6745.9,No,7.2,61.55,3.7,No,Poor
Andhra Pradesh,Visakhapatnam,01-05-2021,2021,May,39291,4898,59696.66,River Rafting,1.35,419,9737.12,Music Festival,Cloudy,Flight,3152.8,No,13.5,84.1,3.4,No,Average
Andhra Pradesh,Visakhapatnam,01-06-2021,2021,June,18072,859,16641.24,Desert Safari,0.88,249,5223.98,Festival,Rainy,Boat,6591.56,Yes,12.2,94.38,3.1,Yes,Good
Andhra Pradesh,Visakhapatnam,01-07-2021,2021,July,41628,3080,67010.4,Museum,1.5,497,9470.41,Music Festival,Cold,Bike,1814.15,Yes,6.9,76.22,3,Yes,Average
Andhra Pradesh,Visakhapatnam,01-08-2021,2021,August,38366,2511,25061.99,Beach,0.61,210,2031.63,Sports Event,Rainy,Car,4235.43,No,7.8,94.66,3.1,Yes,Average
Andhra Pradesh,Visakhapatnam,01-09-2021,2021,September,15617,748,20458.18,Cultural Festival,1.25,407,9151.21,Religious Event,Cold,Boat,4957.5,Yes,10.7,90.09,4.1,Yes,Average
Andhra Pradesh,Visakhapatnam,01-10-2021,2021,October,5166,1282,8474.04,Wildlife Sanctuary,1.31,286,2306.63,Music Festival,Snowy,Bus,7973.81,Yes,14.4,71.74,4.1,Yes,Average
Andhra Pradesh,Visakhapatnam,01-11-2021,2021,November,31182,4345,46052.33,Museum,1.3,388,8902.39,Art Fair,Cold,Flight,3435.45,No,6.1,94.22,3.1,No,Poor
Andhra Pradesh,Visakhapatnam,01-12-2021,2021,December,36309,4312,53881.35,Wildlife Sanctuary,1.33,438,7813.84,Religious Event,Humid,Bus,3858.91,Yes,7.1,51.5,3.9,Yes,Good
Andhra Pradesh,Visakhapatnam,01-01-2022,2022,January,38815,694,56972.18,Wildlife Sanctuary,1.44,181,3844.07,Art Fair,Snowy,Bus,7142.57,No,2.1,85.5,4.2,No,Average
Andhra Pradesh,Visakhapatnam,01-02-2022,2022,February,44572,4790,69389.22,Cultural Festival,1.41,497,6660.11,Religious Event,Rainy,Boat,4507.36,Yes,12.6,93.08,3.5,No,Good
Andhra Pradesh,Visakhapatnam,01-03-2022,2022,March,41488,2924,61200.15,Beach,1.38,152,5510.77,Sports Event,Sunny,Boat,3034.71,Yes,14.5,77.7,4.5,No,Average
Andhra Pradesh,Visakhapatnam,01-04-2022,2022,April,16148,2727,19439.53,Beach,1.03,391,3947.03,Food Festival,Cold,Bus,4591.43,No,14,57.9,4.9,No,Poor
Andhra Pradesh,Visakhapatnam,01-05-2022,2022,May,23074,4309,27222.87,Hill Station,0.99,292,4647.45,Art Fair,Snowy,Boat,7387.39,No,5.3,94.25,4.2,No,Average
Andhra Pradesh,Visakhapatnam,01-06-2022,2022,June,10127,3575,22891.41,Wildlife Sanctuary,1.67,167,9014.26,Food Festival,Sunny,Boat,5329.66,Yes,8.6,85.01,3.2,Yes,Poor
Andhra Pradesh,Visakhapatnam,01-07-2022,2022,July,9599,3701,32077.51,Hill Station,2.41,317,4540.75,Art Fair,Snowy,Car,4141.37,No,14.7,50.18,3.1,Yes,Poor
Andhra Pradesh,Visakhapatnam,01-08-2022,2022,August,33773,3489,51017.02,Hill Station,1.37,90,3159.39,Festival,Cloudy,Bus,813.16,No,7.9,84.49,4.2,Yes,Good
Andhra Pradesh,Visakhapatnam,01-09-2022,2022,September,19775,3592,20095.21,Fort,0.86,61,9966.81,Festival,Snowy,Bike,2195.41,No,10.3,93.04,4.2,Yes,Poor
Andhra Pradesh,Visakhapatnam,01-10-2022,2022,October,22236,2362,31409.63,Backwaters,1.28,165,2881.65,Food Festival,Rainy,Bike,4110.47,Yes,12.6,88.76,4.2,Yes,Poor
Andhra Pradesh,Visakhapatnam,01-11-2022,2022,November,48722,864,47745.15,Museum,0.96,219,1569.71,Food Festival,Cold,Flight,4376.01,Yes,7.1,88.37,4.7,Yes,Average
Andhra Pradesh,Visakhapatnam,01-12-2022,2022,December,27544,890,36854.78,Desert Safari,1.3,404,8360.37,Food Festival,Sunny,Car,647.26,No,10.9,54.32,4,No,Poor
Andhra Pradesh,Visakhapatnam,01-01-2023,2023,January,49813,1469,76413.69,Museum,1.49,98,6431.04,Music Festival,Rainy,Car,2231.54,Yes,3.6,77.03,3.2,Yes,Average
Andhra Pradesh,Visakhapatnam,01-02-2023,2023,February,33569,4301,48301.88,Cultural Festival,1.28,62,8400.81,Food Festival,Rainy,Bike,3552.9,Yes,12.3,80.33,4.4,Yes,Good
Andhra Pradesh,Visakhapatnam,01-03-2023,2023,March,41016,2535,33952.04,Museum,0.78,374,8073.33,Dance Festival,Sunny,Flight,6867.39,No,12.5,53.72,4.2,No,Good
Andhra Pradesh,Visakhapatnam,01-04-2023,2023,April,16486,4960,29530.78,Backwaters,1.38,335,4922.97,Festival,Cloudy,Bus,3992.98,Yes,7,66.63,3.4,Yes,Good
Andhra Pradesh,Visakhapatnam,01-05-2023,2023,May,32063,680,44153.29,Beach,1.35,245,8109.3,Festival,Rainy,Boat,5704.96,No,14.9,51.43,3.7,No,Poor
Andhra Pradesh,Visakhapatnam,01-06-2023,2023,June,20614,684,27096.36,Beach,1.27,370,3298.69,Food Festival,Snowy,Car,7830.8,No,14.8,74.45,3.3,No,Average
Andhra Pradesh,Visakhapatnam,01-07-2023,2023,July,16898,4448,31777.71,Backwaters,1.49,416,6129.17,Dance Festival,Rainy,Bike,803.38,No,11.4,80.23,3.6,No,Good
Andhra Pradesh,Visakhapatnam,01-08-2023,2023,August,30663,1363,22499.97,Wildlife Sanctuary,0.7,485,5888.14,Art Fair,Cloudy,Car,5335.27,No,14.2,54.84,3.5,Yes,Poor
Andhra Pradesh,Visakhapatnam,01-09-2023,2023,September,7294,3463,16152.78,Wildlife Sanctuary,1.5,191,2826.92,Festival,Rainy,Train,7497.64,Yes,9.8,50,3.5,Yes,Poor
Andhra Pradesh,Visakhapatnam,01-10-2023,2023,October,20373,3087,42238.44,Hill Station,1.8,375,7018.39,Festival,Cold,Car,539.16,No,9.8,91.51,3.8,No,Average
Andhra Pradesh,Visakhapatnam,01-11-2023,2023,November,22153,2105,29508.52,Cultural Festival,1.22,325,5444.57,Dance Festival,Cold,Flight,5439.21,Yes,9.2,79.73,4.9,No,Poor
Andhra Pradesh,Visakhapatnam,01-12-2023,2023,December,12441,2469,22568.28,Beach,1.51,178,3308.12,Food Festival,Sunny,Train,2167.59,No,5.9,64.65,4.9,Yes,Average
Andhra Pradesh,Vijayawada,01-01-2019,2019,January,24652,4515,33970.63,Fort,1.16,127,7132.86,Art Fair,Snowy,Train,3913.35,Yes,4,92.82,3.8,No,Good
Andhra Pradesh,Vijayawada,01-02-2019,2019,February,38458,2726,63673.85,Beach,1.55,172,8354.7,Crafts Mela,Humid,Boat,680.77,No,11.8,87.36,5,Yes,Poor
Andhra Pradesh,Vijayawada,01-03-2019,2019,March,41406,4549,63833.02,Museum,1.39,135,7501.55,Crafts Mela,Cloudy,Train,3825.33,No,2.1,76.97,4.6,No,Average
Andhra Pradesh,Vijayawada,01-04-2019,2019,April,47474,3466,54642.57,River Rafting,1.07,78,5579.01,Religious Event,Sunny,Car,6605.26,No,3.6,74.07,4.7,No,Average
Andhra Pradesh,Vijayawada,01-05-2019,2019,May,5895,660,8332.98,Wildlife Sanctuary,1.27,126,3437.4,Music Festival,Cold,Bike,6442.38,Yes,10.6,61.73,3.4,No,Poor
Andhra Pradesh,Vijayawada,01-06-2019,2019,June,37566,4660,47558.59,Museum,1.13,175,6937.74,Art Fair,Cloudy,Bike,1126.25,Yes,10.5,92.86,4.7,Yes,Poor
Andhra Pradesh,Vijayawada,01-07-2019,2019,July,25039,4239,31164.92,Cultural Festival,1.06,238,5974.47,Food Festival,Cold,Train,3434.03,No,4.9,69.2,3.6,No,Poor
Andhra Pradesh,Vijayawada,01-08-2019,2019,August,31609,881,23632.45,Fort,0.73,195,2304.73,Festival,Sunny,Bike,2402.81,Yes,2.9,66.86,3.3,Yes,Good
Andhra Pradesh,Vijayawada,01-09-2019,2019,September,48413,1387,34809.98,River Rafting,0.7,299,5829.43,Festival,Sunny,Boat,1522.36,Yes,12.1,72.11,3.7,Yes,Poor
Andhra Pradesh,Vijayawada,01-10-2019,2019,October,22979,4964,40769.11,Museum,1.46,304,7495.84,Festival,Sunny,Bike,3485.19,Yes,10.7,74.35,4.5,No,Poor
Andhra Pradesh,Vijayawada,01-11-2019,2019,November,23859,4609,45317.36,Hill Station,1.59,316,4908.39,Sports Event,Sunny,Boat,6947.77,No,14.8,89.43,4.8,No,Good
Andhra Pradesh,Vijayawada,01-12-2019,2019,December,13443,2649,24702.49,Fort,1.54,117,1941.46,Sports Event,Cold,Bus,7474.41,Yes,13.6,82.89,4.4,No,Good
Andhra Pradesh,Vijayawada,01-01-2020,2020,January,27582,1500,40992.52,Museum,1.41,262,7605.67,Dance Festival,Cold,Bike,6406.58,Yes,4.6,57.93,4.2,No,Poor
Andhra Pradesh,Vijayawada,01-02-2020,2020,February,40361,1721,51675.98,River Rafting,1.23,98,8935.47,Music Festival,Cold,Bike,4314.79,No,6,93.61,3.4,Yes,Good
Andhra Pradesh,Vijayawada,01-03-2020,2020,March,49761,699,31132.3,Temple,0.62,103,6210.07,Crafts Mela,Rainy,Car,1463.46,Yes,2.8,93.4,3.7,No,Poor
Andhra Pradesh,Vijayawada,01-04-2020,2020,April,37051,3297,65909.56,Temple,1.63,443,2705.62,Art Fair,Rainy,Bus,6514.66,No,14,65.94,3.5,Yes,Average
Andhra Pradesh,Vijayawada,01-05-2020,2020,May,15064,2556,22443.55,Backwaters,1.27,343,1867.15,Food Festival,Humid,Train,6558.58,No,8.7,58.5,4.3,No,Poor
Andhra Pradesh,Vijayawada,01-06-2020,2020,June,27825,665,21639.93,Hill Station,0.76,242,6204.4,Food Festival,Cloudy,Flight,5759.47,Yes,7.2,60.49,4.7,Yes,Average
Andhra Pradesh,Vijayawada,01-07-2020,2020,July,44267,575,24622.38,Fort,0.55,256,1717.02,Dance Festival,Cloudy,Car,7973.49,Yes,7.8,80.66,4,No,Good
Andhra Pradesh,Vijayawada,01-08-2020,2020,August,10503,2786,17904.52,Beach,1.35,446,3114.16,Food Festival,Humid,Car,4245.49,Yes,4.1,63.19,4.7,No,Average
Andhra Pradesh,Vijayawada,01-09-2020,2020,September,30718,4845,63358.04,Hill Station,1.78,144,2145.87,Dance Festival,Rainy,Train,3371.3,No,10.4,83.69,4.4,Yes,Average
Andhra Pradesh,Vijayawada,01-10-2020,2020,October,14687,2971,20238.59,Cultural Festival,1.15,378,6314.99,Festival,Humid,Boat,3293.78,No,6.6,58.9,4.7,Yes,Poor
Andhra Pradesh,Vijayawada,01-11-2020,2020,November,45124,3358,59490.42,Museum,1.23,384,2756.41,Art Fair,Humid,Boat,2170.65,Yes,13.6,61.31,3.4,No,Good
Andhra Pradesh,Vijayawada,01-12-2020,2020,December,26183,888,28232.9,Fort,1.04,422,8679.75,Crafts Mela,Sunny,Train,4042.71,Yes,13.2,62.58,3.7,No,Average
Andhra Pradesh,Vijayawada,01-01-2021,2021,January,49938,4058,44048.56,Beach,0.82,410,8604.5,Art Fair,Sunny,Bike,3538.82,Yes,6.2,58.82,3.2,No,Average
Andhra Pradesh,Vijayawada,01-02-2021,2021,February,28190,2016,37199.8,River Rafting,1.23,295,6322.33,Sports Event,Humid,Train,1345.7,No,3.3,62.74,4.9,Yes,Poor
Andhra Pradesh,Vijayawada,01-03-2021,2021,March,37088,4048,63472.83,Beach,1.54,292,1566.11,Dance Festival,Humid,Train,7431.18,No,7.8,88.83,4.7,Yes,Average
Andhra Pradesh,Vijayawada,01-04-2021,2021,April,22152,1686,38690.12,Wildlife Sanctuary,1.62,366,8271.67,Art Fair,Rainy,Bike,4282.31,No,8.2,63.15,3.6,No,Average
Andhra Pradesh,Vijayawada,01-05-2021,2021,May,16832,4838,34243.88,Cultural Festival,1.58,473,4129.68,Food Festival,Cloudy,Car,5287.84,Yes,7.1,54.71,4.9,No,Average
Andhra Pradesh,Vijayawada,01-06-2021,2021,June,38808,3267,64496.21,Cultural Festival,1.53,329,8755.16,Religious Event,Cold,Bike,5744.51,Yes,13.3,58.73,3.1,No,Poor
Andhra Pradesh,Vijayawada,01-07-2021,2021,July,7125,1610,11305.81,Fort,1.29,178,2991,Festival,Sunny,Car,7395.34,Yes,11.1,67.26,4.9,Yes,Poor
Andhra Pradesh,Vijayawada,01-08-2021,2021,August,31635,4338,54755.44,Hill Station,1.52,390,5960.95,Food Festival,Rainy,Flight,7369.77,No,9.9,92.22,4.4,No,Good
Andhra Pradesh,Vijayawada,01-09-2021,2021,September,30108,975,39749.84,Museum,1.28,75,3754.92,Festival,Rainy,Car,4038.3,Yes,12.3,51.4,4,Yes,Poor
Andhra Pradesh,Vijayawada,01-10-2021,2021,October,8204,2789,19118.29,Beach,1.74,482,2096.65,Art Fair,Humid,Flight,5967.32,Yes,2.7,85.38,3.4,No,Good
Andhra Pradesh,Vijayawada,01-11-2021,2021,November,46822,1255,39300.01,Museum,0.82,396,9463.02,Sports Event,Cold,Car,6219.39,Yes,4.8,68.33,4.7,Yes,Average
Andhra Pradesh,Vijayawada,01-12-2021,2021,December,14958,1968,30575.02,Cultural Festival,1.81,262,7911.02,Festival,Rainy,Bus,3524.43,No,14,79.02,3.3,Yes,Poor
Andhra Pradesh,Vijayawada,01-01-2022,2022,January,26607,515,37171.43,Museum,1.37,303,4616.06,Food Festival,Cloudy,Train,7805.99,Yes,14.6,67.26,3.6,Yes,Poor
Andhra Pradesh,Vijayawada,01-02-2022,2022,February,48470,914,76322.94,Cultural Festival,1.55,193,8224.85,Dance Festival,Humid,Bike,3784.74,No,9.5,52.65,3.4,Yes,Poor
Andhra Pradesh,Vijayawada,01-03-2022,2022,March,45422,3694,80719.12,Museum,1.64,465,9436.96,Religious Event,Rainy,Bus,4009.58,No,6.6,61.67,3.4,Yes,Average
Andhra Pradesh,Vijayawada,01-04-2022,2022,April,6539,2838,15213.96,Desert Safari,1.62,309,8554.1,Sports Event,Rainy,Bus,4243.84,Yes,12.6,82.32,4.3,Yes,Poor
Andhra Pradesh,Vijayawada,01-05-2022,2022,May,13765,4546,26561.56,Cultural Festival,1.45,424,6214.34,Art Fair,Cold,Bus,7858.33,Yes,12.3,60.34,3.8,No,Average
Andhra Pradesh,Vijayawada,01-06-2022,2022,June,28549,2377,26482.88,Wildlife Sanctuary,0.86,463,7743.38,Crafts Mela,Snowy,Boat,2685.83,No,9.5,60.19,3.3,Yes,Average
Andhra Pradesh,Vijayawada,01-07-2022,2022,July,30368,3303,50078.41,Museum,1.49,406,6907.21,Crafts Mela,Snowy,Bus,6458.31,No,5.7,83.03,4.9,Yes,Good
Andhra Pradesh,Vijayawada,01-08-2022,2022,August,19871,2564,29018.93,Museum,1.29,286,9078.27,Dance Festival,Humid,Car,1689.02,No,9.4,70.11,3.7,Yes,Good
Andhra Pradesh,Vijayawada,01-09-2022,2022,September,44622,3108,38197.17,River Rafting,0.8,92,3150.41,Religious Event,Snowy,Bus,2909.99,Yes,2.1,57.64,3.2,Yes,Average
Andhra Pradesh,Vijayawada,01-10-2022,2022,October,47437,4926,54423.17,Temple,1.04,257,2592.21,Religious Event,Rainy,Bike,7079.38,No,6.4,58.66,4.7,Yes,Average
Andhra Pradesh,Vijayawada,01-11-2022,2022,November,12312,2537,22098.84,River Rafting,1.49,51,3425.43,Sports Event,Cold,Car,1662.75,Yes,5.6,67.27,3.6,No,Poor
Andhra Pradesh,Vijayawada,01-12-2022,2022,December,40426,4145,38707.84,Beach,0.87,315,7705.39,Sports Event,Sunny,Bike,4160.45,No,14.1,68.43,3.2,Yes,Average
Andhra Pradesh,Vijayawada,01-01-2023,2023,January,29798,4589,57126.56,Backwaters,1.66,411,1651.56,Food Festival,Cloudy,Flight,5493.99,No,8.7,64.15,3.2,Yes,Good
Andhra Pradesh,Vijayawada,01-02-2023,2023,February,14407,2642,24587.01,Hill Station,1.44,153,7500.22,Music Festival,Sunny,Car,2669.19,No,14,82.62,3.3,No,Poor
Andhra Pradesh,Vijayawada,01-03-2023,2023,March,21023,4292,40251.82,Temple,1.59,181,7946.85,Sports Event,Rainy,Bike,7302.2,No,4.5,93.43,3.5,No,Average
Andhra Pradesh,Vijayawada,01-04-2023,2023,April,36102,1830,29501.82,Museum,0.78,153,5783.63,Music Festival,Rainy,Bus,4615.96,Yes,7.1,54.98,4.9,No,Poor
Andhra Pradesh,Vijayawada,01-05-2023,2023,May,42756,3104,58927.45,Hill Station,1.28,172,7449.11,Food Festival,Sunny,Flight,6712.61,Yes,4.5,81.47,4.6,Yes,Good
Andhra Pradesh,Vijayawada,01-06-2023,2023,June,40266,4870,52143.14,Temple,1.16,379,8002.92,Dance Festival,Snowy,Flight,1334.5,Yes,10.9,57.74,4.9,Yes,Poor
Andhra Pradesh,Vijayawada,01-07-2023,2023,July,38041,3472,29081.55,Museum,0.7,382,6485.43,Crafts Mela,Humid,Train,4656.75,Yes,10.9,90.39,3.2,Yes,Average
Andhra Pradesh,Vijayawada,01-08-2023,2023,August,44765,606,24088.2,River Rafting,0.53,222,8407.13,Art Fair,Cloudy,Flight,3037.66,Yes,12.5,56.71,3.8,Yes,Good
Andhra Pradesh,Vijayawada,01-09-2023,2023,September,11716,917,9063.35,Backwaters,0.72,305,1811.27,Food Festival,Rainy,Boat,5173.08,Yes,6.5,70.61,4.5,Yes,Poor
Andhra Pradesh,Vijayawada,01-10-2023,2023,October,22814,4483,33483.76,Desert Safari,1.23,444,3087.61,Religious Event,Rainy,Train,7749.29,No,14.5,92.68,4.5,No,Good
Andhra Pradesh,Vijayawada,01-11-2023,2023,November,37889,3970,37187.75,Fort,0.89,72,5408.82,Dance Festival,Sunny,Bike,3211.99,No,5.6,63.83,3.7,No,Average
Andhra Pradesh,Vijayawada,01-12-2023,2023,December,40835,1134,27128.38,Backwaters,0.65,274,4059.41,Dance Festival,Humid,Boat,3670.44,No,13.1,87.49,4,Yes,Poor
Uttarakhand,Dehradun,01-01-2019,2019,January,34155,3643,53969.2,Wildlife Sanctuary,1.43,108,6826.78,Sports Event,Rainy,Car,4832.51,Yes,8.1,84.99,3.2,Yes,Average
Uttarakhand,Dehradun,01-02-2019,2019,February,24876,3287,25617.28,Temple,0.91,299,2990.82,Crafts Mela,Humid,Flight,928.58,No,13.7,65.37,5,Yes,Poor
Uttarakhand,Dehradun,01-03-2019,2019,March,37505,3441,58383.1,Beach,1.43,212,5149.05,Dance Festival,Cold,Boat,1429,Yes,9.1,68.02,3.9,Yes,Poor
Uttarakhand,Dehradun,01-04-2019,2019,April,38667,2848,30005.65,Fort,0.72,294,3189.5,Art Fair,Snowy,Flight,6960.82,No,7,85.51,3.2,Yes,Good
Uttarakhand,Dehradun,01-05-2019,2019,May,30149,4183,41397.8,Fort,1.21,219,9668.82,Crafts Mela,Humid,Bus,2792.74,No,13,69.62,3.7,Yes,Average
Uttarakhand,Dehradun,01-06-2019,2019,June,5961,781,7622.11,Fort,1.13,88,1980.95,Food Festival,Rainy,Flight,7358.92,Yes,13.4,65.39,3.9,Yes,Poor
Uttarakhand,Dehradun,01-07-2019,2019,July,33951,4884,48489.25,Temple,1.25,392,4085.97,Art Fair,Cloudy,Bike,5287.49,No,10.9,73.32,4.5,Yes,Poor
Uttarakhand,Dehradun,01-08-2019,2019,August,48405,1211,29180.14,River Rafting,0.59,337,8268.25,Dance Festival,Snowy,Bike,4410.71,No,3.2,69.76,4.1,Yes,Average
Uttarakhand,Dehradun,01-09-2019,2019,September,22870,3499,28536.09,Temple,1.08,189,7477.79,Food Festival,Cloudy,Car,3968.57,No,14.4,53.37,3.4,Yes,Poor
Uttarakhand,Dehradun,01-10-2019,2019,October,7623,3805,20794.4,Desert Safari,1.82,137,5287.84,Religious Event,Rainy,Flight,6219.07,No,13.7,76.89,3.6,No,Good
Uttarakhand,Dehradun,01-11-2019,2019,November,14490,4122,29692.15,River Rafting,1.6,320,6410.94,Religious Event,Cloudy,Flight,5001.52,Yes,7.3,62.59,4.7,Yes,Average
Uttarakhand,Dehradun,01-12-2019,2019,December,10762,4361,30412.98,Backwaters,2.01,193,4268.58,Religious Event,Sunny,Train,5768.26,No,2.4,65.21,3.2,Yes,Average
Uttarakhand,Dehradun,01-01-2020,2020,January,34839,1943,30894.76,Temple,0.84,465,1923.45,Crafts Mela,Cold,Bike,5435.48,Yes,12,78.86,3.7,No,Good
Uttarakhand,Dehradun,01-02-2020,2020,February,35779,1872,54833.17,Temple,1.46,61,5842.75,Music Festival,Cold,Boat,7150.1,Yes,3.8,87.35,3.5,No,Good
Uttarakhand,Dehradun,01-03-2020,2020,March,7802,2434,15078.51,Hill Station,1.47,190,7521.68,Dance Festival,Cold,Train,7886.88,No,14,59.05,3.8,Yes,Poor
Uttarakhand,Dehradun,01-04-2020,2020,April,34470,1212,52373.66,River Rafting,1.47,490,5981.75,Music Festival,Cloudy,Bus,5778.69,No,8.1,56.49,3.8,No,Average
Uttarakhand,Dehradun,01-05-2020,2020,May,46107,3014,34468.42,Desert Safari,0.7,328,8268.92,Festival,Cloudy,Bus,7503.2,Yes,15,50.59,3.6,Yes,Poor
Uttarakhand,Dehradun,01-06-2020,2020,June,15637,3729,27834.52,Temple,1.44,218,2909.12,Food Festival,Cold,Flight,3588.02,No,14.9,63.65,3.9,No,Average
Uttarakhand,Dehradun,01-07-2020,2020,July,9843,2309,20408.09,Cultural Festival,1.68,223,5441.53,Religious Event,Snowy,Boat,3455.2,No,13.9,64.95,3.1,No,Good
Uttarakhand,Dehradun,01-08-2020,2020,August,29002,3400,33411.06,Temple,1.03,247,8341.25,Food Festival,Cloudy,Train,7252.42,No,14.7,58.22,4.4,No,Good
Uttarakhand,Dehradun,01-09-2020,2020,September,12303,2465,22771.71,Beach,1.54,478,2774.51,Dance Festival,Rainy,Bike,539.14,Yes,11.7,60.51,3.1,Yes,Poor
Uttarakhand,Dehradun,01-10-2020,2020,October,5254,3081,21340.86,River Rafting,2.56,159,7383.42,Food Festival,Sunny,Bike,6608.14,Yes,6.8,74.03,4.2,Yes,Poor
Uttarakhand,Dehradun,01-11-2020,2020,November,13984,3116,20734.76,Fort,1.21,401,7631.27,Festival,Rainy,Train,2779.09,No,2.1,58.73,4.7,Yes,Poor
Uttarakhand,Dehradun,01-12-2020,2020,December,22920,3881,41602.28,Cultural Festival,1.55,53,8864.27,Festival,Cloudy,Boat,7099.17,No,6.9,66.61,4.8,Yes,Average
Uttarakhand,Dehradun,01-01-2021,2021,January,21914,3893,49492.74,Hill Station,1.92,372,8329.55,Food Festival,Cold,Boat,5779.38,Yes,12.6,61.8,4.4,Yes,Poor
Uttarakhand,Dehradun,01-02-2021,2021,February,19030,1636,21284.45,Museum,1.03,151,7445.37,Music Festival,Rainy,Car,1525.33,No,4.9,57.33,4,No,Poor
Uttarakhand,Dehradun,01-03-2021,2021,March,36763,2832,53825.55,Beach,1.36,112,3281.65,Art Fair,Humid,Flight,6885.68,Yes,4.8,61.55,5,Yes,Poor
Uttarakhand,Dehradun,01-04-2021,2021,April,18304,4665,25595.6,Desert Safari,1.11,97,7389.2,Dance Festival,Snowy,Boat,4660.38,No,5.4,57.26,4.4,No,Poor
Uttarakhand,Dehradun,01-05-2021,2021,May,45422,1062,33661.74,Beach,0.72,305,6554.78,Food Festival,Cloudy,Flight,5198.07,No,11.9,86.07,4.7,Yes,Poor
Uttarakhand,Dehradun,01-06-2021,2021,June,18331,4670,43683.29,Fort,1.9,399,9798.29,Sports Event,Sunny,Car,6000.91,No,7.1,66.15,4.4,No,Poor
Uttarakhand,Dehradun,01-07-2021,2021,July,45112,1924,55117.53,Beach,1.17,79,5400.24,Crafts Mela,Rainy,Train,611.34,Yes,4.9,50.68,4.5,No,Poor
Uttarakhand,Dehradun,01-08-2021,2021,August,22823,4553,47491.63,Hill Station,1.73,196,3934.9,Religious Event,Cold,Boat,4052.54,Yes,3.5,69.58,4.1,Yes,Average
Uttarakhand,Dehradun,01-09-2021,2021,September,40225,2024,53747.99,Backwaters,1.27,203,9191.01,Religious Event,Rainy,Flight,6797.18,No,7.4,60.84,3.3,Yes,Average
Uttarakhand,Dehradun,01-10-2021,2021,October,25945,3433,44734.18,Temple,1.52,282,7034.8,Music Festival,Sunny,Bus,4477.96,No,10.1,84.68,3.6,No,Average
Uttarakhand,Dehradun,01-11-2021,2021,November,28477,1318,45992.12,Cultural Festival,1.54,485,5173.02,Art Fair,Rainy,Car,849,Yes,2.5,60.2,4.2,No,Good
Uttarakhand,Dehradun,01-12-2021,2021,December,6140,2986,11884.54,Temple,1.3,81,7926.97,Dance Festival,Cloudy,Flight,517.71,No,14.6,64.46,4.5,No,Poor
Uttarakhand,Dehradun,01-01-2022,2022,January,33071,4990,49273.96,Museum,1.29,108,6068.08,Art Fair,Rainy,Bike,7924.28,No,6.9,71.32,3.1,No,Good
Uttarakhand,Dehradun,01-02-2022,2022,February,36880,2697,63686.49,Wildlife Sanctuary,1.61,172,4908.6,Art Fair,Rainy,Train,4704.46,Yes,5.6,91.02,3.7,No,Poor
Uttarakhand,Dehradun,01-03-2022,2022,March,48199,1879,60212.73,Cultural Festival,1.2,233,7524.98,Food Festival,Sunny,Car,7808.35,Yes,5.4,55.42,4.9,No,Good
Uttarakhand,Dehradun,01-04-2022,2022,April,24807,4939,52218.69,Fort,1.76,321,3510.14,Sports Event,Humid,Car,5551.77,No,12.3,85.44,3.7,Yes,Average
Uttarakhand,Dehradun,01-05-2022,2022,May,43079,3575,32599.13,Wildlife Sanctuary,0.7,365,4549.46,Sports Event,Snowy,Train,3192.82,Yes,13.4,88.64,3.1,No,Good
Uttarakhand,Dehradun,01-06-2022,2022,June,20451,2249,34624.33,Wildlife Sanctuary,1.53,182,6665.47,Dance Festival,Humid,Bus,2845.12,Yes,3.3,81.2,3.4,Yes,Good
Uttarakhand,Dehradun,01-07-2022,2022,July,24651,1929,31339.21,Wildlife Sanctuary,1.18,65,2596.94,Crafts Mela,Humid,Boat,7934.99,No,3.9,81.98,3.7,Yes,Average
Uttarakhand,Dehradun,01-08-2022,2022,August,20587,4700,38753.93,Hill Station,1.53,442,2668.46,Food Festival,Rainy,Boat,942.24,No,14.9,66.49,3.2,No,Average
Uttarakhand,Dehradun,01-09-2022,2022,September,10808,3637,20111.84,River Rafting,1.39,480,3533.23,Music Festival,Cold,Boat,5627.19,No,9.4,62.62,3.2,Yes,Average
Uttarakhand,Dehradun,01-10-2022,2022,October,49957,4370,49551.05,Beach,0.91,149,2964.63,Music Festival,Humid,Bus,2034.09,No,8.4,73.09,4.9,Yes,Poor
Uttarakhand,Dehradun,01-11-2022,2022,November,46070,3367,78979.84,Hill Station,1.6,460,4976.76,Crafts Mela,Rainy,Car,7917.23,No,7.4,58.38,4.1,Yes,Poor
Uttarakhand,Dehradun,01-12-2022,2022,December,41587,1416,35843.23,River Rafting,0.83,180,2232.81,Festival,Humid,Bike,2984.92,No,6.9,70.42,3.8,No,Poor
Uttarakhand,Dehradun,01-01-2023,2023,January,25628,3821,46574.35,Beach,1.58,452,5999.01,Dance Festival,Sunny,Train,909.21,Yes,8.2,60.04,4.6,No,Good
Uttarakhand,Dehradun,01-02-2023,2023,February,38839,1365,61493.49,Cultural Festival,1.53,201,9167.05,Crafts Mela,Cold,Bike,4271.48,Yes,10.9,56.73,3.6,Yes,Poor
Uttarakhand,Dehradun,01-03-2023,2023,March,31554,1134,32816.78,Fort,1,389,1603.55,Food Festival,Cloudy,Boat,828.42,Yes,4,55.04,4.5,No,Good
Uttarakhand,Dehradun,01-04-2023,2023,April,7009,2577,18824.55,Temple,1.96,348,4454.21,Crafts Mela,Snowy,Car,2243.76,No,12.1,73.18,3.7,Yes,Average
Uttarakhand,Dehradun,01-05-2023,2023,May,37587,4771,57736.13,Hill Station,1.36,123,2698.88,Art Fair,Humid,Flight,1718.46,Yes,7.9,78.22,3.7,No,Average
Uttarakhand,Dehradun,01-06-2023,2023,June,49466,2511,48340.52,Desert Safari,0.93,266,6921.64,Dance Festival,Humid,Bike,7916.29,No,13.1,72.73,3.5,No,Good
Uttarakhand,Dehradun,01-07-2023,2023,July,13857,2001,21385.34,Museum,1.35,75,5668.72,Art Fair,Cold,Flight,1067.87,No,5,94.68,4.8,No,Good
Uttarakhand,Dehradun,01-08-2023,2023,August,13207,2791,24769.82,Desert Safari,1.55,498,6819.98,Dance Festival,Cloudy,Flight,4752.84,Yes,6.4,70.03,3.2,Yes,Good
Uttarakhand,Dehradun,01-09-2023,2023,September,47342,2154,33432.84,River Rafting,0.68,333,9938.66,Music Festival,Snowy,Boat,1696.01,No,7.3,78.02,3.3,Yes,Average
Uttarakhand,Dehradun,01-10-2023,2023,October,46165,4495,63462.65,Backwaters,1.25,178,5035.44,Dance Festival,Humid,Car,7833.1,Yes,6.8,53.06,4.6,No,Average
Uttarakhand,Dehradun,01-11-2023,2023,November,46971,2157,49919.77,Beach,1.02,258,8243.12,Sports Event,Humid,Train,1255.84,No,9,53.11,4.7,No,Poor
Uttarakhand,Dehradun,01-12-2023,2023,December,22089,2348,24005.31,Hill Station,0.98,187,5126.24,Festival,Rainy,Bus,2196.27,No,6.9,55.91,3.7,Yes,Poor
Uttarakhand,Haridwar,01-01-2019,2019,January,47666,3821,33118.08,Desert Safari,0.64,240,1578.32,Religious Event,Rainy,Train,3148.94,Yes,12.4,94.9,4.6,No,Poor
Uttarakhand,Haridwar,01-02-2019,2019,February,8409,4503,20629.13,Beach,1.6,321,2818.2,Dance Festival,Sunny,Car,2980.45,No,12.6,90.21,4.2,No,Good
Uttarakhand,Haridwar,01-03-2019,2019,March,22579,3967,34687.43,Temple,1.31,88,2861.64,Sports Event,Cloudy,Flight,3514.38,Yes,2.6,63.36,3.1,Yes,Poor
Uttarakhand,Haridwar,01-04-2019,2019,April,42197,955,59396.24,Hill Station,1.38,379,9295.16,Music Festival,Rainy,Flight,2694.44,No,13.3,80.24,4.7,No,Average
Uttarakhand,Haridwar,01-05-2019,2019,May,19391,1258,26689.75,Hill Station,1.29,438,5806.05,Food Festival,Snowy,Bus,5507.51,No,14.7,79.75,4.9,No,Poor
Uttarakhand,Haridwar,01-06-2019,2019,June,38519,2554,42128.36,Beach,1.03,96,6776.88,Music Festival,Humid,Train,769.2,No,7.2,77.78,4.9,No,Average
Uttarakhand,Haridwar,01-07-2019,2019,July,20905,4821,37489.1,Desert Safari,1.46,122,8900.05,Sports Event,Sunny,Flight,1892.14,Yes,3.4,59.13,4.2,Yes,Average
Uttarakhand,Haridwar,01-08-2019,2019,August,29784,4693,61350.75,Wildlife Sanctuary,1.78,193,4559.18,Religious Event,Rainy,Bus,2616.95,No,8,66.05,3.8,Yes,Good
Uttarakhand,Haridwar,01-09-2019,2019,September,18211,1160,18696.78,River Rafting,0.97,220,7977.62,Sports Event,Humid,Bike,4617.78,Yes,3.6,57.43,4,No,Average
Uttarakhand,Haridwar,01-10-2019,2019,October,9169,1727,19866.41,Wildlife Sanctuary,1.82,64,8129.97,Dance Festival,Humid,Train,6304.48,Yes,5.9,85.66,4.2,Yes,Average
Uttarakhand,Haridwar,01-11-2019,2019,November,32486,660,50061.43,Wildlife Sanctuary,1.51,377,9388.24,Food Festival,Snowy,Flight,5254.39,No,6.5,78.11,3.9,No,Poor
Uttarakhand,Haridwar,01-12-2019,2019,December,12543,4141,30511.61,River Rafting,1.83,82,3780.79,Sports Event,Sunny,Bike,3354.47,Yes,13,91.83,3.5,No,Average
Uttarakhand,Haridwar,01-01-2020,2020,January,12635,1565,11311.07,River Rafting,0.8,80,1953.47,Dance Festival,Cloudy,Train,4654.98,Yes,8.9,79.16,4.8,No,Good
Uttarakhand,Haridwar,01-02-2020,2020,February,30498,1750,36997.08,Fort,1.15,330,7385.5,Crafts Mela,Cold,Bus,3453.21,No,9.1,74.67,4.1,Yes,Poor
Uttarakhand,Haridwar,01-03-2020,2020,March,33235,1085,26555.79,Museum,0.77,386,3604.82,Art Fair,Humid,Boat,2280.01,No,12.3,69.7,4.2,Yes,Average
Uttarakhand,Haridwar,01-04-2020,2020,April,16237,2410,22667.07,Hill Station,1.22,352,7598.92,Religious Event,Sunny,Bike,4832.99,Yes,11.4,55.34,4.6,Yes,Poor
Uttarakhand,Haridwar,01-05-2020,2020,May,33370,2073,34669.16,Fort,0.98,172,7441.14,Food Festival,Humid,Bus,1457.42,Yes,4.9,83.04,3.5,Yes,Good
Uttarakhand,Haridwar,01-06-2020,2020,June,6240,1828,14239.43,Museum,1.76,228,4179.04,Art Fair,Cloudy,Car,4298.63,Yes,12.7,82.7,3.3,Yes,Average
Uttarakhand,Haridwar,01-07-2020,2020,July,28167,1515,29750.48,Backwaters,1,140,1690.62,Art Fair,Snowy,Bus,1624.78,Yes,9.7,66.65,3.7,Yes,Good
Uttarakhand,Haridwar,01-08-2020,2020,August,48392,2457,38734.55,Backwaters,0.76,403,4533.01,Art Fair,Rainy,Car,6162.43,Yes,13.8,56.01,3.4,Yes,Average
Uttarakhand,Haridwar,01-09-2020,2020,September,42292,922,34088.98,Backwaters,0.79,167,3965.93,Music Festival,Rainy,Flight,5417.33,No,7,77.81,4.8,Yes,Average
Uttarakhand,Haridwar,01-10-2020,2020,October,28275,4389,52504.04,Beach,1.61,254,9046.02,Food Festival,Cold,Train,7611.32,No,5.1,62.15,4.3,Yes,Good
Uttarakhand,Haridwar,01-11-2020,2020,November,11336,4518,31621.53,Fort,1.99,63,7347.92,Crafts Mela,Rainy,Flight,1892.44,Yes,8.8,68.69,3.3,Yes,Poor
Uttarakhand,Haridwar,01-12-2020,2020,December,41768,2668,47466.33,River Rafting,1.07,423,4699.95,Crafts Mela,Cold,Boat,4165.67,Yes,13.7,87.05,3.1,No,Good
Uttarakhand,Haridwar,01-01-2021,2021,January,35299,1242,55692.03,Desert Safari,1.52,316,9125.6,Dance Festival,Cold,Train,2991.81,No,5.4,86.98,3.1,Yes,Poor
Uttarakhand,Haridwar,01-02-2021,2021,February,13530,2690,16190.2,River Rafting,1,92,5850.38,Sports Event,Sunny,Car,1012.89,Yes,7.9,89.14,4.6,No,Average
Uttarakhand,Haridwar,01-03-2021,2021,March,22045,1181,18655.29,Museum,0.8,107,9993.92,Festival,Humid,Bike,5857.31,No,13.8,67.9,4.7,Yes,Average
Uttarakhand,Haridwar,01-04-2021,2021,April,30593,742,20133.48,Beach,0.64,337,2540,Music Festival,Cloudy,Bus,6320.1,No,14.8,87.26,3,No,Good
Uttarakhand,Haridwar,01-05-2021,2021,May,34912,3501,33520.28,Cultural Festival,0.87,384,8798.1,Dance Festival,Sunny,Flight,7071.07,Yes,6.9,87.66,3.5,No,Good
Uttarakhand,Haridwar,01-06-2021,2021,June,26098,3886,25847.62,Museum,0.86,236,5506.15,Festival,Cold,Flight,7580.04,No,7,90.57,3.2,No,Good
Uttarakhand,Haridwar,01-07-2021,2021,July,43209,4745,51318.75,Hill Station,1.07,246,7507,Religious Event,Rainy,Bike,1115.2,No,14.6,76.17,3.8,Yes,Average
Uttarakhand,Haridwar,01-08-2021,2021,August,14823,1479,13137.97,Hill Station,0.81,257,2843.98,Religious Event,Rainy,Boat,6759.71,Yes,6.9,87.24,4.8,No,Good
Uttarakhand,Haridwar,01-09-2021,2021,September,5663,705,9360.98,Beach,1.47,290,8685.38,Sports Event,Rainy,Car,3939.28,Yes,14.9,58.33,3.8,Yes,Good
Uttarakhand,Haridwar,01-10-2021,2021,October,34549,3270,38517.53,Temple,1.02,456,9220.02,Music Festival,Rainy,Boat,1428.63,No,2.3,81.39,3.1,Yes,Poor
Uttarakhand,Haridwar,01-11-2021,2021,November,38978,1534,25604.79,Beach,0.63,416,2644.22,Festival,Snowy,Flight,6068.25,No,3,59.9,3.6,Yes,Average
Uttarakhand,Haridwar,01-12-2021,2021,December,31008,1745,29067.49,Museum,0.89,55,9892.69,Crafts Mela,Rainy,Bike,3812.32,Yes,9.2,60.4,3.1,Yes,Good
Uttarakhand,Haridwar,01-01-2022,2022,January,11822,1975,25370.71,Fort,1.84,340,6574.62,Dance Festival,Cloudy,Car,1403.93,No,11,63.65,4.3,No,Poor
Uttarakhand,Haridwar,01-02-2022,2022,February,6743,4353,22798.78,Cultural Festival,2.05,68,4784.9,Food Festival,Snowy,Flight,1417.85,No,13.7,65.5,3.2,No,Poor
Uttarakhand,Haridwar,01-03-2022,2022,March,36548,1203,43863.04,Desert Safari,1.16,321,8945.5,Festival,Cloudy,Boat,5775.9,No,2.9,77.4,3.4,No,Average
Uttarakhand,Haridwar,01-04-2022,2022,April,27504,3326,45458.77,Cultural Festival,1.47,75,4980.71,Music Festival,Humid,Flight,7680.21,Yes,14.7,61.26,4.8,No,Good
Uttarakhand,Haridwar,01-05-2022,2022,May,29555,1430,41904.03,Hill Station,1.35,192,6197.64,Dance Festival,Rainy,Boat,1987.67,No,9.4,54.79,5,No,Good
Uttarakhand,Haridwar,01-06-2022,2022,June,30061,3494,51864.75,Temple,1.55,282,1670.35,Art Fair,Sunny,Bus,7685.65,Yes,10.1,68.34,3.8,Yes,Poor
Uttarakhand,Haridwar,01-07-2022,2022,July,28661,2604,26767.81,Hill Station,0.86,342,6760.18,Crafts Mela,Cloudy,Car,2551.19,No,8,88.59,4.4,Yes,Average
Uttarakhand,Haridwar,01-08-2022,2022,August,6347,1072,14446.74,Hill Station,1.95,198,1970.23,Religious Event,Humid,Car,7595.87,No,12.6,79.48,4.4,No,Poor
Uttarakhand,Haridwar,01-09-2022,2022,September,27125,666,17847.84,Backwaters,0.64,200,5812.92,Art Fair,Humid,Car,6849.06,Yes,5.4,94.24,4.3,Yes,Average
Uttarakhand,Haridwar,01-10-2022,2022,October,8688,1835,17715.83,Beach,1.68,238,7983.27,Religious Event,Humid,Bus,3269.24,Yes,11.7,56.97,3.1,Yes,Average
Uttarakhand,Haridwar,01-11-2022,2022,November,34020,2840,45885.72,Museum,1.24,98,8919.63,Art Fair,Cold,Bike,3878.4,No,9.8,73.21,4,Yes,Average
Uttarakhand,Haridwar,01-12-2022,2022,December,37497,4885,41196.86,Cultural Festival,0.97,75,9096.68,Sports Event,Snowy,Bus,4610.25,No,11.9,75.11,4.9,Yes,Poor
Uttarakhand,Haridwar,01-01-2023,2023,January,33242,3341,37126.7,Backwaters,1.01,256,9995.7,Religious Event,Sunny,Car,4348.4,No,9.4,57.56,3.5,Yes,Average
Uttarakhand,Haridwar,01-02-2023,2023,February,32658,590,40164.46,Beach,1.21,193,5527.52,Crafts Mela,Sunny,Car,7634.01,Yes,8.3,63.07,4.4,Yes,Average
Uttarakhand,Haridwar,01-03-2023,2023,March,33551,1206,25081.2,Backwaters,0.72,86,4675.98,Dance Festival,Cold,Train,5518.33,No,14.7,84.55,5,Yes,Good
Uttarakhand,Haridwar,01-04-2023,2023,April,30865,979,18313.03,Backwaters,0.58,354,9421.83,Food Festival,Snowy,Train,6378.74,No,9.5,52.84,4.8,Yes,Good
Uttarakhand,Haridwar,01-05-2023,2023,May,14851,728,11323.19,Museum,0.73,493,8186.13,Religious Event,Sunny,Boat,3195.49,Yes,11.5,62.76,4.3,No,Average
Uttarakhand,Haridwar,01-06-2023,2023,June,26982,3931,34294.16,Museum,1.11,245,3747.24,Art Fair,Humid,Bus,1332.71,No,2.2,76.66,3.3,Yes,Average
Uttarakhand,Haridwar,01-07-2023,2023,July,16476,1753,22962.63,Backwaters,1.26,334,4338.86,Music Festival,Rainy,Car,5058.76,No,11.9,62.77,3.9,Yes,Good
Uttarakhand,Haridwar,01-08-2023,2023,August,12272,545,13150.85,Temple,1.03,90,3102.41,Music Festival,Cloudy,Bus,931.63,No,6.3,63,4,Yes,Good
Uttarakhand,Haridwar,01-09-2023,2023,September,31718,1808,42751.22,River Rafting,1.28,483,9278.95,Sports Event,Humid,Car,2571.38,No,2.5,90.12,5,No,Poor
Uttarakhand,Haridwar,01-10-2023,2023,October,48386,3358,65808.94,Cultural Festival,1.27,321,4567.03,Festival,Snowy,Train,2385.82,Yes,6,69.32,3.7,No,Average
Uttarakhand,Haridwar,01-11-2023,2023,November,40995,1874,44567.71,Cultural Festival,1.04,246,6837.14,Festival,Rainy,Boat,6384.26,No,7.5,80.59,3.4,Yes,Average
Uttarakhand,Haridwar,01-12-2023,2023,December,15436,3117,22157.5,Hill Station,1.19,261,4648,Crafts Mela,Rainy,Car,3428.42,Yes,13.9,69.2,4.5,No,Average
Jammu and Kashmir,Srinagar,01-01-2019,2019,January,46827,1919,56936.31,Museum,1.17,483,5458.93,Festival,Sunny,Train,7529.99,No,2.8,57.23,4.3,Yes,Good
Jammu and Kashmir,Srinagar,01-02-2019,2019,February,37164,1821,57541.1,Desert Safari,1.48,495,4913.9,Food Festival,Rainy,Car,7469.8,No,8.2,91.33,4.8,Yes,Poor
Jammu and Kashmir,Srinagar,01-03-2019,2019,March,13315,2147,15568.47,Beach,1.01,247,8256.42,Festival,Cloudy,Train,4856.81,Yes,6.1,66.35,4.2,Yes,Good
Jammu and Kashmir,Srinagar,01-04-2019,2019,April,20632,2837,32225.22,Hill Station,1.37,492,2305.18,Sports Event,Cold,Bus,7821.13,Yes,3.3,50.41,3.1,Yes,Average
Jammu and Kashmir,Srinagar,01-05-2019,2019,May,33972,3365,40802.28,Backwaters,1.09,386,6360.74,Food Festival,Cold,Boat,4032.13,Yes,2.1,72.42,4.8,Yes,Average
Jammu and Kashmir,Srinagar,01-06-2019,2019,June,20272,4665,47561.53,Backwaters,1.91,500,9686.01,Music Festival,Cold,Car,4420.46,Yes,5.3,64.89,3,Yes,Poor
Jammu and Kashmir,Srinagar,01-07-2019,2019,July,17863,4938,38685.07,Wildlife Sanctuary,1.7,242,1579.31,Art Fair,Rainy,Bike,805.42,Yes,14.4,52.47,4.4,No,Good
Jammu and Kashmir,Srinagar,01-08-2019,2019,August,43368,3397,48046.24,Beach,1.03,181,4275.58,Sports Event,Cold,Train,5343.65,Yes,14.7,88.96,4.5,Yes,Average
Jammu and Kashmir,Srinagar,01-09-2019,2019,September,5864,1977,13125.04,Backwaters,1.67,116,2166.35,Food Festival,Cold,Car,795.3,Yes,7.7,52.01,3.6,Yes,Poor
Jammu and Kashmir,Srinagar,01-10-2019,2019,October,13726,4145,39628.5,Beach,2.22,367,6419.85,Dance Festival,Cloudy,Boat,7343.42,No,10.6,82.7,3.9,No,Poor
Jammu and Kashmir,Srinagar,01-11-2019,2019,November,13072,802,17114.18,Museum,1.23,317,3589.58,Sports Event,Rainy,Flight,2120.44,No,10.9,69.13,4.6,No,Good
Jammu and Kashmir,Srinagar,01-12-2019,2019,December,34862,2823,54360.37,Wildlife Sanctuary,1.44,188,6474.4,Crafts Mela,Rainy,Bike,5663.03,No,13.2,87.21,3.6,Yes,Average
Jammu and Kashmir,Srinagar,01-01-2020,2020,January,23237,2578,28006.22,Beach,1.08,446,4085,Art Fair,Cold,Train,4324.99,No,3.5,62.54,4.7,Yes,Average
Jammu and Kashmir,Srinagar,01-02-2020,2020,February,48250,2265,39295.07,Hill Station,0.78,182,4660.98,Crafts Mela,Cold,Bike,4662.09,Yes,12.5,89.45,3.6,Yes,Good
Jammu and Kashmir,Srinagar,01-03-2020,2020,March,12836,3623,23900.78,Desert Safari,1.45,88,8981.37,Crafts Mela,Rainy,Bike,3612.47,No,3.3,88.14,4.7,Yes,Poor
Jammu and Kashmir,Srinagar,01-04-2020,2020,April,26368,4826,30266.95,Wildlife Sanctuary,0.97,137,3647.78,Food Festival,Rainy,Train,7566.48,No,8.5,82.37,4.8,Yes,Average
Jammu and Kashmir,Srinagar,01-05-2020,2020,May,5431,1029,6593.78,Fort,1.02,380,7589.57,Sports Event,Snowy,Car,1928.89,No,13.9,55.49,3.9,No,Good
Jammu and Kashmir,Srinagar,01-06-2020,2020,June,40776,2343,39644.37,Hill Station,0.92,415,2241.51,Music Festival,Cold,Flight,7185.46,No,5,63.14,3.9,Yes,Good
Jammu and Kashmir,Srinagar,01-07-2020,2020,July,17847,2962,41084.35,Hill Station,1.97,109,8664.92,Religious Event,Sunny,Flight,7324.52,No,11.5,57.5,4,Yes,Good
Jammu and Kashmir,Srinagar,01-08-2020,2020,August,18018,3922,28334.52,Hill Station,1.29,99,1632.58,Religious Event,Snowy,Car,4755.9,No,13.8,75.11,3.5,Yes,Poor
Jammu and Kashmir,Srinagar,01-09-2020,2020,September,27415,4158,46645.05,Cultural Festival,1.48,60,8644.5,Food Festival,Sunny,Flight,595.67,No,3.9,71.25,3.2,Yes,Average
Jammu and Kashmir,Srinagar,01-10-2020,2020,October,49873,4662,86349,Backwaters,1.58,207,5551.53,Dance Festival,Rainy,Flight,4353.7,No,7.5,80.25,3.4,No,Average
Jammu and Kashmir,Srinagar,01-11-2020,2020,November,35498,1031,23651.82,Wildlife Sanctuary,0.65,170,2627.24,Crafts Mela,Cloudy,Bike,3182.01,No,10.1,59.96,3.5,Yes,Good
Jammu and Kashmir,Srinagar,01-12-2020,2020,December,9565,2904,24623.55,River Rafting,1.97,372,4291.41,Dance Festival,Cold,Boat,7095.72,No,8.1,55.45,4.9,Yes,Good
Jammu and Kashmir,Srinagar,01-01-2021,2021,January,25559,1041,25079.58,River Rafting,0.94,365,7777.58,Music Festival,Sunny,Bus,1313.04,Yes,3.6,66.58,4.3,No,Average
Jammu and Kashmir,Srinagar,01-02-2021,2021,February,40155,3173,71109.97,Wildlife Sanctuary,1.64,332,6106.01,Religious Event,Rainy,Train,2771.22,No,6.9,83.68,3.6,Yes,Good
Jammu and Kashmir,Srinagar,01-03-2021,2021,March,45582,3607,65594.05,Beach,1.33,82,2906.57,Sports Event,Cloudy,Boat,3558.2,No,2.6,78.69,4.2,No,Good
Jammu and Kashmir,Srinagar,01-04-2021,2021,April,33050,4819,39201,Backwaters,1.04,60,7862.9,Dance Festival,Rainy,Bike,6846.09,Yes,13.9,70.59,4.3,No,Average
Jammu and Kashmir,Srinagar,01-05-2021,2021,May,35865,2513,32075.72,Wildlife Sanctuary,0.84,86,5357.38,Dance Festival,Cold,Train,2040.44,No,9.3,73.37,4.4,No,Poor
Jammu and Kashmir,Srinagar,01-06-2021,2021,June,46383,2152,48276.43,Beach,0.99,461,7286.65,Dance Festival,Cloudy,Bus,1568,No,2.3,72.05,3.7,Yes,Average
Jammu and Kashmir,Srinagar,01-07-2021,2021,July,36540,779,41367.23,Backwaters,1.11,460,3529.77,Religious Event,Rainy,Flight,4756.86,No,14.8,75.01,4.1,Yes,Poor
Jammu and Kashmir,Srinagar,01-08-2021,2021,August,24058,4440,39651.01,Museum,1.39,250,9930.25,Dance Festival,Humid,Flight,2323.29,Yes,3.2,85.2,3.6,No,Average
Jammu and Kashmir,Srinagar,01-09-2021,2021,September,12967,2709,24815.21,Backwaters,1.58,141,8421.92,Dance Festival,Humid,Flight,1217.12,No,2.3,54.76,3.2,Yes,Average
Jammu and Kashmir,Srinagar,01-10-2021,2021,October,38674,3669,49948.23,Desert Safari,1.18,224,7971.06,Religious Event,Sunny,Train,723.1,Yes,13.7,54.45,4.6,No,Good
Jammu and Kashmir,Srinagar,01-11-2021,2021,November,15320,2363,21887.46,Hill Station,1.24,356,2058.88,Dance Festival,Cold,Bike,5741.31,Yes,14.5,76.9,4.7,No,Poor
Jammu and Kashmir,Srinagar,01-12-2021,2021,December,48965,1353,39341.45,Temple,0.78,333,3051.37,Food Festival,Cold,Flight,7293.98,Yes,12.6,85.34,3.3,Yes,Good
Jammu and Kashmir,Srinagar,01-01-2022,2022,January,9601,4816,29095.53,Wildlife Sanctuary,2.02,110,5396.29,Festival,Sunny,Car,2577.47,No,3.3,71.27,3.1,Yes,Good
Jammu and Kashmir,Srinagar,01-02-2022,2022,February,16236,3360,22890.71,River Rafting,1.17,90,3110.72,Dance Festival,Cloudy,Boat,1623.57,No,10.9,84.09,4,No,Good
Jammu and Kashmir,Srinagar,01-03-2022,2022,March,30225,693,39791.53,Wildlife Sanctuary,1.29,388,3929.13,Art Fair,Cold,Bus,3313.25,No,14.3,91.92,4.6,No,Average
Jammu and Kashmir,Srinagar,01-04-2022,2022,April,35046,4188,63802.39,Hill Station,1.63,175,7093.21,Sports Event,Rainy,Flight,957.23,Yes,7.1,71.32,4.9,No,Good
Jammu and Kashmir,Srinagar,01-05-2022,2022,May,42971,3115,48268.82,River Rafting,1.05,88,5175.4,Sports Event,Sunny,Bus,5544.18,No,6.9,94.3,3.8,No,Poor
Jammu and Kashmir,Srinagar,01-06-2022,2022,June,20722,2104,30570.85,Wildlife Sanctuary,1.34,372,7716.44,Art Fair,Sunny,Bike,2739.6,Yes,5.5,89.3,4.6,Yes,Poor
Jammu and Kashmir,Srinagar,01-07-2022,2022,July,13217,1088,17225.05,Desert Safari,1.2,429,7393.17,Art Fair,Cloudy,Train,4218.16,No,2.4,72.9,3.3,Yes,Poor
Jammu and Kashmir,Srinagar,01-08-2022,2022,August,6008,3324,20505.09,Hill Station,2.2,319,1652.55,Sports Event,Humid,Train,4711.52,Yes,9.2,52.4,3.4,No,Poor
Jammu and Kashmir,Srinagar,01-09-2022,2022,September,23614,3758,32918.17,Beach,1.2,383,1974.48,Music Festival,Rainy,Flight,4877.06,No,13.9,89.15,3.7,Yes,Poor
Jammu and Kashmir,Srinagar,01-10-2022,2022,October,11821,1872,21097.64,Fort,1.54,381,9982.74,Music Festival,Snowy,Bus,6719.81,No,8.9,83.1,4.3,No,Good
Jammu and Kashmir,Srinagar,01-11-2022,2022,November,33763,3746,51566.85,Backwaters,1.37,54,2864.94,Art Fair,Rainy,Bus,3906.27,No,7.1,73.15,3.6,Yes,Poor
Jammu and Kashmir,Srinagar,01-12-2022,2022,December,7516,1948,14660.73,Temple,1.55,129,5654.1,Festival,Sunny,Boat,2670.24,Yes,14.3,50.92,4.8,No,Good
Jammu and Kashmir,Srinagar,01-01-2023,2023,January,28542,2160,29666.36,Wildlife Sanctuary,0.97,380,9920.41,Crafts Mela,Cloudy,Boat,1265.36,Yes,12.7,84.13,4.1,Yes,Average
Jammu and Kashmir,Srinagar,01-02-2023,2023,February,17532,1734,17878.48,Temple,0.93,139,1979.01,Religious Event,Cold,Bike,6063.91,No,6.8,87.3,4.5,No,Average
Jammu and Kashmir,Srinagar,01-03-2023,2023,March,35842,3313,52739.29,Backwaters,1.35,355,2788.29,Sports Event,Humid,Bike,1087.12,No,14.3,67.16,4.6,No,Poor
Jammu and Kashmir,Srinagar,01-04-2023,2023,April,42380,3877,45963.3,Museum,0.99,297,2606.66,Crafts Mela,Cloudy,Train,2823.97,No,13.5,87.11,3,Yes,Poor
Jammu and Kashmir,Srinagar,01-05-2023,2023,May,26505,4311,43565.27,River Rafting,1.41,134,6955.03,Art Fair,Rainy,Bike,4916.79,Yes,9.7,91.98,4.3,Yes,Good
Jammu and Kashmir,Srinagar,01-06-2023,2023,June,46726,771,47466.98,Desert Safari,1,63,6210.23,Art Fair,Rainy,Bus,3913.89,No,2.1,58.46,4.9,Yes,Good
Jammu and Kashmir,Srinagar,01-07-2023,2023,July,7732,639,8809.97,Wildlife Sanctuary,1.05,358,2477.43,Music Festival,Sunny,Bike,7726.43,No,3.9,71.68,4.7,No,Poor
Jammu and Kashmir,Srinagar,01-08-2023,2023,August,15142,2341,26950.29,Museum,1.54,109,5195.12,Festival,Snowy,Train,1478.2,No,13.1,87.55,3.8,No,Poor
Jammu and Kashmir,Srinagar,01-09-2023,2023,September,39085,3467,63954.8,Wildlife Sanctuary,1.5,421,2871.15,Sports Event,Sunny,Boat,6729.45,Yes,10.3,62.09,4.1,No,Poor
Jammu and Kashmir,Srinagar,01-10-2023,2023,October,27813,2253,38648.7,Museum,1.29,87,8250.35,Dance Festival,Rainy,Bus,679.46,Yes,4,57.69,4.1,Yes,Average
Jammu and Kashmir,Srinagar,01-11-2023,2023,November,40791,4332,57985.93,Backwaters,1.29,195,9177.19,Religious Event,Cloudy,Car,510.04,No,10.5,80.42,4.9,Yes,Average
Jammu and Kashmir,Srinagar,01-12-2023,2023,December,9841,4369,26994.23,Hill Station,1.9,465,6775.64,Music Festival,Sunny,Bus,537.94,No,13.4,87.63,4.8,No,Poor
Jammu and Kashmir,Jammu,01-01-2019,2019,January,47290,4667,52615.57,Hill Station,1.01,333,7562.27,Crafts Mela,Cold,Bike,2273.38,No,14,94.38,3.2,Yes,Poor
Jammu and Kashmir,Jammu,01-02-2019,2019,February,32128,3602,40052.75,Museum,1.12,418,8135.32,Food Festival,Snowy,Boat,1270.88,No,10.8,92.93,3.4,No,Good
Jammu and Kashmir,Jammu,01-03-2019,2019,March,40627,3262,42581.49,River Rafting,0.97,245,9781.79,Festival,Snowy,Bus,3025.29,No,14.4,80.11,4,Yes,Average
Jammu and Kashmir,Jammu,01-04-2019,2019,April,7017,855,11553.05,Fort,1.47,289,9858.13,Art Fair,Humid,Bus,2514.06,Yes,4.3,74.69,4.5,No,Poor
Jammu and Kashmir,Jammu,01-05-2019,2019,May,5489,4024,15397.15,Museum,1.62,125,2363.39,Art Fair,Snowy,Bus,1042.46,Yes,7.5,64.81,4,Yes,Good
Jammu and Kashmir,Jammu,01-06-2019,2019,June,25889,2354,31329.18,River Rafting,1.11,195,4017.83,Art Fair,Cloudy,Car,1283.17,Yes,9,82.27,4.4,Yes,Good
Jammu and Kashmir,Jammu,01-07-2019,2019,July,5594,3401,17259.29,Desert Safari,1.92,51,2213.29,Food Festival,Humid,Boat,6405.16,No,14.6,90.84,3.9,Yes,Poor
Jammu and Kashmir,Jammu,01-08-2019,2019,August,25861,4967,38490.15,River Rafting,1.25,408,4766.79,Music Festival,Sunny,Bike,7064.66,Yes,9.4,71.89,3.9,No,Poor
Jammu and Kashmir,Jammu,01-09-2019,2019,September,27345,727,28439.2,Fort,1.01,341,7342.53,Food Festival,Snowy,Bike,5488.49,Yes,3.6,65.37,4.8,Yes,Good
Jammu and Kashmir,Jammu,01-10-2019,2019,October,48866,4548,69987.44,Wildlife Sanctuary,1.31,73,1542.14,Dance Festival,Sunny,Flight,6926.45,Yes,2.6,62.9,4.8,Yes,Average
Jammu and Kashmir,Jammu,01-11-2019,2019,November,44801,4830,82739.79,River Rafting,1.67,92,5871.81,Dance Festival,Cloudy,Bus,6732.7,Yes,11.5,90.75,3.8,No,Good
Jammu and Kashmir,Jammu,01-12-2019,2019,December,18553,639,24820.01,Fort,1.29,72,8041.96,Sports Event,Sunny,Bus,3707.74,Yes,11.9,52.57,4.8,Yes,Good
Jammu and Kashmir,Jammu,01-01-2020,2020,January,16517,1958,17161.45,Wildlife Sanctuary,0.93,223,7986.17,Sports Event,Cold,Bike,821.82,No,12.4,62.1,4.7,No,Average
Jammu and Kashmir,Jammu,01-02-2020,2020,February,41723,4705,66931.67,Desert Safari,1.44,462,5712.24,Dance Festival,Humid,Boat,4084.98,No,7.1,81.35,3.3,Yes,Poor
Jammu and Kashmir,Jammu,01-03-2020,2020,March,18316,1784,32546.72,River Rafting,1.62,233,9433.57,Sports Event,Snowy,Bike,6082.23,Yes,4.9,92.76,4.3,No,Good
Jammu and Kashmir,Jammu,01-04-2020,2020,April,12138,939,12899.27,Cultural Festival,0.99,452,1732.72,Religious Event,Humid,Train,1139.96,No,2,65.9,3.1,No,Average
Jammu and Kashmir,Jammu,01-05-2020,2020,May,17236,1603,14569.82,Backwaters,0.77,488,6550.04,Food Festival,Snowy,Boat,3409.45,Yes,12.7,79.67,4.6,Yes,Good
Jammu and Kashmir,Jammu,01-06-2020,2020,June,35806,3683,26504,Backwaters,0.67,424,9071.95,Religious Event,Sunny,Bus,2832.34,No,5,73.02,4.7,Yes,Good
Jammu and Kashmir,Jammu,01-07-2020,2020,July,9884,1547,14204.42,Hill Station,1.24,389,9848.04,Art Fair,Humid,Bus,1168.65,Yes,11.3,68.1,3.3,Yes,Average
Jammu and Kashmir,Jammu,01-08-2020,2020,August,24946,4633,38356.61,Wildlife Sanctuary,1.3,456,3664.51,Religious Event,Sunny,Bus,4795.49,Yes,13.6,64.78,4.5,Yes,Good
Jammu and Kashmir,Jammu,01-09-2020,2020,September,22179,3228,30052.84,Desert Safari,1.18,366,9658.3,Religious Event,Humid,Car,5583.48,No,9.2,92.39,3.4,No,Good
Jammu and Kashmir,Jammu,01-10-2020,2020,October,44698,834,36553.68,Temple,0.8,384,2840.18,Religious Event,Rainy,Bus,2559.91,Yes,12.6,56.28,4.1,Yes,Good
Jammu and Kashmir,Jammu,01-11-2020,2020,November,17448,1082,20717.75,Temple,1.12,62,5097.67,Dance Festival,Snowy,Flight,6050.1,Yes,6.6,75.81,5,No,Average
Jammu and Kashmir,Jammu,01-12-2020,2020,December,7144,4839,25096.9,Museum,2.09,170,9032.6,Religious Event,Humid,Car,4150.98,Yes,10.3,89.82,4.8,No,Average
Jammu and Kashmir,Jammu,01-01-2021,2021,January,22296,980,19362.07,Hill Station,0.83,92,7791.46,Dance Festival,Sunny,Bike,2483.26,No,8.5,73.75,4.3,Yes,Good
Jammu and Kashmir,Jammu,01-02-2021,2021,February,37050,4854,58999.32,Desert Safari,1.41,424,4408.33,Food Festival,Cloudy,Bike,831.71,Yes,14.9,70.5,3.3,No,Poor
Jammu and Kashmir,Jammu,01-03-2021,2021,March,13126,2575,20045.62,Hill Station,1.28,53,2297.54,Food Festival,Cold,Bus,6148.59,No,11.7,59.84,4.2,No,Average
Jammu and Kashmir,Jammu,01-04-2021,2021,April,8078,3671,20346.46,Temple,1.73,155,7336.61,Crafts Mela,Sunny,Car,2313.78,No,9.1,64.43,4,Yes,Average
Jammu and Kashmir,Jammu,01-05-2021,2021,May,6376,4948,18861.33,Beach,1.67,494,8317.56,Crafts Mela,Snowy,Boat,6577.7,No,8.3,86.83,3.9,No,Poor
Jammu and Kashmir,Jammu,01-06-2021,2021,June,16003,4098,38797.38,Beach,1.93,158,7009.51,Art Fair,Sunny,Flight,822.83,Yes,7.5,89.68,3.4,Yes,Average
Jammu and Kashmir,Jammu,01-07-2021,2021,July,29351,4660,43273.78,Backwaters,1.27,147,4087.02,Crafts Mela,Sunny,Bus,5704.39,No,2.6,54.08,3.2,No,Good
Jammu and Kashmir,Jammu,01-08-2021,2021,August,36919,4013,67996.67,Cultural Festival,1.66,195,8358.28,Food Festival,Rainy,Bus,7642.33,No,6.7,78.23,3.7,Yes,Average
Jammu and Kashmir,Jammu,01-09-2021,2021,September,45756,2299,44884.77,Hill Station,0.93,73,4257.73,Dance Festival,Snowy,Boat,6189.8,No,2.2,74.92,4.2,Yes,Average
Jammu and Kashmir,Jammu,01-10-2021,2021,October,37254,1551,51385.76,Wildlife Sanctuary,1.32,380,2325.19,Religious Event,Cloudy,Bike,4953.99,Yes,5.7,65.56,4.3,No,Poor
Jammu and Kashmir,Jammu,01-11-2021,2021,November,16493,3653,20906.39,Backwaters,1.04,476,9850.95,Dance Festival,Sunny,Car,7677.31,Yes,7,63.54,3.3,Yes,Average
Jammu and Kashmir,Jammu,01-12-2021,2021,December,44329,1457,62190.03,River Rafting,1.36,252,5652.61,Religious Event,Cloudy,Train,4126.98,Yes,5.2,83.86,3.1,Yes,Good
Jammu and Kashmir,Jammu,01-01-2022,2022,January,5458,4601,19350.65,Hill Station,1.92,429,9535.97,Festival,Sunny,Car,5193.81,Yes,10.1,65.93,3.1,Yes,Average
Jammu and Kashmir,Jammu,01-02-2022,2022,February,8792,3989,23842.27,Beach,1.87,193,5861.95,Art Fair,Cold,Boat,7574.39,No,11.2,55.27,4,Yes,Poor
Jammu and Kashmir,Jammu,01-03-2022,2022,March,36795,817,25512.82,Hill Station,0.68,258,8901.21,Crafts Mela,Snowy,Bus,5937.5,Yes,13.4,73.24,4.9,No,Poor
Jammu and Kashmir,Jammu,01-04-2022,2022,April,43942,1589,41829.24,Temple,0.92,447,7658.91,Festival,Cold,Train,642.04,No,12.1,60.33,3.8,No,Good
Jammu and Kashmir,Jammu,01-05-2022,2022,May,6909,3783,24081.07,Hill Station,2.25,221,5114.4,Music Festival,Humid,Bike,2422.81,Yes,11,92.36,4,Yes,Poor
Jammu and Kashmir,Jammu,01-06-2022,2022,June,6826,2236,15804.11,Temple,1.74,450,8710.88,Crafts Mela,Cloudy,Bus,5906.75,No,12.9,54.91,4.4,No,Good
Jammu and Kashmir,Jammu,01-07-2022,2022,July,29526,2467,25957.56,Museum,0.81,332,2216.87,Dance Festival,Sunny,Bike,5253.43,Yes,2,74.62,3.4,Yes,Average
Jammu and Kashmir,Jammu,01-08-2022,2022,August,28356,3387,28427.35,Desert Safari,0.9,351,9970.43,Religious Event,Humid,Car,5661.38,No,4.2,77.57,4.2,No,Poor
Jammu and Kashmir,Jammu,01-09-2022,2022,September,33600,2545,49100.01,Museum,1.36,275,6459.74,Art Fair,Rainy,Bike,2921.17,No,6.7,71.55,3.2,Yes,Poor
Jammu and Kashmir,Jammu,01-10-2022,2022,October,19133,3772,44661.9,Wildlife Sanctuary,1.95,498,8760.46,Dance Festival,Snowy,Boat,2720.73,No,13.9,50.53,3.1,No,Average
Jammu and Kashmir,Jammu,01-11-2022,2022,November,45016,2661,39238.71,Cultural Festival,0.82,53,5730.03,Crafts Mela,Rainy,Bike,4516.64,No,5.4,92.64,3.7,Yes,Good
Jammu and Kashmir,Jammu,01-12-2022,2022,December,15076,4271,40559.76,Wildlife Sanctuary,2.1,126,5361,Dance Festival,Cloudy,Flight,5535.55,No,10.3,80.32,3.2,No,Good
Jammu and Kashmir,Jammu,01-01-2023,2023,January,9256,863,16539.18,Wildlife Sanctuary,1.63,179,7980.61,Sports Event,Rainy,Bus,6181.17,Yes,14.1,54.5,3.2,No,Poor
Jammu and Kashmir,Jammu,01-02-2023,2023,February,26935,1963,33159.51,Fort,1.15,154,4287.33,Music Festival,Rainy,Flight,3079.1,Yes,9.3,70.51,3.6,Yes,Average
Jammu and Kashmir,Jammu,01-03-2023,2023,March,13508,1645,14416.07,Hill Station,0.95,185,4358.96,Dance Festival,Cloudy,Train,3811.55,No,11,84.58,4.9,Yes,Average
Jammu and Kashmir,Jammu,01-04-2023,2023,April,20780,4935,48775.68,Beach,1.9,213,2993.99,Sports Event,Humid,Boat,5876.01,Yes,12.2,56.09,4.6,No,Average
Jammu and Kashmir,Jammu,01-05-2023,2023,May,15199,2611,20050.29,Fort,1.13,198,2209.71,Dance Festival,Humid,Bus,4231.36,Yes,11.4,70.14,3.6,Yes,Average
Jammu and Kashmir,Jammu,01-06-2023,2023,June,23790,2662,38150.85,Wildlife Sanctuary,1.44,288,5262.57,Crafts Mela,Sunny,Bike,6267.61,No,11.5,62.52,3.6,No,Poor
Jammu and Kashmir,Jammu,01-07-2023,2023,July,26899,1515,33489.36,Hill Station,1.18,242,2486.91,Food Festival,Humid,Train,3355.69,No,8.6,57.14,3.6,Yes,Poor
Jammu and Kashmir,Jammu,01-08-2023,2023,August,27043,2971,39935.51,Cultural Festival,1.33,131,8015.35,Art Fair,Humid,Car,3894.98,Yes,8.8,75.8,4.5,Yes,Good
Jammu and Kashmir,Jammu,01-09-2023,2023,September,44002,2538,45618.96,Desert Safari,0.98,174,9188.7,Dance Festival,Snowy,Boat,7409.65,No,7,68.69,4.7,Yes,Average
Jammu and Kashmir,Jammu,01-10-2023,2023,October,45994,4016,76325.42,Backwaters,1.53,402,5073.5,Festival,Cold,Car,4047.67,Yes,6.4,67.62,4.8,Yes,Good
Jammu and Kashmir,Jammu,01-11-2023,2023,November,34615,2961,57600.72,Backwaters,1.53,498,9761.73,Festival,Rainy,Car,1824.93,No,9.1,71.69,3.5,No,Average
Jammu and Kashmir,Jammu,01-12-2023,2023,December,42978,2455,44414.78,Desert Safari,0.98,368,3936.32,Dance Festival,Cold,Car,5599.41,No,5.2,57.05,3.5,Yes,Poor
Sikkim,Gangtok,01-01-2019,2019,January,8253,4670,33757.52,Fort,2.61,110,1932.16,Festival,Cloudy,Bus,4852.77,Yes,2.2,77.83,3.7,No,Poor
Sikkim,Gangtok,01-02-2019,2019,February,11990,4359,27796.75,Desert Safari,1.7,413,2753.44,Festival,Humid,Boat,4879.99,No,10.5,55.84,4,Yes,Good
Sikkim,Gangtok,01-03-2019,2019,March,26057,4942,43600.88,Fort,1.41,489,5322.68,Festival,Sunny,Boat,7537.86,Yes,3.3,81.7,3.9,No,Poor
Sikkim,Gangtok,01-04-2019,2019,April,22149,2419,31265.31,Wildlife Sanctuary,1.27,414,9556.66,Art Fair,Snowy,Car,5024.3,No,5.3,56.15,4.3,Yes,Good
Sikkim,Gangtok,01-05-2019,2019,May,7386,2695,20848.45,Backwaters,2.07,65,6180.46,Sports Event,Humid,Train,1941.52,No,6.9,63.51,3.4,No,Poor
Sikkim,Gangtok,01-06-2019,2019,June,7793,3770,27871.44,River Rafting,2.41,416,5785.09,Religious Event,Snowy,Flight,7063.63,Yes,3.6,88.7,3.3,No,Average
Sikkim,Gangtok,01-07-2019,2019,July,24483,863,15275.56,Museum,0.6,60,8686.47,Dance Festival,Rainy,Boat,4083.53,No,7.7,64.43,3.6,Yes,Average
Sikkim,Gangtok,01-08-2019,2019,August,40688,749,59671.68,Beach,1.44,403,6531.54,Religious Event,Rainy,Train,4623.58,Yes,6.1,94.6,3,No,Poor
Sikkim,Gangtok,01-09-2019,2019,September,16306,2191,27584.8,Cultural Festival,1.49,127,1724.48,Crafts Mela,Snowy,Boat,4335.85,Yes,8.5,74.78,5,Yes,Good
Sikkim,Gangtok,01-10-2019,2019,October,48081,4576,63455.56,Beach,1.21,148,8971,Dance Festival,Cold,Train,4372.14,No,14.4,81.99,4,No,Average
Sikkim,Gangtok,01-11-2019,2019,November,17701,4234,39188.88,River Rafting,1.79,183,8488.34,Festival,Cloudy,Boat,1216.58,No,9.8,52.02,4.7,Yes,Poor
Sikkim,Gangtok,01-12-2019,2019,December,37234,3433,58698.21,Temple,1.44,390,2566.61,Sports Event,Sunny,Bus,2004.47,No,4.8,92.39,4.6,Yes,Average
Sikkim,Gangtok,01-01-2020,2020,January,42398,3465,37458.25,Temple,0.82,90,3010.16,Music Festival,Cold,Bus,2569.62,No,9.2,85.29,4.6,Yes,Average
Sikkim,Gangtok,01-02-2020,2020,February,14275,2823,23128.09,River Rafting,1.35,274,4613.08,Dance Festival,Rainy,Bus,1362.62,No,4.1,86.43,4.1,Yes,Average
Sikkim,Gangtok,01-03-2020,2020,March,40284,3574,33639.96,Hill Station,0.77,357,3743.36,Music Festival,Humid,Bus,1317.61,No,10.4,56.61,3.8,No,Poor
Sikkim,Gangtok,01-04-2020,2020,April,48671,2519,52171.51,Desert Safari,1.02,142,9795.15,Food Festival,Cloudy,Flight,4469.56,No,8.3,60.91,3.1,Yes,Good
Sikkim,Gangtok,01-05-2020,2020,May,16461,1347,23989.71,Backwaters,1.35,182,5296.33,Sports Event,Rainy,Car,7425.87,No,10.8,59.55,4.1,No,Poor
Sikkim,Gangtok,01-06-2020,2020,June,43722,1657,47916.93,Temple,1.06,290,9755.7,Food Festival,Humid,Bus,6190.15,Yes,2.7,56.46,3.6,Yes,Good
Sikkim,Gangtok,01-07-2020,2020,July,30356,1843,45945.52,Temple,1.43,452,8147.18,Food Festival,Rainy,Bus,6586.44,Yes,5.5,84.78,4.9,Yes,Poor
Sikkim,Gangtok,01-08-2020,2020,August,15124,2785,27895.77,Desert Safari,1.56,400,6161.95,Food Festival,Sunny,Flight,5610.49,No,5.1,76.26,4.4,Yes,Poor
Sikkim,Gangtok,01-09-2020,2020,September,36380,2382,47878.04,Backwaters,1.24,157,4816.4,Food Festival,Snowy,Bus,1686.06,No,3.5,55.25,3.2,No,Good
Sikkim,Gangtok,01-10-2020,2020,October,44366,4485,57612.56,Museum,1.18,192,2977.78,Religious Event,Rainy,Bike,3388.63,Yes,8.4,71.26,4.6,No,Average
Sikkim,Gangtok,01-11-2020,2020,November,22204,889,33015.91,Cultural Festival,1.43,325,2537.14,Festival,Humid,Car,3808.35,No,12.3,87.25,4.3,No,Average
Sikkim,Gangtok,01-12-2020,2020,December,44084,4923,64922.77,River Rafting,1.32,341,6242.42,Dance Festival,Cold,Train,2543.61,Yes,7.3,87.29,4.2,Yes,Good
Sikkim,Gangtok,01-01-2021,2021,January,39172,866,27338.03,Museum,0.68,140,2125.05,Sports Event,Snowy,Bike,2401.07,No,12.8,88.86,3.7,No,Poor
Sikkim,Gangtok,01-02-2021,2021,February,22718,2708,22845.93,Museum,0.9,483,8555.95,Dance Festival,Cloudy,Bike,3897.99,No,13.2,89.38,5,Yes,Poor
Sikkim,Gangtok,01-03-2021,2021,March,42855,4682,74755.06,Hill Station,1.57,137,8120.99,Music Festival,Rainy,Flight,2281.22,Yes,2.8,54.99,4,Yes,Good
Sikkim,Gangtok,01-04-2021,2021,April,24682,3328,34777.62,Desert Safari,1.24,178,6623.73,Religious Event,Humid,Boat,1798.31,No,10.9,70.19,4.4,Yes,Good
Sikkim,Gangtok,01-05-2021,2021,May,26388,4118,31300.79,Temple,1.03,267,1765.71,Dance Festival,Rainy,Bike,3167.23,No,9,84.65,4.3,No,Good
Sikkim,Gangtok,01-06-2021,2021,June,26923,4741,45630.04,Museum,1.44,334,5770.46,Art Fair,Humid,Boat,4646.8,Yes,13.8,70.94,4.5,Yes,Good
Sikkim,Gangtok,01-07-2021,2021,July,18572,1494,16660.67,Cultural Festival,0.83,129,9587.46,Festival,Rainy,Bike,2097.32,No,13.4,91.17,3.5,Yes,Poor
Sikkim,Gangtok,01-08-2021,2021,August,11840,3846,20168.61,Cultural Festival,1.29,359,3917.06,Music Festival,Humid,Train,2363.77,Yes,3.2,70.07,4.1,No,Average
Sikkim,Gangtok,01-09-2021,2021,September,44987,3360,36743.15,Fort,0.76,110,3380.69,Religious Event,Humid,Car,3506.82,Yes,11.9,83.02,4.4,No,Poor
Sikkim,Gangtok,01-10-2021,2021,October,19532,3709,24553.91,Desert Safari,1.06,258,1894.1,Crafts Mela,Cold,Bike,711.08,No,11,74.24,3.7,No,Average
Sikkim,Gangtok,01-11-2021,2021,November,26978,1116,37928.25,Hill Station,1.35,332,7115.18,Religious Event,Snowy,Train,783.09,Yes,13.5,79.09,4.1,Yes,Poor
Sikkim,Gangtok,01-12-2021,2021,December,7720,561,11354.36,Cultural Festival,1.37,308,4344.64,Music Festival,Sunny,Flight,5286.64,No,13.8,83.28,3.3,No,Average
Sikkim,Gangtok,01-01-2022,2022,January,42992,3314,64587.61,Cultural Festival,1.39,378,4082.71,Music Festival,Humid,Bus,2720.37,No,2.6,66.64,3.2,No,Poor
Sikkim,Gangtok,01-02-2022,2022,February,25090,3124,28682.31,Desert Safari,1.02,306,9099.4,Art Fair,Snowy,Bike,7233.62,Yes,11.1,67.87,4.1,No,Good
Sikkim,Gangtok,01-03-2022,2022,March,27733,2791,50396.52,Temple,1.65,430,5969.19,Sports Event,Sunny,Train,3780.2,No,4.6,82.11,4.2,No,Poor
Sikkim,Gangtok,01-04-2022,2022,April,18101,1814,19723.37,Temple,0.99,179,6393.69,Sports Event,Snowy,Boat,1122.77,No,14,54.79,3.7,No,Good
Sikkim,Gangtok,01-05-2022,2022,May,21678,4673,54042.27,Fort,2.05,240,9361.83,Religious Event,Cold,Bus,4231.09,Yes,12.3,57.17,3.9,No,Average
Sikkim,Gangtok,01-06-2022,2022,June,7146,2275,18850.85,Backwaters,2,137,7657.97,Sports Event,Snowy,Bus,1073.32,No,11.6,91.37,4.1,No,Good
Sikkim,Gangtok,01-07-2022,2022,July,16342,1982,25774.71,Backwaters,1.41,134,6214.91,Festival,Sunny,Car,1365.82,Yes,6.8,81.66,4.6,No,Good
Sikkim,Gangtok,01-08-2022,2022,August,17421,2238,22505.04,Temple,1.14,180,7439.16,Festival,Rainy,Car,7980.91,Yes,11.5,53.32,3.2,No,Average
Sikkim,Gangtok,01-09-2022,2022,September,19558,2491,26288.63,Museum,1.19,112,5508.8,Religious Event,Humid,Train,3307.79,Yes,12.3,69.81,3.9,No,Average
Sikkim,Gangtok,01-10-2022,2022,October,8154,3442,12891.24,Temple,1.11,490,2888.75,Dance Festival,Cold,Flight,2011.36,No,2.5,83.92,4.6,No,Average
Sikkim,Gangtok,01-11-2022,2022,November,21789,1314,19252.27,Cultural Festival,0.83,379,8736.29,Sports Event,Snowy,Bike,7160.56,Yes,14.9,70.52,5,Yes,Average
Sikkim,Gangtok,01-12-2022,2022,December,31293,4890,51701.75,Backwaters,1.43,228,4740.29,Music Festival,Cold,Boat,5398.03,Yes,2.7,82.8,3.1,No,Poor
Sikkim,Gangtok,01-01-2023,2023,January,5890,1550,8863.46,Cultural Festival,1.19,463,6892.29,Food Festival,Cold,Bus,5176.13,Yes,14.2,67.73,3.1,Yes,Poor
Sikkim,Gangtok,01-02-2023,2023,February,47627,1781,52020.02,Backwaters,1.05,211,2928.62,Crafts Mela,Cloudy,Bike,1159.07,No,7.3,85.7,3.6,Yes,Average
Sikkim,Gangtok,01-03-2023,2023,March,26736,3715,26492.35,Cultural Festival,0.87,147,9892.29,Festival,Cold,Car,5842.49,No,5.5,84.75,4.6,No,Poor
Sikkim,Gangtok,01-04-2023,2023,April,18403,1662,26265.35,River Rafting,1.31,163,4858.82,Food Festival,Cold,Bus,7617.75,No,3.1,78.62,4.9,No,Poor
Sikkim,Gangtok,01-05-2023,2023,May,42245,4812,43406.63,Beach,0.92,342,4620.56,Crafts Mela,Cold,Flight,3836.27,Yes,14.7,51.15,3,Yes,Poor
Sikkim,Gangtok,01-06-2023,2023,June,36695,1094,52462,Backwaters,1.39,92,7604.74,Food Festival,Rainy,Boat,1485.59,Yes,2.2,71.25,3.9,No,Good
Sikkim,Gangtok,01-07-2023,2023,July,45827,4672,74186.45,Fort,1.47,440,8977.13,Dance Festival,Sunny,Flight,7280.22,No,4.4,67.82,3.7,Yes,Good
Sikkim,Gangtok,01-08-2023,2023,August,27604,1874,40988.39,Hill Station,1.39,205,5887.71,Food Festival,Humid,Boat,5316.65,Yes,5.1,85.58,3.6,Yes,Poor
Sikkim,Gangtok,01-09-2023,2023,September,45799,626,43125.07,Hill Station,0.93,205,6811.01,Art Fair,Snowy,Car,7538.28,No,11.9,89.51,4.7,Yes,Average
Sikkim,Gangtok,01-10-2023,2023,October,46803,2507,52976.53,Backwaters,1.07,422,8923.71,Sports Event,Cloudy,Bus,2820.74,Yes,8.4,84.13,3.6,No,Poor
Sikkim,Gangtok,01-11-2023,2023,November,39276,2118,46945.04,Beach,1.13,365,9722.7,Religious Event,Snowy,Bus,5105.2,No,13.7,73.25,3.4,No,Average
Sikkim,Gangtok,01-12-2023,2023,December,24359,733,27267.25,Cultural Festival,1.09,246,6341.42,Religious Event,Sunny,Boat,895.08,Yes,6.6,65.1,3.9,Yes,Average
Tripura,Agartala,01-01-2019,2019,January,49115,2514,39089.21,River Rafting,0.76,311,3100.14,Dance Festival,Rainy,Flight,1151.72,Yes,12.6,91.47,4.7,Yes,Poor
Tripura,Agartala,01-02-2019,2019,February,39501,3923,40395.98,Backwaters,0.93,403,2371.88,Crafts Mela,Sunny,Flight,5655.86,Yes,13.3,71.49,3.1,Yes,Good
Tripura,Agartala,01-03-2019,2019,March,34163,2763,58698.33,Cultural Festival,1.59,307,2311.79,Religious Event,Cold,Car,2162.7,No,3,90.3,4.9,Yes,Poor
Tripura,Agartala,01-04-2019,2019,April,36525,1886,46636.14,Hill Station,1.21,493,9505.09,Art Fair,Rainy,Bus,6128.16,No,10,68.68,3.8,Yes,Poor
Tripura,Agartala,01-05-2019,2019,May,33477,4478,54215.59,Temple,1.43,421,8282.31,Sports Event,Snowy,Bike,2041.02,No,5.8,51.61,4.2,No,Good
Tripura,Agartala,01-06-2019,2019,June,5134,976,6777.49,Fort,1.11,143,8166.21,Religious Event,Cloudy,Bike,6915.02,Yes,9.7,51.75,3.9,No,Good
Tripura,Agartala,01-07-2019,2019,July,23794,1130,30397.73,Desert Safari,1.22,95,2216.38,Music Festival,Cold,Bus,3342.81,Yes,2.3,71.74,4.2,No,Average
Tripura,Agartala,01-08-2019,2019,August,5761,1047,6425.05,Cultural Festival,0.94,267,8414.69,Dance Festival,Snowy,Bike,2063.25,No,7.9,89.14,4.3,Yes,Average
Tripura,Agartala,01-09-2019,2019,September,37719,3593,62846.06,River Rafting,1.52,127,9206.69,Music Festival,Rainy,Bus,5430.1,No,7.7,91.95,4.3,Yes,Poor
Tripura,Agartala,01-10-2019,2019,October,27781,748,30674.38,Cultural Festival,1.08,269,8867.71,Music Festival,Rainy,Bike,4531.02,No,6.3,71.27,4.4,Yes,Average
Tripura,Agartala,01-11-2019,2019,November,7562,2727,18049.46,Beach,1.75,455,5908.85,Food Festival,Rainy,Car,5783.64,No,5.7,90.17,3.6,No,Good
Tripura,Agartala,01-12-2019,2019,December,12704,1342,24504.65,Fort,1.74,467,4786.98,Sports Event,Rainy,Flight,4315.4,No,2.7,57.95,4,Yes,Poor
Tripura,Agartala,01-01-2020,2020,January,26548,3358,39990.8,Cultural Festival,1.34,71,4749.52,Festival,Rainy,Bike,5612.33,No,7.6,53.15,4.5,Yes,Average
Tripura,Agartala,01-02-2020,2020,February,20162,2908,34578.8,Wildlife Sanctuary,1.5,198,8106.04,Art Fair,Cloudy,Boat,2674.91,Yes,8.1,52.75,3.6,No,Good
Tripura,Agartala,01-03-2020,2020,March,37417,2336,44677.89,Cultural Festival,1.12,241,6489.06,Food Festival,Cloudy,Flight,1850.77,Yes,6.3,80.84,3.7,Yes,Average
Tripura,Agartala,01-04-2020,2020,April,26386,1440,20739.41,Temple,0.75,489,6998.59,Sports Event,Rainy,Bus,2397.55,Yes,10.1,91,4.9,No,Poor
Tripura,Agartala,01-05-2020,2020,May,29681,1877,48378.6,Cultural Festival,1.53,277,5523.69,Festival,Rainy,Boat,2273.27,Yes,14.5,66.39,3.5,No,Average
Tripura,Agartala,01-06-2020,2020,June,43801,3698,56633.19,Beach,1.19,308,8685.27,Sports Event,Snowy,Bike,6599.77,No,5.8,69.4,4.9,No,Good
Tripura,Agartala,01-07-2020,2020,July,22933,2031,35292.9,Hill Station,1.41,470,9419.07,Religious Event,Rainy,Bus,5169.95,No,8.4,85.64,3.4,No,Average
Tripura,Agartala,01-08-2020,2020,August,12833,3144,28469.17,Cultural Festival,1.78,375,9236.69,Music Festival,Sunny,Boat,2426.42,No,14.3,92.03,3.2,Yes,Average
Tripura,Agartala,01-09-2020,2020,September,48651,3465,55051.42,Cultural Festival,1.06,335,8130.99,Religious Event,Humid,Boat,6661.59,Yes,10.8,53.25,4.7,No,Poor
Tripura,Agartala,01-10-2020,2020,October,41331,3981,66228.91,Cultural Festival,1.46,367,1712.76,Sports Event,Cloudy,Train,5900.12,Yes,12.3,54.65,3.4,Yes,Poor
Tripura,Agartala,01-11-2020,2020,November,12553,2844,24530.76,Beach,1.59,337,9704.84,Food Festival,Sunny,Flight,6013.8,Yes,12.6,50.69,3.3,Yes,Average
Tripura,Agartala,01-12-2020,2020,December,30791,2253,51513.45,Backwaters,1.56,192,3187.88,Crafts Mela,Sunny,Bike,630.29,Yes,12.4,79.03,3.4,No,Good
Tripura,Agartala,01-01-2021,2021,January,17670,2719,34902.78,Backwaters,1.71,404,8132.21,Art Fair,Cold,Car,1673.76,No,5.4,81.76,4.4,No,Average
Tripura,Agartala,01-02-2021,2021,February,14599,4304,41484.25,River Rafting,2.19,328,8821.89,Music Festival,Cloudy,Bus,3429.36,No,11.6,57.56,4.8,Yes,Good
Tripura,Agartala,01-03-2021,2021,March,41714,3504,40949.19,Fort,0.91,158,8368.81,Sports Event,Rainy,Boat,1628.2,Yes,4.3,84.25,3.6,Yes,Good
Tripura,Agartala,01-04-2021,2021,April,46404,4949,54703.45,Temple,1.07,268,4384.19,Festival,Sunny,Bus,6985.86,Yes,13.3,64.58,4.4,Yes,Good
Tripura,Agartala,01-05-2021,2021,May,11624,3708,31616.63,Hill Station,2.06,72,3995.69,Music Festival,Cold,Train,5741.13,Yes,7.4,50.12,4.6,No,Average
Tripura,Agartala,01-06-2021,2021,June,8170,1921,15186.43,Desert Safari,1.5,229,8039.62,Sports Event,Snowy,Train,1578.51,No,11.4,63.08,3.2,No,Average
Tripura,Agartala,01-07-2021,2021,July,10146,3623,28331.59,Beach,2.06,59,4250.15,Crafts Mela,Cloudy,Bus,1192.63,Yes,13.4,62.55,4.9,No,Poor
Tripura,Agartala,01-08-2021,2021,August,31636,2137,35258.43,Temple,1.04,133,9366.69,Dance Festival,Humid,Bike,6648.34,No,8.7,90.11,4.9,No,Poor
Tripura,Agartala,01-09-2021,2021,September,6340,2160,12509.82,Backwaters,1.47,165,7991.81,Art Fair,Sunny,Bike,6338.59,No,3.8,86.33,4,No,Poor
Tripura,Agartala,01-10-2021,2021,October,24347,4848,36955.95,Temple,1.27,372,2629.92,Festival,Sunny,Flight,1635.94,No,11.8,78.38,4.4,Yes,Average
Tripura,Agartala,01-11-2021,2021,November,41965,3299,53659.41,Backwaters,1.19,241,2800.26,Art Fair,Cold,Flight,7300.66,No,3.7,73.67,4.7,No,Good
Tripura,Agartala,01-12-2021,2021,December,44842,2229,63309.91,Desert Safari,1.34,115,2844.88,Food Festival,Cloudy,Bike,1373.3,Yes,12.6,81.15,3.3,No,Poor
Tripura,Agartala,01-01-2022,2022,January,36540,516,33036.51,Desert Safari,0.89,249,8627.81,Food Festival,Cold,Flight,1612.09,No,2.5,51.5,3.2,Yes,Poor
Tripura,Agartala,01-02-2022,2022,February,43958,4737,48055.72,Cultural Festival,0.99,112,2358.68,Food Festival,Sunny,Bus,3083.61,Yes,6.7,94.3,3.4,No,Poor
Tripura,Agartala,01-03-2022,2022,March,25818,2769,34536.17,River Rafting,1.21,336,8734.19,Art Fair,Rainy,Flight,4463.65,No,11.7,77.72,3.1,Yes,Good
Tripura,Agartala,01-04-2022,2022,April,33177,2907,39125.7,River Rafting,1.08,238,8265.66,Religious Event,Rainy,Train,1303.58,No,10.8,63.76,3.4,No,Average
Tripura,Agartala,01-05-2022,2022,May,40583,3836,71415.19,Museum,1.61,467,9271.21,Food Festival,Rainy,Bike,4099.84,No,11.3,73.8,3.8,Yes,Good
Tripura,Agartala,01-06-2022,2022,June,35924,1500,40536.63,Temple,1.08,441,5299.09,Art Fair,Sunny,Bike,2532.19,No,3.5,52.19,4.5,Yes,Good
Tripura,Agartala,01-07-2022,2022,July,37154,4307,66591.37,Cultural Festival,1.61,61,9664.39,Art Fair,Snowy,Bus,6947.61,No,10.9,90.1,3.5,Yes,Average
Tripura,Agartala,01-08-2022,2022,August,10625,2336,15446.49,Desert Safari,1.19,375,8332.39,Dance Festival,Cold,Bus,6089.81,Yes,4.2,50.64,4.2,No,Average
Tripura,Agartala,01-09-2022,2022,September,45317,3087,48618.2,Wildlife Sanctuary,1,190,9015.85,Sports Event,Rainy,Train,3186.78,Yes,12.8,86.71,3.1,No,Good
Tripura,Agartala,01-10-2022,2022,October,26862,986,28756.47,Desert Safari,1.03,163,8558.61,Sports Event,Sunny,Flight,4726.03,No,11.3,64.91,3.5,Yes,Poor
Tripura,Agartala,01-11-2022,2022,November,6218,1416,12286.07,Temple,1.61,223,2092.46,Festival,Cold,Bus,3881.11,No,13.5,57.03,4.1,Yes,Good
Tripura,Agartala,01-12-2022,2022,December,17715,659,13279.64,Hill Station,0.72,489,5293.87,Crafts Mela,Cold,Flight,6048.54,No,3.7,69.23,3.8,No,Good
Tripura,Agartala,01-01-2023,2023,January,13559,4476,21023.28,Cultural Festival,1.17,255,3037.5,Religious Event,Cold,Boat,7812.27,Yes,14.4,89.73,3.2,Yes,Poor
Tripura,Agartala,01-02-2023,2023,February,39075,1544,60805.07,River Rafting,1.5,313,2498.44,Dance Festival,Cloudy,Car,7660.5,No,13.4,69.43,4.8,No,Average
Tripura,Agartala,01-03-2023,2023,March,29427,4855,33696.81,Cultural Festival,0.98,386,7537.75,Crafts Mela,Rainy,Boat,860.94,No,12.4,86.77,3.5,Yes,Average
Tripura,Agartala,01-04-2023,2023,April,36410,3108,36448.94,Museum,0.92,407,7031.94,Food Festival,Rainy,Boat,5805.96,Yes,11.9,79.59,3.7,Yes,Average
Tripura,Agartala,01-05-2023,2023,May,35041,4867,65146.45,Museum,1.63,69,5616.41,Festival,Snowy,Train,7749.1,No,3.3,57.28,4.6,Yes,Good
Tripura,Agartala,01-06-2023,2023,June,18628,4506,23734.1,Beach,1.03,430,3245.48,Food Festival,Sunny,Flight,7669.75,Yes,6.2,75.62,4.8,No,Average
Tripura,Agartala,01-07-2023,2023,July,13977,1782,14054.62,Fort,0.89,94,6054.19,Crafts Mela,Sunny,Bus,5271.33,Yes,3.5,79.76,3.2,No,Poor
Tripura,Agartala,01-08-2023,2023,August,34397,2966,42068.13,Museum,1.13,64,2629.62,Music Festival,Cold,Bike,3197.26,No,11.1,82.04,3.1,No,Poor
Tripura,Agartala,01-09-2023,2023,September,38062,657,45180.57,River Rafting,1.17,195,6174.15,Art Fair,Humid,Bus,3456.02,No,14,73.09,4,No,Average
Tripura,Agartala,01-10-2023,2023,October,17575,4715,32543.75,Backwaters,1.46,105,3104.58,Sports Event,Cold,Flight,5858.86,No,10.6,84.17,4.8,Yes,Good
Tripura,Agartala,01-11-2023,2023,November,32685,4783,35748.76,Fort,0.95,114,5572.47,Dance Festival,Cloudy,Train,7893.65,No,11.4,53.91,3.4,No,Poor
Tripura,Agartala,01-12-2023,2023,December,47819,4700,39493.07,Beach,0.75,73,5189.5,Food Festival,Humid,Bike,6346.91,Yes,8.9,85.09,3.4,Yes,Average
Manipur,Imphal,01-01-2019,2019,January,9338,4305,26576.97,Wildlife Sanctuary,1.95,181,4974.98,Art Fair,Cold,Flight,5864.03,No,7.7,65.94,3.7,Yes,Good
Manipur,Imphal,01-02-2019,2019,February,45710,3749,61497.19,Backwaters,1.24,128,1713.93,Festival,Rainy,Train,5630.83,Yes,10.6,51.4,3.1,No,Average
Manipur,Imphal,01-03-2019,2019,March,27871,1930,43814.72,Cultural Festival,1.47,62,6535.85,Food Festival,Sunny,Boat,1753.6,Yes,11.2,55.79,4.9,Yes,Good
Manipur,Imphal,01-04-2019,2019,April,8260,1001,12237.43,Temple,1.32,78,5167.07,Music Festival,Cloudy,Bike,1740.52,No,13.7,54.16,4.8,Yes,Good
Manipur,Imphal,01-05-2019,2019,May,47639,3997,41165.33,Temple,0.8,323,7870.87,Dance Festival,Rainy,Boat,1547.02,No,3.9,71.73,4.9,No,Poor
Manipur,Imphal,01-06-2019,2019,June,21424,978,34754.55,Museum,1.55,175,7818.42,Festival,Rainy,Flight,5226.91,Yes,2.2,62.07,4.7,Yes,Good
Manipur,Imphal,01-07-2019,2019,July,35746,1477,27665.14,Museum,0.74,478,7849.75,Crafts Mela,Sunny,Train,3278.96,No,8.1,87.45,3.3,Yes,Poor
Manipur,Imphal,01-08-2019,2019,August,45637,594,55281.61,River Rafting,1.2,160,6349.83,Food Festival,Cloudy,Flight,6077.5,No,10.9,52.46,4.9,No,Average
Manipur,Imphal,01-09-2019,2019,September,23089,1052,38417.77,River Rafting,1.59,103,7918.2,Music Festival,Snowy,Bus,7920.97,Yes,3.2,77.44,3,Yes,Good
Manipur,Imphal,01-10-2019,2019,October,7818,533,6877.76,Museum,0.82,439,2105.34,Dance Festival,Sunny,Flight,1609.12,No,6.2,67.17,3.9,No,Average
Manipur,Imphal,01-11-2019,2019,November,18453,4603,33961.79,Hill Station,1.47,309,2570.74,Crafts Mela,Humid,Bike,1047.95,Yes,7.7,68.25,4.2,Yes,Average
Manipur,Imphal,01-12-2019,2019,December,44528,3662,62765.06,Wildlife Sanctuary,1.3,383,6758.31,Dance Festival,Humid,Bike,1865.17,Yes,13,64.42,4.4,Yes,Poor
Manipur,Imphal,01-01-2020,2020,January,24880,3469,30489.46,Fort,1.08,388,7336.47,Religious Event,Cloudy,Flight,2278.92,Yes,2.3,52.76,3.1,No,Good
Manipur,Imphal,01-02-2020,2020,February,32765,1179,36087.89,Museum,1.06,156,6410.9,Religious Event,Rainy,Bus,6174.72,No,11.7,54.14,4,Yes,Good
Manipur,Imphal,01-03-2020,2020,March,38253,2804,40919.2,Beach,1,123,9815.07,Music Festival,Sunny,Bus,833.29,No,4,58.35,4.2,Yes,Average
Manipur,Imphal,01-04-2020,2020,April,28037,3926,53891.07,Beach,1.69,396,9271.43,Crafts Mela,Snowy,Train,7563.25,No,8,91.72,4.2,No,Average
Manipur,Imphal,01-05-2020,2020,May,30627,900,35087.34,Cultural Festival,1.11,378,2216.69,Religious Event,Cloudy,Train,1870.49,Yes,2.7,66.04,3,Yes,Average
Manipur,Imphal,01-06-2020,2020,June,24510,1878,26988.75,Hill Station,1.02,85,9575.85,Music Festival,Sunny,Bike,7404.09,No,6.8,69.22,3.2,Yes,Good
Manipur,Imphal,01-07-2020,2020,July,37691,4434,66424.25,Fort,1.58,325,2534.62,Religious Event,Rainy,Bike,7743.11,No,12.6,75.53,4.9,Yes,Poor
Manipur,Imphal,01-08-2020,2020,August,49607,3102,59004.13,Museum,1.12,196,6495.1,Food Festival,Snowy,Bike,6026.84,No,7.5,58.18,4.7,No,Average
Manipur,Imphal,01-09-2020,2020,September,8853,3886,16747.9,Desert Safari,1.31,389,6375.4,Festival,Snowy,Bike,6383.17,No,5.4,89.56,4,No,Good
Manipur,Imphal,01-10-2020,2020,October,24672,3396,34794.15,Cultural Festival,1.24,146,7623.41,Festival,Sunny,Bus,3456.7,Yes,11,62.36,3.8,Yes,Average
Manipur,Imphal,01-11-2020,2020,November,42843,3321,52636.41,Museum,1.14,206,5332.72,Food Festival,Snowy,Bus,1045.04,Yes,12.6,64.27,4.7,Yes,Good
Manipur,Imphal,01-12-2020,2020,December,13789,4947,41593.91,Beach,2.22,472,7791.76,Sports Event,Rainy,Train,2934.4,No,14.3,68.99,4.4,Yes,Average
Manipur,Imphal,01-01-2021,2021,January,18233,996,28624.69,River Rafting,1.49,347,3216.19,Food Festival,Cloudy,Train,2327.16,Yes,3.5,63.09,4.2,No,Poor
Manipur,Imphal,01-02-2021,2021,February,35000,794,35206.83,Beach,0.98,362,3336.7,Food Festival,Cold,Car,2751.33,Yes,2.9,68.59,4.2,Yes,Poor
Manipur,Imphal,01-03-2021,2021,March,12241,729,12551.64,Temple,0.97,307,7755.8,Dance Festival,Sunny,Bus,5943.32,No,9.2,57.69,4.7,No,Average
Manipur,Imphal,01-04-2021,2021,April,33328,1397,51597.47,Museum,1.49,151,5455.82,Crafts Mela,Cold,Car,7668.1,Yes,2.3,55.42,3.9,No,Poor
Manipur,Imphal,01-05-2021,2021,May,39388,3880,63136.91,Fort,1.46,330,3389.04,Art Fair,Cold,Boat,2368.84,Yes,12.4,90.04,5,Yes,Poor
Manipur,Imphal,01-06-2021,2021,June,28089,3284,52494.26,Wildlife Sanctuary,1.67,317,7555.96,Food Festival,Cold,Car,3521.85,Yes,7,79.2,4.6,Yes,Poor
Manipur,Imphal,01-07-2021,2021,July,28901,4424,32877.68,Cultural Festival,0.99,384,8198.82,Religious Event,Cloudy,Flight,6723.7,No,3.7,70.42,4.9,No,Good
Manipur,Imphal,01-08-2021,2021,August,18970,3693,29762.65,Backwaters,1.31,438,3165.1,Music Festival,Humid,Car,5675.25,No,12.3,67.83,3,No,Poor
Manipur,Imphal,01-09-2021,2021,September,44797,4610,64853.07,Temple,1.31,256,1622.51,Art Fair,Cold,Car,7041.76,No,14.4,87.14,4,No,Average
Manipur,Imphal,01-10-2021,2021,October,26158,3573,32518.43,Beach,1.09,401,8494.06,Crafts Mela,Sunny,Bike,5556.22,No,10.9,82.76,3.4,No,Average
Manipur,Imphal,01-11-2021,2021,November,8059,1995,15488.1,Museum,1.54,235,2743.81,Food Festival,Rainy,Bike,7155.11,Yes,12,88.22,3.9,No,Average
Manipur,Imphal,01-12-2021,2021,December,29161,3709,54337.67,Fort,1.65,490,3263.49,Food Festival,Snowy,Car,1730.69,Yes,2.6,72.77,3.8,Yes,Poor
Manipur,Imphal,01-01-2022,2022,January,29476,3211,26227.43,Cultural Festival,0.8,159,6474.17,Art Fair,Cloudy,Bus,2673.82,Yes,12,83.98,3.1,No,Average
Manipur,Imphal,01-02-2022,2022,February,25979,1352,43086.96,Temple,1.58,337,7224.38,Dance Festival,Cloudy,Bus,1253.72,No,2.5,82.9,3.5,No,Average
Manipur,Imphal,01-03-2022,2022,March,26644,2115,36372.93,Desert Safari,1.26,216,5459.62,Festival,Humid,Bike,5481.82,No,8.5,81.8,3,No,Average
Manipur,Imphal,01-04-2022,2022,April,13522,4567,37203.93,Hill Station,2.06,481,7538.23,Music Festival,Cold,Flight,2691.03,No,7.1,74.23,3.4,No,Average
Manipur,Imphal,01-05-2022,2022,May,7436,4420,24429.39,Museum,2.06,171,4238.23,Dance Festival,Cold,Car,4482.07,No,4.5,52.65,3.6,No,Poor
Manipur,Imphal,01-06-2022,2022,June,20571,1576,16561.98,Beach,0.75,197,6852.75,Food Festival,Sunny,Car,5326.68,No,4.4,56.52,4.7,No,Average
Manipur,Imphal,01-07-2022,2022,July,20525,4170,40280.34,Museum,1.63,94,7283.1,Dance Festival,Cloudy,Bike,7559.1,Yes,14.9,64,3.8,Yes,Average
Manipur,Imphal,01-08-2022,2022,August,13354,4733,21845.11,Hill Station,1.21,248,4490.42,Music Festival,Humid,Bike,526.16,Yes,14.3,73.54,4.8,Yes,Average
Manipur,Imphal,01-09-2022,2022,September,5379,4457,26459.27,Fort,2.69,216,8435.76,Religious Event,Cold,Bus,3128.01,Yes,3,76.09,4.8,No,Good
Manipur,Imphal,01-10-2022,2022,October,35102,2061,44824.6,Fort,1.21,191,1784.13,Food Festival,Snowy,Boat,5458.22,Yes,7.3,53.46,4.3,Yes,Average
Manipur,Imphal,01-11-2022,2022,November,32031,676,33106.74,Backwaters,1.01,198,9776.93,Dance Festival,Humid,Boat,2619.29,Yes,3.4,83.94,3.3,Yes,Poor
Manipur,Imphal,01-12-2022,2022,December,8772,3699,20351.58,Temple,1.63,218,2619.77,Music Festival,Cold,Flight,5938.1,No,12.9,57.38,3.4,Yes,Average
Manipur,Imphal,01-01-2023,2023,January,29347,4621,39029.7,Beach,1.15,190,8393.37,Dance Festival,Cold,Car,7173.21,No,3,77.32,3.3,No,Poor
Manipur,Imphal,01-02-2023,2023,February,10718,3066,22551,Cultural Festival,1.64,408,5125.9,Dance Festival,Snowy,Boat,5504.24,No,5.3,80.54,3.6,No,Average
Manipur,Imphal,01-03-2023,2023,March,38905,4664,52174.85,Cultural Festival,1.2,420,2251.87,Dance Festival,Cold,Bike,7756.72,Yes,13,74.77,4.9,Yes,Average
Manipur,Imphal,01-04-2023,2023,April,6728,2793,17640.36,Backwaters,1.85,340,3359.98,Food Festival,Snowy,Car,7379.39,No,8.3,78.43,3.5,Yes,Poor
Manipur,Imphal,01-05-2023,2023,May,8702,4095,27675.9,Beach,2.16,256,3782.1,Festival,Humid,Boat,2174.82,Yes,14.3,77.29,4.8,Yes,Good
Manipur,Imphal,01-06-2023,2023,June,7985,3822,19799.33,Beach,1.68,84,4823.26,Music Festival,Rainy,Bus,7638.67,No,9,64.44,4.7,Yes,Poor
Manipur,Imphal,01-07-2023,2023,July,44137,2055,48911.54,Backwaters,1.06,162,7835.6,Religious Event,Cold,Car,7762.35,No,12.1,76.08,3,No,Good
Manipur,Imphal,01-08-2023,2023,August,28177,2343,39320.09,Desert Safari,1.29,451,8082.24,Dance Festival,Sunny,Boat,5490.37,No,7,52.06,4.1,No,Average
Manipur,Imphal,01-09-2023,2023,September,19415,768,14579.45,Fort,0.72,212,7385.51,Sports Event,Cloudy,Bus,6106.59,Yes,7.8,64.76,3.9,Yes,Average
Manipur,Imphal,01-10-2023,2023,October,19891,3137,17811.88,River Rafting,0.77,235,4058.88,Sports Event,Humid,Boat,7261.82,Yes,3.8,61.61,3.3,Yes,Good
Manipur,Imphal,01-11-2023,2023,November,19164,2812,22250.02,River Rafting,1.01,439,3418.2,Sports Event,Sunny,Boat,2810.12,Yes,9.8,57.56,4.4,Yes,Average
Manipur,Imphal,01-12-2023,2023,December,17224,1017,24888.01,Museum,1.36,140,8033.3,Festival,Snowy,Train,3223.11,No,5.7,65.74,3.7,No,Good
Meghalaya,Shillong,01-01-2019,2019,January,6408,2984,17688.47,Backwaters,1.88,227,2826.52,Festival,Rainy,Flight,7783.04,Yes,6.9,55.54,3.4,No,Poor
Meghalaya,Shillong,01-02-2019,2019,February,33581,3184,52438.9,River Rafting,1.43,269,6608.59,Sports Event,Snowy,Boat,3783.4,No,5.3,60.35,4.4,No,Poor
Meghalaya,Shillong,01-03-2019,2019,March,14574,2689,25560.21,Fort,1.48,456,6226.8,Sports Event,Humid,Bus,4357.94,No,11.2,58.93,4.4,No,Average
Meghalaya,Shillong,01-04-2019,2019,April,40755,2766,31885.38,Fort,0.73,167,6388.89,Religious Event,Cold,Bike,2727.39,Yes,8.4,71.66,4.4,No,Good
Meghalaya,Shillong,01-05-2019,2019,May,34120,1033,41164.15,Cultural Festival,1.17,407,2624.11,Crafts Mela,Cold,Flight,7102.41,No,9.1,73.29,3.9,No,Poor
Meghalaya,Shillong,01-06-2019,2019,June,23404,3268,39274.72,Temple,1.47,112,9687.07,Festival,Sunny,Flight,6145.52,Yes,11.5,60.55,3.1,Yes,Average
Meghalaya,Shillong,01-07-2019,2019,July,9065,1757,19616.07,Beach,1.81,418,9722.28,Crafts Mela,Humid,Boat,3375.76,Yes,13.1,52.94,3.2,Yes,Poor
Meghalaya,Shillong,01-08-2019,2019,August,12104,645,14854.13,Fort,1.17,403,8571.66,Art Fair,Snowy,Train,6080.64,No,13.4,67.15,3.3,Yes,Average
Meghalaya,Shillong,01-09-2019,2019,September,40885,3858,63350.64,Cultural Festival,1.42,454,6697.92,Crafts Mela,Humid,Train,4926.76,No,14.9,63.56,3.8,No,Good
Meghalaya,Shillong,01-10-2019,2019,October,49703,4508,51122.51,Wildlife Sanctuary,0.94,339,9918.57,Festival,Sunny,Car,3122.22,No,7.1,73.67,3.9,Yes,Average
Meghalaya,Shillong,01-11-2019,2019,November,31482,4150,40612.34,Hill Station,1.14,100,4852.08,Music Festival,Cold,Boat,5251.6,Yes,8,50.99,3.8,No,Good
Meghalaya,Shillong,01-12-2019,2019,December,42023,4767,49893.27,Backwaters,1.07,411,3858.58,Dance Festival,Humid,Car,1695.48,No,14.9,68.12,4.6,No,Good
Meghalaya,Shillong,01-01-2020,2020,January,31379,4668,42777.8,Backwaters,1.19,205,3672.26,Art Fair,Snowy,Bike,1044.14,No,6.9,66.06,4.5,No,Poor
Meghalaya,Shillong,01-02-2020,2020,February,7556,3119,19039.05,Beach,1.78,323,8341.5,Food Festival,Cloudy,Car,3419.54,No,2.3,62.3,4.4,Yes,Good
Meghalaya,Shillong,01-03-2020,2020,March,12161,1738,13638.86,Wildlife Sanctuary,0.98,174,2321.1,Food Festival,Sunny,Car,5023.48,Yes,2.7,67.17,4.1,No,Good
Meghalaya,Shillong,01-04-2020,2020,April,33328,2044,57572.32,Cultural Festival,1.63,88,2012.54,Religious Event,Cold,Train,6516.84,Yes,4.2,89.32,3.3,Yes,Average
Meghalaya,Shillong,01-05-2020,2020,May,43830,3628,59284.67,Wildlife Sanctuary,1.25,145,8541.21,Festival,Cold,Flight,7676.04,Yes,2.1,81.62,3,Yes,Average
Meghalaya,Shillong,01-06-2020,2020,June,36066,667,46051.27,Cultural Festival,1.25,196,1532.29,Festival,Cold,Car,7537.28,No,7.4,79.93,4.4,Yes,Poor
Meghalaya,Shillong,01-07-2020,2020,July,32622,2714,53610.47,Fort,1.52,88,8446.18,Festival,Cloudy,Boat,5311.35,Yes,6.6,77.3,4.4,Yes,Poor
Meghalaya,Shillong,01-08-2020,2020,August,28748,893,19695.54,Fort,0.66,496,4172.81,Music Festival,Cloudy,Bus,3842.05,Yes,14.5,79.03,3.9,Yes,Poor
Meghalaya,Shillong,01-09-2020,2020,September,42744,3033,33816.78,Temple,0.74,248,9494.52,Religious Event,Cloudy,Car,7533.29,Yes,5.5,64,3.3,Yes,Poor
Meghalaya,Shillong,01-10-2020,2020,October,35100,1096,28171.18,Beach,0.78,63,9712.07,Art Fair,Rainy,Flight,7603.63,Yes,3.4,71.19,4.9,Yes,Average
Meghalaya,Shillong,01-11-2020,2020,November,15319,3062,19808.5,River Rafting,1.08,372,4001.9,Sports Event,Sunny,Boat,7012.35,No,11.4,67.13,3.2,Yes,Good
Meghalaya,Shillong,01-12-2020,2020,December,49432,1131,30277.15,Temple,0.6,169,6870.74,Art Fair,Snowy,Train,7948.58,Yes,9.5,82.64,4,No,Good
Meghalaya,Shillong,01-01-2021,2021,January,27800,726,29289.79,Backwaters,1.03,481,5677.62,Art Fair,Sunny,Car,1594.5,Yes,11.5,69.92,3.7,Yes,Good
Meghalaya,Shillong,01-02-2021,2021,February,23065,3993,36708.96,Beach,1.36,494,2439.5,Art Fair,Humid,Boat,591.42,No,3.6,82.12,4.9,Yes,Poor
Meghalaya,Shillong,01-03-2021,2021,March,21852,918,33726.04,Desert Safari,1.48,457,5273.32,Sports Event,Cloudy,Bike,5664.71,No,4.2,61.09,4,Yes,Average
Meghalaya,Shillong,01-04-2021,2021,April,19571,1984,31216.23,River Rafting,1.45,394,7888.42,Food Festival,Humid,Bus,3798.87,Yes,11.5,85.2,3.9,No,Average
Meghalaya,Shillong,01-05-2021,2021,May,13739,3574,29900.71,Museum,1.73,79,5704.39,Food Festival,Sunny,Bus,3570,Yes,10.6,50.88,4.3,No,Poor
Meghalaya,Shillong,01-06-2021,2021,June,26745,3806,43372.83,Fort,1.42,142,4288.1,Festival,Cloudy,Car,6174.86,Yes,2.7,51.24,4.7,No,Good
Meghalaya,Shillong,01-07-2021,2021,July,38472,3546,51740.53,Beach,1.23,294,3807.53,Art Fair,Snowy,Flight,2751.99,Yes,7.2,72.89,3.3,No,Poor
Meghalaya,Shillong,01-08-2021,2021,August,29355,1504,19628.8,Backwaters,0.64,407,1753.03,Food Festival,Snowy,Flight,6197.95,No,2,70.89,4.1,No,Poor
Meghalaya,Shillong,01-09-2021,2021,September,48417,3238,56385.64,Wildlife Sanctuary,1.09,397,4455.18,Religious Event,Cold,Flight,645.83,Yes,3.9,59.16,3.2,No,Good
Meghalaya,Shillong,01-10-2021,2021,October,26821,2336,47569.18,Temple,1.63,333,8457.61,Crafts Mela,Humid,Boat,6012.18,No,15,57.94,3.3,No,Good
Meghalaya,Shillong,01-11-2021,2021,November,26187,2792,40122.94,River Rafting,1.38,330,2173.49,Music Festival,Humid,Train,6446.3,No,12.5,54.16,3.1,No,Average
Meghalaya,Shillong,01-12-2021,2021,December,26235,4377,34710.66,Beach,1.13,414,7083.64,Sports Event,Rainy,Car,5634.35,No,14,59.28,4.9,No,Average
Meghalaya,Shillong,01-01-2022,2022,January,5953,3429,21488.6,Desert Safari,2.29,97,3384,Sports Event,Humid,Train,2965.38,No,5.2,55.64,4.6,No,Poor
Meghalaya,Shillong,01-02-2022,2022,February,21984,4261,39380.75,Temple,1.5,482,4579.14,Music Festival,Cold,Bike,5391.32,Yes,5.9,71.32,3.9,Yes,Average
Meghalaya,Shillong,01-03-2022,2022,March,26061,1608,20725.77,Temple,0.75,455,3903.48,Art Fair,Sunny,Boat,6494.06,Yes,12.1,65.28,4.4,No,Poor
Meghalaya,Shillong,01-04-2022,2022,April,24566,1010,39412.88,Temple,1.54,56,1900.14,Music Festival,Sunny,Bike,3942.41,Yes,2.8,86.4,4.2,Yes,Good
Meghalaya,Shillong,01-05-2022,2022,May,40932,2683,34575.36,Hill Station,0.79,156,8563.51,Art Fair,Snowy,Car,1583.11,Yes,10.1,94.66,3.7,No,Average
Meghalaya,Shillong,01-06-2022,2022,June,27604,2262,28462.72,River Rafting,0.95,421,6209.44,Festival,Rainy,Bus,4843.39,No,14.3,57.75,3.9,No,Poor
Meghalaya,Shillong,01-07-2022,2022,July,47788,4738,52455.86,Backwaters,1,244,4218.54,Crafts Mela,Cloudy,Car,7346.31,Yes,7.9,66.98,3.2,No,Poor
Meghalaya,Shillong,01-08-2022,2022,August,29090,3393,42264.81,Desert Safari,1.3,110,9265.31,Art Fair,Cold,Train,2581.17,Yes,14.6,66.06,4,Yes,Average
Meghalaya,Shillong,01-09-2022,2022,September,21976,3668,26385.32,Backwaters,1.03,476,7318.67,Food Festival,Humid,Bus,2249.19,Yes,4.5,77.69,3.7,Yes,Good
Meghalaya,Shillong,01-10-2022,2022,October,46872,1697,60466.33,Wildlife Sanctuary,1.24,450,4655.77,Sports Event,Humid,Boat,2516.85,No,13.3,60.22,4.1,No,Poor
Meghalaya,Shillong,01-11-2022,2022,November,7182,888,10511.21,Cultural Festival,1.3,380,2808.69,Religious Event,Cloudy,Flight,1182.6,No,2.8,89.73,4.2,Yes,Average
Meghalaya,Shillong,01-12-2022,2022,December,47257,2823,66052.95,Hill Station,1.32,207,4731.23,Food Festival,Humid,Bus,1263.58,No,7.9,92.89,4.7,No,Good
Meghalaya,Shillong,01-01-2023,2023,January,33902,2984,50089.26,River Rafting,1.36,409,7186.47,Food Festival,Cloudy,Bus,3022.2,Yes,11.8,59.83,4.1,No,Poor
Meghalaya,Shillong,01-02-2023,2023,February,26741,3312,20682.19,Cultural Festival,0.69,476,9928.67,Dance Festival,Humid,Bus,7919.63,Yes,4.2,71.38,4.7,No,Average
Meghalaya,Shillong,01-03-2023,2023,March,5337,2206,13328.41,Museum,1.77,337,6889.11,Music Festival,Cloudy,Flight,789.46,No,8.1,62.58,4.4,Yes,Good
Meghalaya,Shillong,01-04-2023,2023,April,26277,4367,48663.8,Cultural Festival,1.59,60,2198.13,Music Festival,Snowy,Bike,2200.63,No,2,50.45,3.5,No,Good
Meghalaya,Shillong,01-05-2023,2023,May,7223,4753,24133.96,Fort,2.02,60,7987.84,Religious Event,Cold,Train,6935.45,No,5.9,80.96,4.8,No,Poor
Meghalaya,Shillong,01-06-2023,2023,June,23634,750,28774.78,Fort,1.18,243,6327.93,Crafts Mela,Cloudy,Bike,2730.48,Yes,8.8,73.25,4.8,No,Good
Meghalaya,Shillong,01-07-2023,2023,July,10918,1046,19374.28,Backwaters,1.62,373,6447.76,Festival,Cold,Train,2046.57,Yes,7,83.44,3.2,Yes,Average
Meghalaya,Shillong,01-08-2023,2023,August,37138,623,56846.32,Fort,1.51,109,9579.5,Music Festival,Cloudy,Train,1359.13,No,9.4,67.71,3.3,No,Good
Meghalaya,Shillong,01-09-2023,2023,September,37745,3133,46673.79,Wildlife Sanctuary,1.14,427,7038.36,Art Fair,Humid,Car,4135.76,Yes,11.3,93.25,4.8,Yes,Poor
Meghalaya,Shillong,01-10-2023,2023,October,9606,3880,27154.55,Temple,2.01,166,7650.58,Music Festival,Humid,Car,506.21,Yes,13.1,89,4.9,No,Average
Meghalaya,Shillong,01-11-2023,2023,November,44142,960,45096.89,Fort,1,123,7507.04,Art Fair,Humid,Bike,2319.16,Yes,12.3,58.69,4.8,No,Average
Meghalaya,Shillong,01-12-2023,2023,December,5049,1872,11718.12,Wildlife Sanctuary,1.69,55,9095.57,Crafts Mela,Cloudy,Bus,6923.78,No,7.2,76.21,3.4,No,Poor
Mizoram,Aizawl,01-01-2019,2019,January,34549,3287,42604.56,Museum,1.13,309,3348.47,Religious Event,Sunny,Boat,564.73,Yes,9.3,66.42,3.8,No,Poor
Mizoram,Aizawl,01-02-2019,2019,February,36292,2687,40639.21,River Rafting,1.04,194,6112.69,Art Fair,Snowy,Train,1560.47,Yes,10.4,72.46,3.4,Yes,Average
Mizoram,Aizawl,01-03-2019,2019,March,28711,3365,49229.34,Temple,1.53,382,7282.06,Religious Event,Cold,Boat,7264.8,Yes,8.6,84.83,3.1,Yes,Average
Mizoram,Aizawl,01-04-2019,2019,April,12953,3788,25146,Wildlife Sanctuary,1.5,153,3590.03,Art Fair,Humid,Boat,3302.55,No,4.2,66.84,4.7,No,Average
Mizoram,Aizawl,01-05-2019,2019,May,16508,2319,27927.83,Fort,1.48,430,6141.73,Sports Event,Rainy,Train,5083.99,Yes,11.4,76.09,3.8,Yes,Poor
Mizoram,Aizawl,01-06-2019,2019,June,14396,1118,14101.31,Fort,0.91,146,7852.32,Crafts Mela,Rainy,Flight,3197.85,Yes,4.5,88.77,4.5,No,Good
Mizoram,Aizawl,01-07-2019,2019,July,21459,3399,42809.7,River Rafting,1.72,120,5480.55,Food Festival,Humid,Bike,4314.68,Yes,13.8,86.99,4.3,No,Good
Mizoram,Aizawl,01-08-2019,2019,August,44516,4992,40034.06,Wildlife Sanctuary,0.81,112,5764.33,Dance Festival,Humid,Bike,641.6,Yes,4,81.26,3.5,No,Good
Mizoram,Aizawl,01-09-2019,2019,September,39262,548,33743.98,Museum,0.85,240,6242.26,Food Festival,Cloudy,Bike,2546.22,No,11,53.29,4.3,Yes,Poor
Mizoram,Aizawl,01-10-2019,2019,October,45501,788,43878.71,Backwaters,0.95,439,3211.47,Festival,Humid,Train,6086.84,Yes,5.9,89.91,3.8,No,Good
Mizoram,Aizawl,01-11-2019,2019,November,32945,4906,68429.4,Hill Station,1.81,401,7818.73,Festival,Sunny,Car,2095.69,No,6.3,86.14,3.6,No,Poor
Mizoram,Aizawl,01-12-2019,2019,December,28981,950,33277.9,Beach,1.11,214,3436.07,Dance Festival,Cold,Car,5448.88,Yes,14.3,61.04,4.8,No,Average
Mizoram,Aizawl,01-01-2020,2020,January,13028,2782,27029.12,Desert Safari,1.71,205,2102.97,Crafts Mela,Cloudy,Flight,1129.34,Yes,11.5,83.69,4.4,No,Average
Mizoram,Aizawl,01-02-2020,2020,February,20071,3771,38964.15,Cultural Festival,1.63,108,2918.3,Crafts Mela,Cold,Flight,3377.45,No,10,71.12,4.6,Yes,Poor
Mizoram,Aizawl,01-03-2020,2020,March,49074,3377,72094.39,Fort,1.37,84,9208.73,Dance Festival,Rainy,Bus,5377.85,No,6.8,85.86,4.6,Yes,Average
Mizoram,Aizawl,01-04-2020,2020,April,43287,1652,62566.76,Temple,1.39,323,8225.99,Sports Event,Cloudy,Flight,7141.41,No,6.8,59.87,4,Yes,Good
Mizoram,Aizawl,01-05-2020,2020,May,46338,1435,58859.72,Museum,1.23,180,1893.93,Food Festival,Cold,Flight,6551.31,Yes,4.6,59.89,4.5,No,Poor
Mizoram,Aizawl,01-06-2020,2020,June,34416,2863,49950.19,River Rafting,1.34,63,5371.27,Music Festival,Sunny,Boat,865.35,Yes,4.3,69.31,4.7,Yes,Good
Mizoram,Aizawl,01-07-2020,2020,July,10748,1797,14220.6,Fort,1.13,203,9338.17,Religious Event,Cloudy,Train,7007.18,Yes,10.9,91.04,3.2,No,Average
Mizoram,Aizawl,01-08-2020,2020,August,8406,2572,21963.18,Hill Station,2,121,2520.48,Music Festival,Rainy,Train,7155.07,No,2.1,67.32,4,No,Good
Mizoram,Aizawl,01-09-2020,2020,September,29155,1893,24933.48,Beach,0.8,169,2449.94,Sports Event,Rainy,Bike,5064.54,No,3.5,65.6,4.9,Yes,Good
Mizoram,Aizawl,01-10-2020,2020,October,35239,4132,65862.58,Backwaters,1.67,323,8071.65,Sports Event,Rainy,Car,6025.37,Yes,2.9,82.11,3.8,Yes,Poor
Mizoram,Aizawl,01-11-2020,2020,November,7789,1099,15551.23,Cultural Festival,1.75,330,3989.59,Food Festival,Sunny,Car,1465.1,No,7,84.46,4.5,Yes,Poor
Mizoram,Aizawl,01-12-2020,2020,December,7176,599,10145.57,Hill Station,1.3,451,1948.14,Religious Event,Cold,Boat,6166.25,Yes,12.9,77.93,3.9,No,Poor
Mizoram,Aizawl,01-01-2021,2021,January,21710,3399,34721.2,Fort,1.38,322,2824.17,Crafts Mela,Rainy,Bike,2554.58,No,13.3,74.11,3.1,No,Poor
Mizoram,Aizawl,01-02-2021,2021,February,7554,3376,15357.2,Cultural Festival,1.41,65,3661.08,Music Festival,Humid,Car,3383.3,Yes,13.7,82.43,3.1,No,Good
Mizoram,Aizawl,01-03-2021,2021,March,34836,2443,60952.11,Cultural Festival,1.64,347,7997.72,Music Festival,Cold,Boat,3916.89,Yes,14.7,54.59,4.2,No,Average
Mizoram,Aizawl,01-04-2021,2021,April,43122,634,56170.53,Fort,1.28,362,7544.09,Food Festival,Snowy,Bus,2289.96,No,8.2,55.2,3.1,Yes,Poor
Mizoram,Aizawl,01-05-2021,2021,May,19610,2555,24499.62,Backwaters,1.11,353,4143.09,Crafts Mela,Cold,Boat,6389.19,No,2.8,57.41,4.3,Yes,Poor
Mizoram,Aizawl,01-06-2021,2021,June,40117,4882,56405.93,Backwaters,1.25,214,8506.54,Festival,Snowy,Train,3546.08,Yes,14.9,94.17,3.1,No,Average
Mizoram,Aizawl,01-07-2021,2021,July,28857,2686,37889.78,Beach,1.2,90,5174.31,Religious Event,Snowy,Flight,5562.56,No,12.2,80.81,4.9,No,Poor
Mizoram,Aizawl,01-08-2021,2021,August,36705,3570,56410.18,River Rafting,1.4,141,4188.48,Dance Festival,Cold,Train,4698.8,No,13.5,82.49,3.4,Yes,Good
Mizoram,Aizawl,01-09-2021,2021,September,29057,3625,50521,Backwaters,1.55,485,5104.71,Festival,Cloudy,Bike,3460.29,No,4.2,93.62,3.3,No,Average
Mizoram,Aizawl,01-10-2021,2021,October,35779,2440,54324.15,Backwaters,1.42,287,7044.66,Crafts Mela,Rainy,Train,4287.87,No,3.9,64.54,4.8,Yes,Poor
Mizoram,Aizawl,01-11-2021,2021,November,18851,2080,26671.76,Fort,1.27,194,3141.06,Sports Event,Rainy,Train,603.49,Yes,5,72.57,3.2,Yes,Good
Mizoram,Aizawl,01-12-2021,2021,December,26712,2497,31157.15,Temple,1.07,327,8033.89,Crafts Mela,Cloudy,Bike,6195.39,No,10.1,88.24,3.3,Yes,Poor
Mizoram,Aizawl,01-01-2022,2022,January,29879,4223,30078.61,Temple,0.88,159,5859.15,Festival,Humid,Flight,6692.6,No,4.7,86.53,3.5,No,Average
Mizoram,Aizawl,01-02-2022,2022,February,49393,4805,54587.68,Temple,1.01,233,8339.86,Religious Event,Humid,Boat,4963.4,Yes,11.6,87.25,4.1,No,Average
Mizoram,Aizawl,01-03-2022,2022,March,37323,578,47403.93,Fort,1.25,233,7617.05,Dance Festival,Cloudy,Bus,1797.65,Yes,11.6,58.24,3.5,No,Good
Mizoram,Aizawl,01-04-2022,2022,April,29717,2582,37384.77,Wildlife Sanctuary,1.16,188,7970.54,Dance Festival,Sunny,Car,5568.4,Yes,5.9,58.31,4.7,Yes,Average
Mizoram,Aizawl,01-05-2022,2022,May,7865,3261,18794.36,Temple,1.69,285,8487.16,Sports Event,Sunny,Car,7510.19,Yes,6.2,87.51,4.1,Yes,Good
Mizoram,Aizawl,01-06-2022,2022,June,48858,3755,40725.48,Desert Safari,0.77,377,5059.74,Festival,Cloudy,Bike,6291.4,Yes,9.3,52.72,4.7,Yes,Poor
Mizoram,Aizawl,01-07-2022,2022,July,48689,2401,77822.99,Beach,1.52,128,2158.51,Festival,Rainy,Flight,3235.5,No,11.1,72.22,4.4,No,Good
Mizoram,Aizawl,01-08-2022,2022,August,44326,4181,56718.13,Hill Station,1.17,280,8007.59,Festival,Rainy,Train,6156.81,No,4.7,57.76,3.4,Yes,Average
Mizoram,Aizawl,01-09-2022,2022,September,22917,4218,29771.84,Desert Safari,1.1,486,5815.68,Religious Event,Snowy,Car,566.39,No,8.9,76.4,4.4,Yes,Good
Mizoram,Aizawl,01-10-2022,2022,October,45581,1603,27180.96,Museum,0.58,62,7869.29,Crafts Mela,Cold,Bus,7498.41,Yes,3.2,55.4,4.3,Yes,Average
Mizoram,Aizawl,01-11-2022,2022,November,47299,2366,39021.97,Cultural Festival,0.79,128,4473.12,Music Festival,Rainy,Boat,1189.37,No,7.4,59.78,3.8,Yes,Poor
Mizoram,Aizawl,01-12-2022,2022,December,30120,2397,40838.17,River Rafting,1.26,462,8711.23,Music Festival,Snowy,Bike,2952.46,Yes,7.1,72.96,4,No,Good
Mizoram,Aizawl,01-01-2023,2023,January,49189,545,51721.03,Hill Station,1.04,107,3951.19,Dance Festival,Snowy,Bike,4727.08,Yes,8.7,93.9,3.5,No,Poor
Mizoram,Aizawl,01-02-2023,2023,February,45853,1451,27930.26,Temple,0.59,137,9397.17,Sports Event,Snowy,Car,5234.98,Yes,14.7,69.44,4.1,Yes,Average
Mizoram,Aizawl,01-03-2023,2023,March,33923,840,25207.06,Fort,0.73,383,2661.31,Art Fair,Snowy,Bike,1655.91,No,3.7,86.94,3.3,No,Average
Mizoram,Aizawl,01-04-2023,2023,April,28359,1126,17967.44,Desert Safari,0.61,256,1894.45,Music Festival,Cold,Car,3503.15,Yes,11.8,77.43,4.8,Yes,Poor
Mizoram,Aizawl,01-05-2023,2023,May,23101,4963,35346.66,Desert Safari,1.26,90,5929.8,Music Festival,Sunny,Flight,1387.55,Yes,4.9,56.01,3.6,Yes,Poor
Mizoram,Aizawl,01-06-2023,2023,June,17057,1598,26395.15,River Rafting,1.41,216,2023.8,Religious Event,Snowy,Bus,4377.8,Yes,12.9,91.67,4.9,No,Poor
Mizoram,Aizawl,01-07-2023,2023,July,25511,2341,46321.08,River Rafting,1.66,59,5060.11,Dance Festival,Humid,Train,6014.01,Yes,7.4,77.63,3.9,No,Average
Mizoram,Aizawl,01-08-2023,2023,August,21241,2884,19470.58,Hill Station,0.81,256,1930.89,Dance Festival,Snowy,Bike,2759.24,Yes,2.9,80.77,3.3,Yes,Average
Mizoram,Aizawl,01-09-2023,2023,September,17765,3926,38179.27,River Rafting,1.76,192,8215.58,Crafts Mela,Cold,Boat,4832.8,Yes,12.2,53.63,3.3,Yes,Average
Mizoram,Aizawl,01-10-2023,2023,October,22398,3240,28209.59,Temple,1.1,262,8681.88,Dance Festival,Sunny,Car,7601.95,No,4.5,54.32,3.3,No,Poor
Mizoram,Aizawl,01-11-2023,2023,November,25785,1736,31089.88,Museum,1.13,52,9395.73,Festival,Rainy,Flight,1091.93,No,8,50.18,4.1,No,Good
Mizoram,Aizawl,01-12-2023,2023,December,27009,3534,52386.07,Beach,1.72,460,3006.02,Music Festival,Humid,Train,1486.61,No,2.7,59.32,4.5,Yes,Poor
Nagaland,Kohima,01-01-2019,2019,January,33274,3999,58643.87,Cultural Festival,1.57,105,6435.06,Food Festival,Sunny,Bus,6581.48,Yes,13.6,58.76,3.2,Yes,Average
Nagaland,Kohima,01-02-2019,2019,February,11657,1776,17055.29,Museum,1.27,475,4647.14,Religious Event,Sunny,Flight,4595.81,No,8.5,82.61,5,No,Good
Nagaland,Kohima,01-03-2019,2019,March,21663,592,18985.31,Beach,0.85,459,5313.23,Music Festival,Rainy,Car,2285.03,No,13.7,62.09,3,No,Poor
Nagaland,Kohima,01-04-2019,2019,April,8695,3109,17231.4,Fort,1.46,408,5503.34,Festival,Sunny,Boat,4593.63,Yes,6.5,90.73,4.6,Yes,Average
Nagaland,Kohima,01-05-2019,2019,May,36134,1539,39519.46,Backwaters,1.05,158,4400.36,Religious Event,Humid,Bus,6372.78,No,7.4,56.71,3.5,No,Good
Nagaland,Kohima,01-06-2019,2019,June,9553,3938,27573.19,Museum,2.04,220,4756.46,Religious Event,Rainy,Car,6305.05,Yes,4.7,84.64,4.8,No,Poor
Nagaland,Kohima,01-07-2019,2019,July,48640,1435,34659.21,River Rafting,0.69,215,7549.1,Festival,Humid,Train,6344.43,Yes,13.3,63.27,3.4,No,Poor
Nagaland,Kohima,01-08-2019,2019,August,18918,4122,37824.81,Temple,1.64,111,3495.66,Festival,Humid,Boat,2048.35,Yes,4.1,93.3,4.2,Yes,Average
Nagaland,Kohima,01-09-2019,2019,September,26626,1213,35101.63,Hill Station,1.26,488,9359.6,Festival,Snowy,Train,4019.07,Yes,9.2,53.42,3.7,No,Average
Nagaland,Kohima,01-10-2019,2019,October,22646,2389,39535.4,Beach,1.58,93,3163.29,Music Festival,Rainy,Car,6708.77,Yes,11.2,64.57,4.5,Yes,Good
Nagaland,Kohima,01-11-2019,2019,November,31026,4344,34056.49,Desert Safari,0.96,436,5576.05,Music Festival,Snowy,Bike,2304.31,Yes,8.9,92.31,5,Yes,Average
Nagaland,Kohima,01-12-2019,2019,December,11513,3633,29336.96,Desert Safari,1.94,213,7353.59,Art Fair,Humid,Flight,5559.37,Yes,3.4,72.69,4.4,No,Average
Nagaland,Kohima,01-01-2020,2020,January,9580,2574,13777.79,Museum,1.13,437,4616.96,Festival,Cold,Bus,5606.79,Yes,14.5,79.16,4.4,Yes,Poor
Nagaland,Kohima,01-02-2020,2020,February,10198,4001,24767.79,Temple,1.74,388,6206.68,Music Festival,Snowy,Train,5401.78,Yes,8.8,65.88,3.5,Yes,Average
Nagaland,Kohima,01-03-2020,2020,March,19583,872,14395.47,Museum,0.7,338,9853.29,Art Fair,Cold,Car,2259.37,No,7.3,75.93,3.3,Yes,Average
Nagaland,Kohima,01-04-2020,2020,April,45041,3131,37579.73,Beach,0.78,207,1950.32,Religious Event,Snowy,Car,6599.05,No,10,79.69,4.3,No,Poor
Nagaland,Kohima,01-05-2020,2020,May,26099,3026,33540.94,Backwaters,1.15,140,8346.77,Crafts Mela,Humid,Bus,1318.14,Yes,2.7,61.81,4,Yes,Poor
Nagaland,Kohima,01-06-2020,2020,June,25658,3055,46407.55,Museum,1.62,471,4916.62,Sports Event,Cloudy,Bike,4108.2,Yes,14.9,84.65,4.3,Yes,Good
Nagaland,Kohima,01-07-2020,2020,July,21348,1712,25425.24,Beach,1.1,392,5996.19,Food Festival,Rainy,Boat,2653.96,Yes,8.1,52.12,4,Yes,Good
Nagaland,Kohima,01-08-2020,2020,August,7698,2795,19506.89,Wildlife Sanctuary,1.86,170,2708.34,Dance Festival,Cold,Flight,983.64,No,8,64.15,3.4,Yes,Good
Nagaland,Kohima,01-09-2020,2020,September,46248,4714,74627,Cultural Festival,1.46,341,2829.91,Crafts Mela,Cold,Train,2445.87,No,10.4,61.89,3.8,Yes,Average
Nagaland,Kohima,01-10-2020,2020,October,24157,2829,28553,Desert Safari,1.06,394,6084.53,Sports Event,Rainy,Bike,5373.87,No,7.3,57.93,4.9,No,Average
Nagaland,Kohima,01-11-2020,2020,November,49913,3018,79541.41,Temple,1.5,379,7753.52,Art Fair,Cloudy,Car,4449.96,No,9.9,85.27,4,Yes,Poor
Nagaland,Kohima,01-12-2020,2020,December,13833,1575,15214.15,River Rafting,0.99,122,8984.75,Dance Festival,Cloudy,Bike,601.63,Yes,11.5,55.3,4.8,Yes,Average
Nagaland,Kohima,01-01-2021,2021,January,46435,2579,56979.41,Cultural Festival,1.16,102,8603.71,Crafts Mela,Rainy,Car,7238.29,Yes,8.6,54.05,3.2,Yes,Good
Nagaland,Kohima,01-02-2021,2021,February,10621,1058,12225.94,Beach,1.05,464,8727.1,Food Festival,Humid,Bike,7110.43,Yes,7.1,69.98,3.6,No,Poor
Nagaland,Kohima,01-03-2021,2021,March,31619,4984,54986.08,Museum,1.5,316,6473.23,Crafts Mela,Sunny,Boat,4984.91,No,10.7,76.19,4.9,Yes,Average
Nagaland,Kohima,01-04-2021,2021,April,34589,998,25095.05,Hill Station,0.71,477,4242.9,Sports Event,Sunny,Car,3043.41,Yes,12.6,52.43,5,No,Average
Nagaland,Kohima,01-05-2021,2021,May,19842,3938,34276.39,Backwaters,1.44,399,6124.87,Festival,Humid,Bus,7888.6,No,4,62.41,3.2,No,Poor
Nagaland,Kohima,01-06-2021,2021,June,23968,2944,29719.94,River Rafting,1.1,352,3198.91,Food Festival,Humid,Bus,2664.1,No,2.5,71.3,4.1,No,Good
Nagaland,Kohima,01-07-2021,2021,July,16625,2372,25249.35,Wildlife Sanctuary,1.33,202,4793.69,Food Festival,Rainy,Flight,6138.98,Yes,13.7,51.87,3.5,No,Good
Nagaland,Kohima,01-08-2021,2021,August,28454,4625,50016.54,Wildlife Sanctuary,1.51,139,5336.88,Music Festival,Humid,Bike,861.56,Yes,2.6,82.16,3.4,No,Poor
Nagaland,Kohima,01-09-2021,2021,September,29756,2639,50444.23,Temple,1.56,393,3679.69,Dance Festival,Snowy,Flight,7899.18,Yes,4.4,78.98,4.9,No,Poor
Nagaland,Kohima,01-10-2021,2021,October,36524,2767,52859.53,Hill Station,1.35,488,2636.01,Dance Festival,Rainy,Boat,7218.22,No,11.2,90.53,4.4,No,Good
Nagaland,Kohima,01-11-2021,2021,November,31332,1081,21602.14,Beach,0.67,369,8933.57,Sports Event,Cloudy,Flight,7867.7,No,9,51.95,4.9,Yes,Average
Nagaland,Kohima,01-12-2021,2021,December,32584,3586,35837.75,Museum,0.99,200,6892.03,Food Festival,Cloudy,Flight,5632.3,No,6.1,82.5,5,Yes,Average
Nagaland,Kohima,01-01-2022,2022,January,8443,1994,16833.79,Beach,1.61,51,9312.72,Sports Event,Rainy,Car,1969.3,Yes,14.6,87.42,3.8,Yes,Poor
Nagaland,Kohima,01-02-2022,2022,February,30790,3788,47767.75,Cultural Festival,1.38,116,9554.06,Music Festival,Snowy,Flight,3022.09,Yes,10.7,84.54,4.6,No,Poor
Nagaland,Kohima,01-03-2022,2022,March,26569,2866,37194.64,Backwaters,1.26,395,8489.72,Sports Event,Snowy,Boat,5396.66,Yes,13.9,65.76,3.7,No,Average
Nagaland,Kohima,01-04-2022,2022,April,45228,680,56577.95,Wildlife Sanctuary,1.23,444,5610.32,Festival,Snowy,Flight,3482.21,Yes,6.9,93.05,4.2,No,Good
Nagaland,Kohima,01-05-2022,2022,May,7920,2749,16834.26,River Rafting,1.58,86,8146.58,Music Festival,Rainy,Bus,3435.08,No,14.1,83.8,4,No,Good
Nagaland,Kohima,01-06-2022,2022,June,14563,2597,26775.69,Backwaters,1.56,375,5868.13,Dance Festival,Cold,Train,4592.3,No,5.9,51.11,3.3,No,Good
Nagaland,Kohima,01-07-2022,2022,July,33575,4250,38872.5,Fort,1.03,441,8711.75,Art Fair,Rainy,Flight,4878.44,No,3.5,73.49,4.4,Yes,Poor
Nagaland,Kohima,01-08-2022,2022,August,20344,4020,35478.99,Beach,1.46,282,2539.81,Crafts Mela,Cold,Flight,1430.07,No,7.2,50.25,4.6,Yes,Average
Nagaland,Kohima,01-09-2022,2022,September,24996,1034,29739.37,Backwaters,1.14,316,3027.43,Religious Event,Rainy,Bike,1714.23,No,9,75.15,5,Yes,Average
Nagaland,Kohima,01-10-2022,2022,October,29360,3349,48458.36,Temple,1.48,201,1597.48,Food Festival,Humid,Bus,6917.46,Yes,10.8,74.19,3.1,No,Good
Nagaland,Kohima,01-11-2022,2022,November,29882,2858,58246.3,Beach,1.78,151,9231.14,Festival,Rainy,Bike,6935.28,Yes,14.5,94.05,3,No,Average
Nagaland,Kohima,01-12-2022,2022,December,24399,4759,51608.82,Fort,1.77,450,5378.46,Crafts Mela,Rainy,Bus,7008.78,No,5,61.28,4,No,Poor
Nagaland,Kohima,01-01-2023,2023,January,11654,2366,19012.02,Cultural Festival,1.36,308,6408.21,Food Festival,Sunny,Flight,3538.53,Yes,14.8,85.57,3.5,No,Average
Nagaland,Kohima,01-02-2023,2023,February,49087,1959,60239.21,Temple,1.18,262,9455.24,Sports Event,Cold,Bike,3376.02,No,4.7,66.64,4.2,No,Good
Nagaland,Kohima,01-03-2023,2023,March,11863,1175,17753.68,Hill Station,1.36,58,7235.84,Art Fair,Humid,Train,7952.59,Yes,13.9,81.13,3.3,Yes,Good
Nagaland,Kohima,01-04-2023,2023,April,27053,4777,52110.46,River Rafting,1.64,211,9639.75,Festival,Humid,Train,7979.52,Yes,14.5,67.37,5,Yes,Average
Nagaland,Kohima,01-05-2023,2023,May,6034,2368,16819.47,Desert Safari,2,356,2804.72,Sports Event,Sunny,Bus,7406.77,No,14.9,55.4,3.1,Yes,Average
Nagaland,Kohima,01-06-2023,2023,June,26193,1021,37207.88,Fort,1.37,436,5807.22,Religious Event,Sunny,Train,5364.7,No,11.9,60.24,4.1,No,Poor
Nagaland,Kohima,01-07-2023,2023,July,14707,1344,22582.24,Beach,1.41,321,9222.18,Art Fair,Snowy,Boat,1168.37,Yes,8.1,73.66,3.8,No,Average
Nagaland,Kohima,01-08-2023,2023,August,20603,4752,41281.94,River Rafting,1.63,70,7524.39,Dance Festival,Snowy,Boat,5271.22,No,13.8,88.51,4,No,Poor
Nagaland,Kohima,01-09-2023,2023,September,19016,4087,35021.86,River Rafting,1.52,489,9271.15,Sports Event,Snowy,Bus,7372.91,Yes,13.8,87.16,4.8,No,Good
Nagaland,Kohima,01-10-2023,2023,October,41950,644,42320.19,Wildlife Sanctuary,0.99,185,1819.33,Sports Event,Snowy,Train,1335.71,No,14.6,70.65,3.4,Yes,Poor
Nagaland,Kohima,01-11-2023,2023,November,23717,2955,46125.88,Cultural Festival,1.73,442,5537.85,Music Festival,Cold,Bike,672.47,No,6.8,65.54,3.2,No,Poor
Nagaland,Kohima,01-12-2023,2023,December,26603,4923,52236.53,Cultural Festival,1.66,459,6662.34,Religious Event,Snowy,Bus,4694.32,Yes,13.3,91.67,3.3,No,Good
Arunachal Pradesh,Itanagar,01-01-2019,2019,January,40921,1202,58133.58,Museum,1.38,370,6475.37,Festival,Cloudy,Flight,2391.9,No,14.6,64.72,4,Yes,Average
Arunachal Pradesh,Itanagar,01-02-2019,2019,February,42335,2256,52602.42,Temple,1.18,208,2935.75,Dance Festival,Humid,Boat,5717.6,Yes,4.5,68.27,4.6,Yes,Good
Arunachal Pradesh,Itanagar,01-03-2019,2019,March,35327,1306,42014.28,Hill Station,1.15,84,9951.94,Religious Event,Snowy,Flight,1071.34,Yes,2.7,51.91,4.4,No,Good
Arunachal Pradesh,Itanagar,01-04-2019,2019,April,21296,4859,28102.32,Temple,1.07,491,2516.36,Art Fair,Cloudy,Train,5810.1,No,5.8,78.98,4.2,Yes,Average
Arunachal Pradesh,Itanagar,01-05-2019,2019,May,14603,1784,21204.69,Temple,1.29,217,7557.35,Festival,Sunny,Bus,5743.8,Yes,10.6,52.3,4.3,No,Poor
Arunachal Pradesh,Itanagar,01-06-2019,2019,June,17094,1384,22725.04,Beach,1.23,274,7319.35,Music Festival,Snowy,Car,5431.44,No,2.5,81.05,4.5,No,Good
Arunachal Pradesh,Itanagar,01-07-2019,2019,July,49463,3008,33570.25,Museum,0.64,335,1994.46,Art Fair,Snowy,Boat,2811.85,Yes,7.4,50.24,4.3,Yes,Average
Arunachal Pradesh,Itanagar,01-08-2019,2019,August,46189,1591,72545.85,Fort,1.52,430,1993.34,Crafts Mela,Cloudy,Boat,4777.09,Yes,11.9,66.75,3.9,No,Good
Arunachal Pradesh,Itanagar,01-09-2019,2019,September,26781,2699,27248.52,Hill Station,0.92,469,8859.6,Dance Festival,Snowy,Train,2264.45,Yes,4.2,62.14,4.1,No,Poor
Arunachal Pradesh,Itanagar,01-10-2019,2019,October,48884,2131,68713.53,River Rafting,1.35,356,1597.41,Dance Festival,Sunny,Boat,1751.33,No,3.1,69.75,3.1,Yes,Good
Arunachal Pradesh,Itanagar,01-11-2019,2019,November,8781,3987,25879.81,Desert Safari,2.03,436,6899.29,Crafts Mela,Humid,Bus,5638.81,Yes,3.4,53.22,3.4,Yes,Good
Arunachal Pradesh,Itanagar,01-12-2019,2019,December,13705,2764,31420.96,Museum,1.91,357,3890.28,Festival,Snowy,Train,4114.62,Yes,11.2,94.05,3.9,No,Poor
Arunachal Pradesh,Itanagar,01-01-2020,2020,January,16557,2953,21339.59,Hill Station,1.09,183,6353.45,Dance Festival,Rainy,Train,5220.56,Yes,7.9,59.12,4.9,No,Average
Arunachal Pradesh,Itanagar,01-02-2020,2020,February,19205,4866,33591.65,Fort,1.4,475,3464.99,Crafts Mela,Cloudy,Bus,5846.8,Yes,7.6,74.42,4.8,Yes,Average
Arunachal Pradesh,Itanagar,01-03-2020,2020,March,5529,4529,23319.8,Beach,2.32,333,2532.77,Food Festival,Rainy,Car,5189.85,Yes,11.5,56.81,4.4,No,Poor
Arunachal Pradesh,Itanagar,01-04-2020,2020,April,10531,3987,23718.3,Temple,1.63,317,3887.44,Sports Event,Cloudy,Flight,5366.09,No,8.4,52.11,4.7,No,Poor
Arunachal Pradesh,Itanagar,01-05-2020,2020,May,27484,685,28266.59,Museum,1,222,3416.36,Religious Event,Sunny,Bus,3396.67,Yes,14.4,76.05,3.1,No,Good
Arunachal Pradesh,Itanagar,01-06-2020,2020,June,10750,4970,27296.35,Wildlife Sanctuary,1.74,442,7538.96,Sports Event,Sunny,Flight,3213.59,No,2.3,90.28,4.6,Yes,Average
Arunachal Pradesh,Itanagar,01-07-2020,2020,July,27104,807,32843.9,River Rafting,1.18,320,2168.67,Crafts Mela,Cloudy,Flight,7000.58,Yes,3.2,87.51,3.6,Yes,Average
Arunachal Pradesh,Itanagar,01-08-2020,2020,August,20064,1439,14945.4,Wildlife Sanctuary,0.7,340,3499.04,Music Festival,Sunny,Boat,7176.88,Yes,14.8,70.55,3.2,No,Average
Arunachal Pradesh,Itanagar,01-09-2020,2020,September,48620,2036,65082.41,River Rafting,1.28,102,4514.77,Art Fair,Snowy,Bus,5180.16,No,2.1,86.11,3.4,Yes,Average
Arunachal Pradesh,Itanagar,01-10-2020,2020,October,36147,539,39314.48,Hill Station,1.07,264,8362.22,Sports Event,Snowy,Boat,1209.79,No,4.2,50.13,3.6,Yes,Good
Arunachal Pradesh,Itanagar,01-11-2020,2020,November,40040,809,45826.45,Fort,1.12,130,7975.53,Festival,Cloudy,Car,873.46,No,14.3,50.72,4.7,No,Poor
Arunachal Pradesh,Itanagar,01-12-2020,2020,December,44904,1226,31300.41,Wildlife Sanctuary,0.68,162,4515.43,Religious Event,Cold,Bike,5222.95,Yes,5.7,59.96,4.4,No,Good
Arunachal Pradesh,Itanagar,01-01-2021,2021,January,39710,1563,60103,Backwaters,1.46,273,2921.75,Religious Event,Sunny,Bike,2788.34,Yes,10,61.69,3.7,No,Poor
Arunachal Pradesh,Itanagar,01-02-2021,2021,February,17429,2367,18278.31,Fort,0.92,476,5191.4,Food Festival,Rainy,Bike,4374.61,No,13.1,50.97,3.2,No,Average
Arunachal Pradesh,Itanagar,01-03-2021,2021,March,18397,4926,45612.98,Beach,1.96,405,5423.54,Art Fair,Snowy,Bus,4915.97,No,9.3,59.46,3.2,No,Poor
Arunachal Pradesh,Itanagar,01-04-2021,2021,April,38204,1035,48472.73,Backwaters,1.24,323,6451.74,Art Fair,Humid,Flight,2684.19,Yes,5.6,84.14,3.1,Yes,Average
Arunachal Pradesh,Itanagar,01-05-2021,2021,May,18396,4928,37098.85,Desert Safari,1.59,402,6211,Art Fair,Rainy,Car,5124.08,Yes,11.2,61.57,4.8,Yes,Poor
Arunachal Pradesh,Itanagar,01-06-2021,2021,June,38225,4639,64039.35,Hill Station,1.49,416,3518.99,Music Festival,Cold,Boat,6711.3,No,6.8,94.99,3.8,Yes,Average
Arunachal Pradesh,Itanagar,01-07-2021,2021,July,40547,519,46557.01,Beach,1.13,272,7682.73,Dance Festival,Cold,Bike,4754.85,Yes,9.9,93.14,3.3,Yes,Poor
Arunachal Pradesh,Itanagar,01-08-2021,2021,August,34024,1448,35358.22,Desert Safari,1,116,9670.86,Festival,Snowy,Flight,5172.57,Yes,6,63.59,3.7,No,Good
Arunachal Pradesh,Itanagar,01-09-2021,2021,September,24918,1304,34950.57,Museum,1.33,447,6416.54,Dance Festival,Snowy,Bike,2318.69,Yes,9.7,57.12,3.2,Yes,Good
Arunachal Pradesh,Itanagar,01-10-2021,2021,October,42064,1122,52173.32,Hill Station,1.21,481,2000.8,Dance Festival,Cloudy,Flight,4094.3,Yes,9.3,56.74,3.1,Yes,Good
Arunachal Pradesh,Itanagar,01-11-2021,2021,November,6267,4646,25655.91,Desert Safari,2.35,413,9433.4,Art Fair,Cloudy,Boat,4029.65,No,11.8,72.28,3.1,Yes,Average
Arunachal Pradesh,Itanagar,01-12-2021,2021,December,17533,1304,14597.47,Backwaters,0.77,120,3661.2,Dance Festival,Humid,Car,7357.75,Yes,12.8,56.82,5,Yes,Good
Arunachal Pradesh,Itanagar,01-01-2022,2022,January,7810,4882,28951.93,Cultural Festival,2.28,252,6243.45,Dance Festival,Sunny,Boat,1800.83,Yes,7.5,87.33,4.5,No,Poor
Arunachal Pradesh,Itanagar,01-02-2022,2022,February,7586,1503,10026.93,Museum,1.1,268,3475.48,Sports Event,Cold,Bus,2802.19,No,13.4,52.53,4.8,No,Poor
Arunachal Pradesh,Itanagar,01-03-2022,2022,March,32428,2101,40936.81,Desert Safari,1.19,286,9470.48,Dance Festival,Rainy,Boat,5203.9,No,8.3,87.3,4.9,Yes,Poor
Arunachal Pradesh,Itanagar,01-04-2022,2022,April,5139,1227,7405.01,Backwaters,1.16,135,4431.96,Music Festival,Humid,Train,7233.07,No,3.4,73.02,4,No,Good
Arunachal Pradesh,Itanagar,01-05-2022,2022,May,12499,4320,30039.51,River Rafting,1.79,324,5092.78,Music Festival,Cloudy,Bus,7403.87,Yes,7.6,57.72,3.2,Yes,Average
Arunachal Pradesh,Itanagar,01-06-2022,2022,June,10331,2799,19586.21,Fort,1.49,398,9193.85,Art Fair,Cloudy,Boat,1767.7,No,12.9,80.18,4.9,No,Good
Arunachal Pradesh,Itanagar,01-07-2022,2022,July,49354,4839,81137.17,River Rafting,1.5,302,5506.38,Crafts Mela,Rainy,Flight,4941.65,Yes,3.9,93.22,4.6,No,Average
Arunachal Pradesh,Itanagar,01-08-2022,2022,August,27043,2647,35482.69,Backwaters,1.2,128,6055.57,Sports Event,Humid,Bike,2302.59,Yes,9.5,55.51,3.2,No,Average
Arunachal Pradesh,Itanagar,01-09-2022,2022,September,43505,4477,58906.17,River Rafting,1.23,173,9839.28,Art Fair,Cloudy,Boat,5326.83,No,14.9,68.48,5,No,Average
Arunachal Pradesh,Itanagar,01-10-2022,2022,October,32657,1854,27535.59,Cultural Festival,0.8,263,5758.29,Festival,Humid,Bus,2791.05,Yes,14.1,71.46,3.4,Yes,Poor
Arunachal Pradesh,Itanagar,01-11-2022,2022,November,32621,3083,37106.58,Backwaters,1.04,181,4072.49,Religious Event,Snowy,Car,1466.45,No,7.6,75.28,4.4,Yes,Average
Arunachal Pradesh,Itanagar,01-12-2022,2022,December,26336,1099,38797.27,Desert Safari,1.41,176,3968.22,Sports Event,Humid,Flight,2385.58,Yes,5.4,56.27,4.7,No,Average
Arunachal Pradesh,Itanagar,01-01-2023,2023,January,30296,3208,37887.61,Museum,1.13,473,9774.48,Music Festival,Cold,Train,2660.95,No,4.7,88.12,3.7,No,Poor
Arunachal Pradesh,Itanagar,01-02-2023,2023,February,28963,4148,25393.74,Wildlife Sanctuary,0.77,299,4251.31,Religious Event,Snowy,Boat,3903.92,No,13.8,57.88,4.5,Yes,Good
Arunachal Pradesh,Itanagar,01-03-2023,2023,March,15475,3717,29930.83,Hill Station,1.56,339,8082.21,Art Fair,Rainy,Flight,4765.59,No,3.5,50.06,4.6,Yes,Poor
Arunachal Pradesh,Itanagar,01-04-2023,2023,April,6299,3110,18117.01,Wildlife Sanctuary,1.93,245,2425.21,Religious Event,Cloudy,Bike,7980.79,No,13.5,83.44,3.4,Yes,Good
Arunachal Pradesh,Itanagar,01-05-2023,2023,May,32323,517,32072.31,Desert Safari,0.98,464,9073.99,Festival,Humid,Train,1159.37,No,10.2,73.06,4,No,Average
Arunachal Pradesh,Itanagar,01-06-2023,2023,June,43306,3380,45317.75,Museum,0.97,249,7899.67,Music Festival,Humid,Flight,6726.32,No,13.7,56.72,3.6,Yes,Average
Arunachal Pradesh,Itanagar,01-07-2023,2023,July,44525,3488,54013.66,Museum,1.12,209,9625.61,Sports Event,Cold,Flight,5522.68,Yes,13.4,59.94,3.6,No,Poor
Arunachal Pradesh,Itanagar,01-08-2023,2023,August,15410,1352,16232.09,Fort,0.97,433,2156.86,Dance Festival,Cold,Bike,4112.2,No,8.5,94.8,3.8,Yes,Average
Arunachal Pradesh,Itanagar,01-09-2023,2023,September,24582,1421,38563.64,Temple,1.48,267,7933,Festival,Humid,Bike,4209.29,No,9.5,74.8,4.5,No,Poor
Arunachal Pradesh,Itanagar,01-10-2023,2023,October,35960,1529,41864.52,Hill Station,1.12,111,3416.42,Music Festival,Humid,Train,3429.71,No,14,73.38,4.6,Yes,Average
Arunachal Pradesh,Itanagar,01-11-2023,2023,November,9205,3189,14321.61,Backwaters,1.16,115,9379.44,Religious Event,Sunny,Car,7566.55,No,13.6,66.22,4.3,Yes,Average
Arunachal Pradesh,Itanagar,01-12-2023,2023,December,40947,3206,62616.92,River Rafting,1.42,226,7864.67,Art Fair,Cloudy,Bike,7116.29,No,14.8,86.83,4.2,Yes,Average
Puducherry,Puducherry,01-01-2019,2019,January,27281,2539,50424.6,Museum,1.69,494,4448.45,Crafts Mela,Sunny,Car,7613.92,Yes,4.5,92.32,3.5,No,Good
Puducherry,Puducherry,01-02-2019,2019,February,31645,2035,46707.27,Wildlife Sanctuary,1.39,343,9640.99,Crafts Mela,Sunny,Train,2642.93,No,3.9,82.14,4.1,Yes,Poor
Puducherry,Puducherry,01-03-2019,2019,March,7911,4113,20070.38,Fort,1.67,200,6449.03,Festival,Cold,Bus,2593.48,No,8.8,65.3,4.9,No,Average
Puducherry,Puducherry,01-04-2019,2019,April,6569,4427,27592.46,Fort,2.51,406,9460.75,Festival,Cloudy,Boat,640.4,Yes,4.7,53.84,5,Yes,Good
Puducherry,Puducherry,01-05-2019,2019,May,21741,3472,38351.78,Cultural Festival,1.52,297,7617.63,Dance Festival,Cloudy,Car,3927.59,No,3.2,83.46,3.7,No,Poor
Puducherry,Puducherry,01-06-2019,2019,June,31662,2983,40445.01,Fort,1.17,77,7706.61,Art Fair,Sunny,Bike,7173.46,No,10.4,82.79,3.7,No,Average
Puducherry,Puducherry,01-07-2019,2019,July,21927,2187,35826.39,Museum,1.49,225,8793.05,Food Festival,Snowy,Bus,4958.76,No,15,87.45,3.8,Yes,Poor
Puducherry,Puducherry,01-08-2019,2019,August,15775,1611,14586.29,Hill Station,0.84,316,9217.35,Food Festival,Snowy,Car,5776.06,Yes,3.3,77.4,3.1,No,Good
Puducherry,Puducherry,01-09-2019,2019,September,35291,1625,29900.73,Beach,0.81,441,7776.46,Art Fair,Rainy,Flight,2666.87,No,14.3,88.88,4.5,No,Average
Puducherry,Puducherry,01-10-2019,2019,October,22211,3380,38035.65,Museum,1.49,454,7027.19,Festival,Rainy,Flight,1272,No,7.7,50.98,3.1,Yes,Good
Puducherry,Puducherry,01-11-2019,2019,November,13832,2721,19993.39,Hill Station,1.21,181,5234.24,Dance Festival,Cold,Boat,4318.23,No,5.1,94.53,4.8,No,Average
Puducherry,Puducherry,01-12-2019,2019,December,42069,777,63336.15,Fort,1.48,396,7044.75,Dance Festival,Sunny,Boat,4494.23,No,8.8,92.69,3.7,Yes,Average
Puducherry,Puducherry,01-01-2020,2020,January,18677,2247,14465.65,Cultural Festival,0.69,392,9104.51,Food Festival,Rainy,Boat,977.57,Yes,8.6,88.33,4.6,Yes,Poor
Puducherry,Puducherry,01-02-2020,2020,February,41681,3243,65520.89,Museum,1.46,61,6950.42,Art Fair,Humid,Boat,6916.49,No,3.4,94.88,3.5,Yes,Average
Puducherry,Puducherry,01-03-2020,2020,March,23996,855,19497.56,Wildlife Sanctuary,0.78,493,1950.59,Sports Event,Snowy,Bike,2031.47,Yes,14.4,62.89,4.1,Yes,Poor
Puducherry,Puducherry,01-04-2020,2020,April,23472,2934,25929.56,Temple,0.98,487,2541.03,Music Festival,Snowy,Car,5346.73,No,4.7,87.41,3.1,No,Average
Puducherry,Puducherry,01-05-2020,2020,May,33415,2409,50816.95,River Rafting,1.42,329,4479.65,Sports Event,Snowy,Boat,5667.4,Yes,14.8,67.77,3,No,Average
Puducherry,Puducherry,01-06-2020,2020,June,13607,2877,25941.55,Hill Station,1.57,388,9457.98,Religious Event,Snowy,Car,1288.72,Yes,9.1,85.03,4.3,Yes,Good
Puducherry,Puducherry,01-07-2020,2020,July,19236,3056,21898.19,Desert Safari,0.98,405,2423.85,Festival,Sunny,Bus,6460.29,Yes,3.9,54.75,3.8,No,Poor
Puducherry,Puducherry,01-08-2020,2020,August,30224,3251,26070.47,River Rafting,0.78,112,4462.84,Religious Event,Rainy,Bike,2575.19,No,4.1,51.65,3.6,Yes,Good
Puducherry,Puducherry,01-09-2020,2020,September,24517,2330,27015.68,Temple,1.01,199,4712.87,Crafts Mela,Snowy,Car,6492.85,No,2.6,65.26,3.4,Yes,Average
Puducherry,Puducherry,01-10-2020,2020,October,9599,3451,23835.34,Beach,1.83,464,1820.47,Sports Event,Humid,Car,3059.82,No,4.9,77.9,3.6,Yes,Average
Puducherry,Puducherry,01-11-2020,2020,November,8027,2362,21021.8,Cultural Festival,2.02,140,7698.88,Sports Event,Cloudy,Train,2249.2,Yes,9.4,66.13,3.9,No,Average
Puducherry,Puducherry,01-12-2020,2020,December,35948,3536,66061.11,River Rafting,1.67,181,6685.03,Crafts Mela,Humid,Car,2184.25,Yes,3.2,85.4,4.3,No,Poor
Puducherry,Puducherry,01-01-2021,2021,January,49572,3349,61857.28,Museum,1.17,289,7205.15,Art Fair,Humid,Flight,1130.05,No,4.3,73.94,3.2,No,Average
Puducherry,Puducherry,01-02-2021,2021,February,22443,4508,35722.57,Wildlife Sanctuary,1.33,206,8147.69,Art Fair,Cold,Bus,6620.5,Yes,12.7,53.44,5,No,Average
Puducherry,Puducherry,01-03-2021,2021,March,6874,4927,17262.11,Fort,1.46,185,5803.98,Music Festival,Sunny,Train,5130.61,Yes,7.9,79.81,4.7,No,Average
Puducherry,Puducherry,01-04-2021,2021,April,37907,1704,26933.05,River Rafting,0.68,381,1828.23,Food Festival,Cloudy,Bus,2545.86,No,8.7,90.49,5,No,Average
Puducherry,Puducherry,01-05-2021,2021,May,41907,2870,51191.66,River Rafting,1.14,318,9086.02,Crafts Mela,Cloudy,Bus,7165.18,Yes,6.7,80.15,4.8,No,Poor
Puducherry,Puducherry,01-06-2021,2021,June,21460,3690,27600.56,Wildlife Sanctuary,1.1,201,4261.51,Festival,Humid,Train,2309.31,Yes,2,72.41,3.1,No,Average
Puducherry,Puducherry,01-07-2021,2021,July,10335,3662,21396.26,Desert Safari,1.53,81,8074.43,Art Fair,Cold,Boat,7840.45,Yes,13,69.65,3.1,Yes,Average
Puducherry,Puducherry,01-08-2021,2021,August,30024,4671,40823.08,Fort,1.18,120,9568.5,Religious Event,Sunny,Boat,7425.02,No,10.7,90.21,4.9,Yes,Poor
Puducherry,Puducherry,01-09-2021,2021,September,26510,1687,44380.32,Beach,1.57,182,3626.46,Music Festival,Snowy,Bus,6112.14,Yes,8,51.93,4,No,Poor
Puducherry,Puducherry,01-10-2021,2021,October,31328,3754,36957.26,Wildlife Sanctuary,1.05,347,6228.22,Art Fair,Snowy,Flight,2155.51,Yes,4.3,69.13,4.8,No,Good
Puducherry,Puducherry,01-11-2021,2021,November,23841,4338,37032.1,Museum,1.31,125,9504.81,Food Festival,Rainy,Bus,3758.43,Yes,3.4,67.51,4.1,No,Good
Puducherry,Puducherry,01-12-2021,2021,December,11496,650,20238.46,Temple,1.67,364,5458.43,Crafts Mela,Sunny,Bus,7168.69,Yes,2.5,82.54,4.2,No,Poor
Puducherry,Puducherry,01-01-2022,2022,January,9176,513,11845.93,Beach,1.22,99,9706.58,Festival,Cloudy,Flight,4233.12,Yes,10.6,87.15,3.4,Yes,Good
Puducherry,Puducherry,01-02-2022,2022,February,18415,970,29115.55,Cultural Festival,1.5,468,5846.77,Religious Event,Sunny,Flight,4511.93,Yes,3.5,90.94,3.9,No,Good
Puducherry,Puducherry,01-03-2022,2022,March,22682,4227,50333.9,River Rafting,1.87,197,3360.58,Religious Event,Rainy,Bike,5574.9,No,11.1,62.78,3.8,Yes,Average
Puducherry,Puducherry,01-04-2022,2022,April,46994,3702,59265.52,Backwaters,1.17,374,9842.23,Sports Event,Rainy,Bus,1554.7,Yes,9.2,93.01,3.8,No,Poor
Puducherry,Puducherry,01-05-2022,2022,May,26180,4754,46976.2,River Rafting,1.52,477,3735.44,Dance Festival,Cold,Bus,1973.32,Yes,12.8,54.11,4.5,Yes,Poor
Puducherry,Puducherry,01-06-2022,2022,June,37816,1594,38453.58,Backwaters,0.98,208,8610.69,Religious Event,Rainy,Flight,6782.36,No,7.3,62.02,4.9,Yes,Good
Puducherry,Puducherry,01-07-2022,2022,July,28180,1461,39911.96,Hill Station,1.35,69,7976.29,Art Fair,Sunny,Bus,6825.33,Yes,9.2,72.66,3.6,Yes,Good
Puducherry,Puducherry,01-08-2022,2022,August,39702,2358,42074.85,Temple,1,246,3314.36,Crafts Mela,Cloudy,Car,7165.11,Yes,5.6,82.04,3.2,Yes,Average
Puducherry,Puducherry,01-09-2022,2022,September,44798,4677,60302.73,Cultural Festival,1.22,119,8771.42,Sports Event,Cloudy,Flight,3736.59,Yes,7.2,67.8,3.3,No,Average
Puducherry,Puducherry,01-10-2022,2022,October,34615,3981,48145.5,Wildlife Sanctuary,1.25,116,2988.3,Festival,Humid,Boat,7668.34,No,15,66.07,4.4,Yes,Average
Puducherry,Puducherry,01-11-2022,2022,November,8437,3727,21904.27,Backwaters,1.8,388,2453.88,Crafts Mela,Cold,Train,2413.68,No,13.1,86.39,3.8,No,Average
Puducherry,Puducherry,01-12-2022,2022,December,41533,1838,66293.12,Beach,1.53,269,9608.47,Dance Festival,Cold,Flight,3752.97,Yes,2.2,51.65,5,No,Good
Puducherry,Puducherry,01-01-2023,2023,January,28641,3439,54054.96,Wildlife Sanctuary,1.69,257,8224.97,Crafts Mela,Humid,Bus,6822.47,No,9.1,87.16,3.5,Yes,Average
Puducherry,Puducherry,01-02-2023,2023,February,44647,3223,41694.35,Temple,0.87,185,4629.1,Food Festival,Snowy,Bus,1075.74,Yes,2.6,90.58,3.1,Yes,Average
Puducherry,Puducherry,01-03-2023,2023,March,12824,769,16576.07,Museum,1.22,407,2229.99,Sports Event,Humid,Boat,7121.78,Yes,13.7,93.49,3.4,No,Average
Puducherry,Puducherry,01-04-2023,2023,April,40591,2275,45739.7,Temple,1.07,307,4565.21,Dance Festival,Humid,Bus,5391.66,No,11.6,57.36,3.2,Yes,Good
Puducherry,Puducherry,01-05-2023,2023,May,12696,1313,11315.51,Backwaters,0.81,175,9773.46,Art Fair,Cloudy,Train,4334.15,No,13,68.37,4.3,Yes,Average
Puducherry,Puducherry,01-06-2023,2023,June,34675,1723,33409.22,River Rafting,0.92,297,6576,Food Festival,Sunny,Train,4888.13,No,4.8,54.96,4.7,No,Average
Puducherry,Puducherry,01-07-2023,2023,July,6091,3721,16486.55,Beach,1.68,486,6882.31,Music Festival,Humid,Bus,5219.63,Yes,4.3,61.64,3,Yes,Good
Puducherry,Puducherry,01-08-2023,2023,August,36992,1520,40800.58,Temple,1.06,130,3927.99,Crafts Mela,Sunny,Bike,4182.84,No,12.5,78.81,4.2,No,Good
Puducherry,Puducherry,01-09-2023,2023,September,32072,4268,68024.56,Cultural Festival,1.87,142,3165.16,Religious Event,Cloudy,Train,2477.78,Yes,10.3,81.34,4.4,Yes,Poor
Puducherry,Puducherry,01-10-2023,2023,October,34919,3760,62635.4,Cultural Festival,1.62,234,4080.23,Festival,Rainy,Car,2024.39,Yes,13.5,90.88,4.9,No,Poor
Puducherry,Puducherry,01-11-2023,2023,November,19608,1290,32553.03,Temple,1.56,454,5866.59,Crafts Mela,Humid,Bike,2829.64,Yes,10.9,64.08,3,Yes,Poor
Puducherry,Puducherry,01-12-2023,2023,December,32257,4414,55034.7,Backwaters,1.5,456,5791.79,Festival,Cloudy,Train,5524.34,No,3.4,90.77,4.4,No,Good
Chandigarh,Chandigarh,01-01-2019,2019,January,36274,3603,42131.01,Hill Station,1.06,320,2925.79,Art Fair,Sunny,Boat,1116.61,Yes,6.9,74.31,3.4,Yes,Poor
Chandigarh,Chandigarh,01-02-2019,2019,February,31038,4532,39747.41,River Rafting,1.12,86,8918.53,Sports Event,Cold,Boat,3813.65,Yes,13.5,88.01,3,Yes,Average
Chandigarh,Chandigarh,01-03-2019,2019,March,34922,946,56193.63,Desert Safari,1.57,403,2803.84,Festival,Humid,Boat,3056.68,Yes,14.9,87.02,3.9,No,Good
Chandigarh,Chandigarh,01-04-2019,2019,April,33159,994,23927.82,Hill Station,0.7,72,4413.75,Dance Festival,Cloudy,Flight,5382.75,No,3.9,63.77,4.3,Yes,Good
Chandigarh,Chandigarh,01-05-2019,2019,May,43342,4576,46074.52,Hill Station,0.96,165,7370.15,Food Festival,Humid,Flight,7694.07,No,14.4,86.07,3.3,Yes,Average
Chandigarh,Chandigarh,01-06-2019,2019,June,12099,1106,16428.03,Temple,1.24,78,4614.37,Art Fair,Cloudy,Flight,5295.53,Yes,7.7,65.6,3.4,Yes,Good
Chandigarh,Chandigarh,01-07-2019,2019,July,21909,1586,15386.2,Fort,0.65,233,3315.65,Music Festival,Rainy,Flight,6235.36,No,2.2,61.49,4.5,Yes,Poor
Chandigarh,Chandigarh,01-08-2019,2019,August,22290,1964,27121.62,Museum,1.12,54,6423.49,Music Festival,Humid,Boat,5342.7,No,11.4,65.88,3.2,Yes,Average
Chandigarh,Chandigarh,01-09-2019,2019,September,36405,1456,46236.8,Cultural Festival,1.22,483,3817.2,Sports Event,Snowy,Train,7023.3,No,4.9,88.19,3.4,No,Average
Chandigarh,Chandigarh,01-10-2019,2019,October,32157,2725,33586.78,Temple,0.96,154,6832.81,Art Fair,Snowy,Train,4681.55,Yes,10.1,67.07,3.5,No,Average
Chandigarh,Chandigarh,01-11-2019,2019,November,37506,4988,35849.03,Museum,0.84,428,9946.41,Crafts Mela,Sunny,Flight,1068.32,Yes,8.8,51.53,4.2,Yes,Average
Chandigarh,Chandigarh,01-12-2019,2019,December,27538,3382,48850.13,Beach,1.58,307,6091.14,Religious Event,Snowy,Boat,5410.15,Yes,2.3,66.15,4.3,Yes,Average
Chandigarh,Chandigarh,01-01-2020,2020,January,18830,1869,22027.95,Backwaters,1.06,447,6927.8,Art Fair,Cloudy,Flight,4669.19,No,11.2,67.15,3.3,No,Average
Chandigarh,Chandigarh,01-02-2020,2020,February,15478,1135,13539.31,Cultural Festival,0.81,220,1761.23,Crafts Mela,Rainy,Bus,3514.71,No,12.2,68.69,3.1,Yes,Average
Chandigarh,Chandigarh,01-03-2020,2020,March,10418,3935,26879.62,Hill Station,1.87,442,8975.19,Festival,Humid,Bus,7438.52,No,9.5,81.3,3.7,No,Poor
Chandigarh,Chandigarh,01-04-2020,2020,April,44422,4392,71667.62,Fort,1.47,96,5736.9,Religious Event,Rainy,Bus,1360.09,No,2.6,67.28,3.7,Yes,Average
Chandigarh,Chandigarh,01-05-2020,2020,May,19812,1271,24140.19,Desert Safari,1.15,178,6850.96,Dance Festival,Sunny,Flight,4226.55,Yes,9.1,79.72,4.2,No,Average
Chandigarh,Chandigarh,01-06-2020,2020,June,48916,2706,73761.39,Beach,1.43,356,7033.47,Dance Festival,Sunny,Train,6142.79,Yes,2.3,54.53,4.2,Yes,Poor
Chandigarh,Chandigarh,01-07-2020,2020,July,15627,1140,16961.62,Hill Station,1.01,300,4035.26,Dance Festival,Humid,Boat,6065.38,No,3.5,55.71,4.3,No,Good
Chandigarh,Chandigarh,01-08-2020,2020,August,22012,2139,41184.63,Museum,1.71,311,3026.85,Music Festival,Rainy,Bus,2202.27,No,12,69.97,3.7,Yes,Average
Chandigarh,Chandigarh,01-09-2020,2020,September,23372,1590,40186.96,Wildlife Sanctuary,1.61,401,4707.97,Sports Event,Sunny,Bus,4323.71,No,14.2,60.51,3.3,Yes,Poor
Chandigarh,Chandigarh,01-10-2020,2020,October,37708,1828,40149.71,Backwaters,1.02,237,9811.56,Festival,Snowy,Train,1247.6,No,2.1,91.71,4,Yes,Average
Chandigarh,Chandigarh,01-11-2020,2020,November,44243,4410,78673.05,Desert Safari,1.62,164,5281.76,Food Festival,Cold,Flight,1617.32,Yes,7.6,66.62,3.1,No,Good
Chandigarh,Chandigarh,01-12-2020,2020,December,31678,1338,29335.28,Temple,0.89,494,6629.89,Music Festival,Cloudy,Flight,1247.74,Yes,5.6,84.58,4.1,Yes,Poor
Chandigarh,Chandigarh,01-01-2021,2021,January,21078,1325,24638.6,Temple,1.1,221,8737,Dance Festival,Humid,Boat,5363.5,Yes,5.4,86.02,4.2,No,Good
Chandigarh,Chandigarh,01-02-2021,2021,February,12674,1501,11677.25,Backwaters,0.82,172,6743.73,Religious Event,Rainy,Car,4406.79,Yes,3,81.42,3.7,Yes,Good
Chandigarh,Chandigarh,01-03-2021,2021,March,28731,4025,44825.58,Backwaters,1.37,356,7032.91,Music Festival,Rainy,Bike,4963.42,Yes,11,88.21,3.6,Yes,Poor
Chandigarh,Chandigarh,01-04-2021,2021,April,48769,2183,33744.27,Wildlife Sanctuary,0.66,433,9547.56,Dance Festival,Cold,Bike,1220.44,No,9.4,64.84,3.4,Yes,Good
Chandigarh,Chandigarh,01-05-2021,2021,May,35856,1378,53703.82,Museum,1.44,182,6462.48,Crafts Mela,Rainy,Car,7161.18,No,12.7,76.34,3.1,No,Good
Chandigarh,Chandigarh,01-06-2021,2021,June,46741,4279,68946.38,Hill Station,1.35,323,4170.3,Food Festival,Humid,Bus,7149.16,Yes,3.5,72.37,4.9,No,Poor
Chandigarh,Chandigarh,01-07-2021,2021,July,23835,1528,16365.82,Fort,0.65,372,8037.14,Sports Event,Humid,Car,3528.38,No,3,76.78,3.4,Yes,Average
Chandigarh,Chandigarh,01-08-2021,2021,August,8819,4218,28459.34,Fort,2.18,470,1944.55,Festival,Sunny,Car,2001.16,No,5.6,63.36,3.2,No,Poor
Chandigarh,Chandigarh,01-09-2021,2021,September,48617,2000,41818.82,Backwaters,0.83,368,4486.82,Sports Event,Humid,Boat,3962.26,No,12.7,66.32,4.6,No,Good
Chandigarh,Chandigarh,01-10-2021,2021,October,46710,3123,51517.66,Hill Station,1.03,157,9679.27,Dance Festival,Cold,Train,7689.9,Yes,11.3,61.06,4.3,No,Good
Chandigarh,Chandigarh,01-11-2021,2021,November,25997,3314,28829.73,River Rafting,0.98,340,4626.98,Food Festival,Sunny,Train,3293.9,Yes,9,66.88,4.5,Yes,Good
Chandigarh,Chandigarh,01-12-2021,2021,December,25275,2668,41358.59,Cultural Festival,1.48,362,3835.06,Music Festival,Humid,Car,6354.89,No,6.6,63.71,4.3,Yes,Good
Chandigarh,Chandigarh,01-01-2022,2022,January,8781,1892,12964.7,Museum,1.21,147,5616.29,Festival,Rainy,Boat,7231.36,No,3.6,71.42,3.2,Yes,Average
Chandigarh,Chandigarh,01-02-2022,2022,February,29205,3573,51053.99,Museum,1.56,98,8041.98,Sports Event,Cloudy,Boat,5131.33,Yes,3.8,83.4,4.6,No,Poor
Chandigarh,Chandigarh,01-03-2022,2022,March,43566,3380,69474.31,Fort,1.48,459,2400.41,Festival,Sunny,Train,2168.01,No,5.7,67.52,4.4,No,Average
Chandigarh,Chandigarh,01-04-2022,2022,April,18221,2197,35795.19,Beach,1.75,208,6241.35,Dance Festival,Cloudy,Boat,1634.65,No,6,94.44,4.7,Yes,Good
Chandigarh,Chandigarh,01-05-2022,2022,May,17318,1727,22175.85,Desert Safari,1.16,131,2372.22,Sports Event,Cloudy,Train,7356.06,Yes,12,90.17,4.9,No,Poor
Chandigarh,Chandigarh,01-06-2022,2022,June,42220,2939,41564.68,Temple,0.92,258,4709.46,Music Festival,Snowy,Boat,1840.37,Yes,7.2,59.05,4.8,Yes,Average
Chandigarh,Chandigarh,01-07-2022,2022,July,41794,1071,41969.45,Museum,0.98,420,4290.8,Crafts Mela,Cloudy,Flight,5187.65,No,14.5,53.18,3.3,Yes,Average
Chandigarh,Chandigarh,01-08-2022,2022,August,24475,1552,41248.08,Desert Safari,1.58,304,9899.77,Art Fair,Cold,Boat,6659.6,Yes,7.6,83.06,5,No,Good
Chandigarh,Chandigarh,01-09-2022,2022,September,17396,933,25847.34,Temple,1.41,423,4175.07,Music Festival,Snowy,Train,4357.89,Yes,10.4,80.09,4.7,No,Average
Chandigarh,Chandigarh,01-10-2022,2022,October,17423,3903,32371.98,Fort,1.52,362,4544.85,Crafts Mela,Humid,Boat,7928.47,No,3.7,91.55,4.4,Yes,Good
Chandigarh,Chandigarh,01-11-2022,2022,November,16819,3156,35660.23,Fort,1.79,102,7917.99,Religious Event,Sunny,Boat,5296.52,No,7.3,87.1,3.4,Yes,Poor
Chandigarh,Chandigarh,01-12-2022,2022,December,39990,3901,59325.68,Fort,1.35,326,9333.46,Festival,Humid,Flight,7785.88,No,12.3,83.78,4.8,Yes,Average
Chandigarh,Chandigarh,01-01-2023,2023,January,20656,711,23012.34,River Rafting,1.08,352,1931.9,Dance Festival,Cold,Bus,3458.09,No,11.7,67.14,4.2,Yes,Average
Chandigarh,Chandigarh,01-02-2023,2023,February,49627,4852,64262.5,Beach,1.18,223,7179.63,Sports Event,Humid,Flight,3665.2,Yes,3.2,67.04,3.6,No,Poor
Chandigarh,Chandigarh,01-03-2023,2023,March,20385,3568,33819.56,Wildlife Sanctuary,1.41,331,8202.26,Festival,Rainy,Train,5511.28,No,5,65.41,4.7,Yes,Good
Chandigarh,Chandigarh,01-04-2023,2023,April,33729,770,39103.07,Beach,1.13,275,3188.46,Festival,Snowy,Train,6949.72,Yes,9.3,63.33,3.7,Yes,Good
Chandigarh,Chandigarh,01-05-2023,2023,May,37089,3885,65199.83,Museum,1.59,202,8891.51,Crafts Mela,Rainy,Boat,2823.87,No,7.8,54.89,3.3,Yes,Average
Chandigarh,Chandigarh,01-06-2023,2023,June,13632,2337,16283.58,River Rafting,1.02,115,5469.16,Crafts Mela,Rainy,Bus,7649.13,No,14.8,81.3,4.2,Yes,Good
Chandigarh,Chandigarh,01-07-2023,2023,July,49116,3504,39532.87,Wildlife Sanctuary,0.75,84,8989.16,Dance Festival,Cold,Boat,7038.24,No,2.5,77.38,3,No,Good
Chandigarh,Chandigarh,01-08-2023,2023,August,45683,2273,54590.72,Desert Safari,1.14,169,5071.74,Festival,Cold,Bus,2045.71,Yes,4.4,51.5,3.2,No,Poor
Chandigarh,Chandigarh,01-09-2023,2023,September,7926,3321,22233.4,Beach,1.98,156,5667.97,Food Festival,Cold,Bike,1087.75,Yes,5,70.27,3.7,Yes,Good
Chandigarh,Chandigarh,01-10-2023,2023,October,16781,4271,31581.56,Hill Station,1.5,214,6501.8,Food Festival,Cloudy,Boat,2239.22,Yes,3.5,83.29,4,No,Poor
Chandigarh,Chandigarh,01-11-2023,2023,November,34705,4641,40820.46,Backwaters,1.04,321,8504.65,Art Fair,Humid,Car,589.56,Yes,5.7,58.02,3.6,Yes,Poor
Chandigarh,Chandigarh,01-12-2023,2023,December,28135,4935,52711.95,Desert Safari,1.59,123,3894.11,Crafts Mela,Humid,Boat,898.4,Yes,4.9,86.24,3.4,No,Poor
Ladakh,Leh,01-01-2019,2019,January,35108,1788,30606.1,Temple,0.83,242,7484.5,Sports Event,Cold,Bike,5059.79,Yes,11.9,72.5,3.8,Yes,Average
Ladakh,Leh,01-02-2019,2019,February,30425,1636,35360.36,Beach,1.1,486,9735.18,Crafts Mela,Sunny,Bike,5306.07,Yes,14.1,82.48,3.2,Yes,Good
Ladakh,Leh,01-03-2019,2019,March,12665,4582,22585.71,Fort,1.31,291,3612.8,Music Festival,Snowy,Bike,6397.9,No,13.1,71.61,3.6,No,Good
Ladakh,Leh,01-04-2019,2019,April,23458,4335,30336.39,Temple,1.09,390,5065.18,Sports Event,Snowy,Bike,3403.85,No,9.2,66.47,3.6,No,Good
Ladakh,Leh,01-05-2019,2019,May,8337,3313,21866.33,River Rafting,1.88,113,4896.05,Food Festival,Sunny,Boat,6746.17,Yes,13,80.32,4.8,No,Poor
Ladakh,Leh,01-06-2019,2019,June,35568,4491,54433.04,Museum,1.36,174,8980.09,Music Festival,Rainy,Bus,5133.64,No,14.7,80.63,4,Yes,Poor
Ladakh,Leh,01-07-2019,2019,July,34424,4931,56385.94,Backwaters,1.43,184,7546.24,Festival,Humid,Car,1422.75,No,8.6,66.42,4.3,Yes,Average
Ladakh,Leh,01-08-2019,2019,August,46827,4352,47374.63,Hill Station,0.93,239,3727.47,Festival,Cloudy,Bus,3583.44,Yes,3.6,57.91,4.5,Yes,Poor
Ladakh,Leh,01-09-2019,2019,September,22399,3368,23834.55,Hill Station,0.93,310,6352.48,Festival,Sunny,Car,3839.09,No,10.5,77.56,4.8,No,Good
Ladakh,Leh,01-10-2019,2019,October,28831,3741,48722.23,Hill Station,1.5,193,8824.29,Food Festival,Sunny,Car,2805.29,Yes,3.9,60.33,4.5,No,Good
Ladakh,Leh,01-11-2019,2019,November,21494,4533,50059.41,Backwaters,1.92,496,8298.76,Dance Festival,Cloudy,Car,7515.64,Yes,9,58.55,4.9,Yes,Poor
Ladakh,Leh,01-12-2019,2019,December,8647,4884,24044.39,Temple,1.78,209,1925.17,Food Festival,Sunny,Car,3850.65,Yes,2.9,75.5,4.6,No,Poor
Ladakh,Leh,01-01-2020,2020,January,16396,3317,25732.59,River Rafting,1.31,393,6837.94,Music Festival,Cold,Flight,1635.26,No,5.1,84.51,3.8,No,Poor
Ladakh,Leh,01-02-2020,2020,February,36035,3321,57585.86,Fort,1.46,355,2190.36,Dance Festival,Humid,Bike,4944.35,No,3.4,68.56,4.4,Yes,Good
Ladakh,Leh,01-03-2020,2020,March,45486,4350,73976.4,Fort,1.48,459,7165.18,Art Fair,Cloudy,Flight,3375.45,No,9.8,68.07,4.8,No,Average
Ladakh,Leh,01-04-2020,2020,April,15993,3797,35734.01,Fort,1.81,338,2288.34,Art Fair,Rainy,Bike,2460.92,No,8.6,62.3,4.1,Yes,Poor
Ladakh,Leh,01-05-2020,2020,May,11724,4116,27914.43,Fort,1.76,405,1659.54,Religious Event,Snowy,Car,2357.48,No,3.7,91.66,3.5,Yes,Average
Ladakh,Leh,01-06-2020,2020,June,24891,4289,37542.43,Cultural Festival,1.29,358,8909.25,Dance Festival,Snowy,Bike,2050.57,Yes,11.6,79.37,3.1,No,Average
Ladakh,Leh,01-07-2020,2020,July,14849,2105,29465.98,Museum,1.74,244,8068.81,Food Festival,Humid,Flight,1400.64,No,3.4,86.37,4.9,Yes,Good
Ladakh,Leh,01-08-2020,2020,August,19415,2365,30170.23,Hill Station,1.39,441,5155.62,Crafts Mela,Snowy,Bike,7164.91,Yes,2.3,94.9,3.3,No,Poor
Ladakh,Leh,01-09-2020,2020,September,20075,3301,23474.8,Museum,1,137,2740.03,Art Fair,Cloudy,Bus,5122.41,Yes,10.8,70.29,4.9,Yes,Good
Ladakh,Leh,01-10-2020,2020,October,6525,2479,15079.76,Cultural Festival,1.67,152,5991.19,Music Festival,Rainy,Bus,7095.61,Yes,7.5,75.34,3.8,No,Poor
Ladakh,Leh,01-11-2020,2020,November,7446,3637,22241.16,River Rafting,2.01,285,2099.89,Crafts Mela,Snowy,Car,7071.8,Yes,3.2,56.86,3.8,Yes,Poor
Ladakh,Leh,01-12-2020,2020,December,19557,2130,27741.54,Beach,1.28,127,6694.58,Music Festival,Rainy,Car,2646.06,No,4.2,92.69,4.6,Yes,Poor
Ladakh,Leh,01-01-2021,2021,January,12433,2544,19795.7,River Rafting,1.32,178,4323.85,Religious Event,Rainy,Car,3682.07,No,14,89.33,3.8,Yes,Poor
Ladakh,Leh,01-02-2021,2021,February,12898,2286,25510.81,Beach,1.68,340,4224.79,Dance Festival,Cloudy,Bus,7086.2,Yes,4.3,57.8,4.7,No,Poor
Ladakh,Leh,01-03-2021,2021,March,11389,3157,19235.33,Museum,1.32,164,4467.36,Religious Event,Cloudy,Bus,7422.36,No,7,67.34,3.5,No,Average
Ladakh,Leh,01-04-2021,2021,April,18061,1554,30790.39,Temple,1.57,83,5283.95,Festival,Cloudy,Train,1088.04,No,10.9,63.48,3.3,No,Poor
Ladakh,Leh,01-05-2021,2021,May,23397,4011,46055.08,River Rafting,1.68,164,8200.19,Food Festival,Cold,Car,5669.6,Yes,13.1,90.23,4.8,Yes,Average
Ladakh,Leh,01-06-2021,2021,June,15296,3699,29959.71,Cultural Festival,1.58,51,5325.53,Music Festival,Humid,Car,6980.85,Yes,7.9,71.87,3.5,Yes,Good
Ladakh,Leh,01-07-2021,2021,July,41207,2513,56786.37,Desert Safari,1.3,259,3189.02,Sports Event,Cloudy,Boat,7998.62,No,12.4,55.48,4.6,No,Poor
Ladakh,Leh,01-08-2021,2021,August,46106,2933,69695.36,Backwaters,1.42,219,4224.02,Music Festival,Humid,Bus,6726.23,No,6.4,75.83,4.4,No,Good
Ladakh,Leh,01-09-2021,2021,September,19515,4701,37815.15,Desert Safari,1.56,305,1817.92,Crafts Mela,Humid,Flight,4842.66,No,9.6,87.64,3.1,No,Average
Ladakh,Leh,01-10-2021,2021,October,14278,1420,14868.85,Wildlife Sanctuary,0.95,172,4845.16,Music Festival,Cold,Boat,5212.27,No,5.7,83.37,3.6,No,Average
Ladakh,Leh,01-11-2021,2021,November,15435,2100,29380.65,Museum,1.68,285,2873.5,Festival,Humid,Bus,4358.7,Yes,15,69.09,4.4,Yes,Poor
Ladakh,Leh,01-12-2021,2021,December,44636,3206,33771.28,Cultural Festival,0.71,282,4531.07,Crafts Mela,Snowy,Flight,2038.07,Yes,9.4,72.9,3.9,Yes,Poor
Ladakh,Leh,01-01-2022,2022,January,5453,927,8753.22,Museum,1.37,428,6467.44,Dance Festival,Sunny,Bus,6072.68,Yes,10.4,69.65,4.4,Yes,Poor
Ladakh,Leh,01-02-2022,2022,February,33538,1102,50220.92,River Rafting,1.45,395,8311.25,Music Festival,Rainy,Train,5781.16,Yes,4.1,76.55,4.5,No,Average
Ladakh,Leh,01-03-2022,2022,March,35257,1731,33157.02,Cultural Festival,0.9,102,5460.29,Music Festival,Humid,Bus,3228.75,No,6,84.1,4.3,No,Poor
Ladakh,Leh,01-04-2022,2022,April,46977,786,50648.19,Hill Station,1.06,132,7869.29,Dance Festival,Cloudy,Bike,5478.49,No,7.5,88.55,4.4,Yes,Average
Ladakh,Leh,01-05-2022,2022,May,33025,1822,27404.22,Fort,0.79,390,2101.51,Religious Event,Sunny,Car,7027.29,Yes,2.4,56.52,3.7,No,Good
Ladakh,Leh,01-06-2022,2022,June,9437,1293,11600.7,Wildlife Sanctuary,1.08,460,2270.54,Sports Event,Snowy,Train,5040.74,No,3.7,91.75,3.1,No,Good
Ladakh,Leh,01-07-2022,2022,July,25922,2398,35544.67,Backwaters,1.26,75,5712.87,Art Fair,Rainy,Flight,3645.86,No,6.2,72.42,4.6,Yes,Poor
Ladakh,Leh,01-08-2022,2022,August,47319,1492,37243.94,Backwaters,0.76,388,8372.3,Art Fair,Humid,Bike,1042.81,Yes,11.5,84.08,3.1,Yes,Good
Ladakh,Leh,01-09-2022,2022,September,40497,4688,35986.1,Temple,0.8,274,2840.58,Music Festival,Rainy,Bike,6590.45,Yes,13.5,73.97,3.8,No,Average
Ladakh,Leh,01-10-2022,2022,October,31885,1115,30367.69,Fort,0.92,372,2354.32,Religious Event,Cloudy,Train,7169.74,Yes,11.6,93.27,4.9,Yes,Poor
Ladakh,Leh,01-11-2022,2022,November,7442,2101,14730.44,Temple,1.54,420,7207.71,Dance Festival,Rainy,Boat,6479.78,Yes,2.6,83.07,3.8,Yes,Good
Ladakh,Leh,01-12-2022,2022,December,12273,2905,24382.66,Temple,1.61,169,2127,Religious Event,Cloudy,Bus,6854.18,No,14.5,52.81,4.3,No,Poor
Ladakh,Leh,01-01-2023,2023,January,44589,3379,62993.91,Museum,1.31,360,5855.18,Crafts Mela,Sunny,Bus,2423.69,Yes,2.1,91.09,4.5,No,Good
Ladakh,Leh,01-02-2023,2023,February,21582,2684,38818.16,Fort,1.6,343,9395.3,Art Fair,Humid,Bus,3186.81,Yes,8.8,79.95,3.9,Yes,Good
Ladakh,Leh,01-03-2023,2023,March,44084,3743,71048.33,River Rafting,1.49,57,3176.35,Dance Festival,Rainy,Bus,6076.93,No,4,92.27,4.2,Yes,Good
Ladakh,Leh,01-04-2023,2023,April,27776,4199,57655.74,Temple,1.8,313,1661.91,Music Festival,Cloudy,Train,517.11,Yes,6.8,93.68,3,Yes,Poor
Ladakh,Leh,01-05-2023,2023,May,32179,1364,30659.91,Wildlife Sanctuary,0.91,94,3040.19,Crafts Mela,Rainy,Car,3208.58,No,3.9,79.38,4.9,No,Good
Ladakh,Leh,01-06-2023,2023,June,10534,548,8337.47,Backwaters,0.75,121,1608.63,Crafts Mela,Humid,Bike,4183.32,No,8.3,79.99,3.5,No,Poor
Ladakh,Leh,01-07-2023,2023,July,9675,1557,16783.7,Beach,1.49,349,2991.11,Music Festival,Rainy,Flight,610.18,No,9.5,80.64,3.2,Yes,Good
Ladakh,Leh,01-08-2023,2023,August,38599,2372,46321.74,Wildlife Sanctuary,1.13,500,2267.23,Religious Event,Cold,Bus,4231.36,No,10.6,94.14,3.1,No,Good
Ladakh,Leh,01-09-2023,2023,September,12463,1822,17102.74,Wildlife Sanctuary,1.2,300,7146.56,Crafts Mela,Rainy,Bike,4860.98,No,3.8,52.7,3.2,No,Average
Ladakh,Leh,01-10-2023,2023,October,44038,4687,67185.16,Hill Station,1.38,171,5731.91,Crafts Mela,Cold,Flight,7411.9,No,8.3,53.24,4.6,Yes,Good
Ladakh,Leh,01-11-2023,2023,November,37514,1818,42152.04,River Rafting,1.07,443,2617.13,Dance Festival,Cloudy,Car,5004.3,No,11.9,65.54,4.9,No,Average
Ladakh,Leh,01-12-2023,2023,December,23294,3211,24139.43,Backwaters,0.91,294,4687.2,Crafts Mela,Cold,Bike,4424.95,Yes,2.7,80.24,3.9,No,Poor
